CustomerKey,YearlyIncome,TotalChildren,NumberChildrenAtHome,Education,Occupation,HouseOwnerFlag,NumberCarsOwned
1,102252,2,0,Bachellors,Professional,1,0
2,60000,3,3,Bachellors,Professional,0,1
3,60000,3,3,Bachellors,Professional,1,1
4,70000,0,0,Bachellors,Professional,0,1
5,80000,5,5,Bachellors,Professional,1,4
6,70000,0,0,Bachellors,Professional,1,1
7,70000,0,0,Bachellors,Professional,1,1
8,60000,3,3,Bachellors,Professional,1,2
9,60000,4,4,Bachellors,Professional,1,3
10,70000,0,0,Bachellors,Professional,0,1
11,70000,0,0,Bachellors,Professional,0,1
12,60000,4,4,Bachellors,Professional,1,4
13,100000,2,0,Bachellors,Management,1,2
14,100000,2,0,Bachellors,Management,1,3
15,100000,3,0,Bachellors,Management,0,3
16,30000,0,0,Partial College,Skilled Manual,0,1
17,30000,0,0,Partial College,Skilled Manual,1,1
18,20000,4,0,High School,Skilled Manual,1,2
19,30000,2,0,Partial College,Clerical,1,2
20,40000,0,0,High School,Skilled Manual,0,2
21,40000,0,0,High School,Skilled Manual,0,2
22,40000,0,0,Partial College,Skilled Manual,0,1
23,40000,0,0,Partial College,Skilled Manual,1,1
24,40000,0,0,Partial College,Skilled Manual,1,1
25,60000,0,0,Partial College,Skilled Manual,1,2
26,10000,2,1,Partial High School,Clerical,1,2
27,30000,2,0,Partial College,Clerical,0,2
28,30000,2,0,Partial College,Clerical,1,2
29,30000,2,0,Partial College,Clerical,1,2
30,30000,2,0,Partial College,Clerical,1,2
31,10000,2,1,Partial High School,Clerical,1,2
32,20000,4,0,High School,Skilled Manual,1,2
33,20000,4,0,High School,Skilled Manual,1,2
34,20000,4,0,High School,Skilled Manual,1,2
35,20000,4,0,High School,Skilled Manual,1,2
36,10000,2,1,Partial High School,Clerical,1,2
37,60000,0,0,Partial College,Skilled Manual,1,2
38,40000,0,0,Partial High School,Clerical,0,2
39,10000,2,1,Partial High School,Clerical,1,2
40,30000,3,0,Partial College,Clerical,1,2
41,30000,0,0,Partial College,Skilled Manual,1,2
42,60000,0,0,Partial College,Skilled Manual,1,2
43,70000,0,0,Partial College,Skilled Manual,1,2
44,60000,0,0,Partial College,Skilled Manual,1,2
45,20000,2,1,Partial High School,Clerical,1,2
46,30000,3,0,High School,Skilled Manual,0,2
47,30000,3,0,High School,Skilled Manual,1,2
48,30000,3,0,High School,Skilled Manual,0,2
49,30000,3,0,High School,Skilled Manual,1,2
50,40000,0,0,Partial High School,Clerical,1,2
51,30000,3,0,High School,Skilled Manual,1,2
52,30000,3,0,High School,Skilled Manual,0,2
53,40000,2,0,Partial College,Clerical,0,2
54,60000,0,0,Partial College,Skilled Manual,0,2
55,40000,2,0,Partial College,Skilled Manual,1,2
56,40000,2,0,Partial College,Skilled Manual,1,2
57,40000,3,0,Partial College,Skilled Manual,1,2
58,70000,2,0,Graduate Degree,Management,1,2
59,80000,2,0,Partial College,Skilled Manual,1,2
60,80000,2,0,Partial College,Skilled Manual,1,2
61,80000,2,0,Partial College,Skilled Manual,1,2
62,80000,2,0,Partial College,Skilled Manual,1,2
63,40000,0,0,High School,Skilled Manual,1,2
64,40000,0,0,High School,Skilled Manual,1,2
65,40000,0,0,High School,Skilled Manual,1,2
66,60000,0,0,Partial College,Skilled Manual,0,2
67,70000,0,0,Partial College,Professional,1,2
68,60000,0,0,Partial College,Professional,1,2
69,80000,2,0,High School,Skilled Manual,1,2
70,80000,2,0,High School,Skilled Manual,0,2
71,80000,2,0,High School,Skilled Manual,1,2
72,80000,2,0,High School,Skilled Manual,1,2
73,80000,2,0,High School,Skilled Manual,0,2
74,70000,2,0,High School,Skilled Manual,1,2
75,70000,2,0,High School,Skilled Manual,1,2
76,80000,2,0,High School,Professional,1,2
77,80000,2,0,High School,Professional,1,2
78,80000,2,0,High School,Professional,0,2
79,40000,0,0,High School,Professional,0,2
80,160000,0,0,Graduate Degree,Management,1,2
81,170000,0,0,Graduate Degree,Management,1,2
82,120000,2,2,Bachellors,Management,1,3
83,130000,0,1,Graduate Degree,Management,0,3
84,130000,0,1,Graduate Degree,Management,1,3
85,80000,2,0,Partial High School,Skilled Manual,0,2
86,60000,2,0,High School,Professional,0,2
87,70000,2,1,Partial College,Professional,1,0
88,70000,3,2,Partial College,Professional,0,0
89,80000,2,1,Bachellors,Management,1,0
90,80000,2,1,Bachellors,Management,1,1
91,90000,2,0,Partial College,Professional,1,1
92,90000,2,0,Partial College,Professional,1,1
93,90000,2,2,Bachellors,Professional,1,0
94,100000,0,0,Graduate Degree,Management,1,0
95,70000,1,0,Partial College,Skilled Manual,0,1
96,70000,1,0,Partial College,Skilled Manual,1,1
97,60000,1,0,Bachellors,Professional,1,1
98,60000,1,0,Partial College,Skilled Manual,1,1
99,60000,1,0,Partial College,Skilled Manual,0,1
100,60000,1,0,Bachellors,Professional,1,1
101,60000,1,0,Partial College,Skilled Manual,1,1
102,70000,0,0,Bachellors,Professional,0,1
103,80000,5,5,Bachellors,Professional,1,4
104,70000,0,0,Bachellors,Professional,1,1
105,70000,0,0,Bachellors,Professional,0,1
106,70000,0,0,Bachellors,Professional,0,1
107,70000,0,0,Bachellors,Professional,0,1
108,90000,1,0,Bachellors,Professional,1,1
109,70000,0,0,Bachellors,Professional,0,2
110,70000,0,0,Bachellors,Professional,0,2
111,60000,1,0,Partial College,Skilled Manual,1,1
112,60000,1,0,Partial College,Skilled Manual,1,1
113,60000,1,0,Partial College,Skilled Manual,1,1
114,70000,5,4,Bachellors,Professional,1,2
115,70000,5,4,Partial College,Skilled Manual,1,2
116,70000,5,4,Partial College,Skilled Manual,1,2
117,70000,5,4,Partial College,Skilled Manual,1,2
118,70000,5,4,Partial College,Skilled Manual,1,3
119,80000,1,0,Partial College,Skilled Manual,0,1
120,30000,2,0,Partial College,Clerical,0,2
121,40000,2,0,Bachellors,Management,1,1
122,70000,5,4,Partial College,Skilled Manual,1,3
123,70000,5,4,Partial College,Skilled Manual,1,3
124,70000,5,4,Partial College,Skilled Manual,1,3
125,80000,1,0,Partial College,Skilled Manual,1,1
126,70000,1,0,Partial College,Skilled Manual,1,1
127,10000,2,1,High School,Skilled Manual,0,2
128,40000,0,0,High School,Skilled Manual,1,1
129,40000,0,0,High School,Skilled Manual,1,1
130,40000,0,0,High School,Skilled Manual,1,1
131,30000,0,0,High School,Skilled Manual,1,2
132,30000,0,0,High School,Skilled Manual,0,2
133,30000,0,0,High School,Skilled Manual,0,2
134,30000,0,0,Partial High School,Clerical,0,2
135,10000,5,0,High School,Skilled Manual,1,2
136,30000,0,0,Partial High School,Clerical,0,2
137,40000,0,0,High School,Skilled Manual,0,2
138,40000,0,0,High School,Skilled Manual,1,2
139,40000,0,0,High School,Skilled Manual,0,2
140,30000,2,0,Partial College,Clerical,0,2
141,30000,0,0,Partial High School,Clerical,0,2
142,40000,0,0,High School,Skilled Manual,0,2
143,40000,0,0,High School,Skilled Manual,0,2
144,40000,0,0,High School,Skilled Manual,1,2
145,40000,0,0,High School,Skilled Manual,0,2
146,40000,0,0,High School,Skilled Manual,0,2
147,40000,2,0,Bachellors,Management,1,2
148,60000,2,0,Graduate Degree,Management,1,1
149,40000,2,0,Bachellors,Management,1,2
150,40000,2,0,Bachellors,Management,1,2
151,40000,2,0,Bachellors,Management,1,2
152,60000,2,0,Graduate Degree,Management,0,1
153,40000,0,0,High School,Skilled Manual,1,2
154,40000,0,0,High School,Skilled Manual,1,2
155,40000,0,0,Partial College,Skilled Manual,1,1
156,40000,0,0,Partial College,Skilled Manual,0,1
157,40000,0,0,Partial College,Skilled Manual,0,1
158,40000,0,0,High School,Skilled Manual,1,2
159,40000,0,0,High School,Skilled Manual,1,2
160,40000,0,0,High School,Skilled Manual,0,2
161,40000,0,0,Partial College,Skilled Manual,0,1
162,40000,0,0,Partial College,Skilled Manual,0,1
163,40000,0,0,Partial College,Skilled Manual,1,1
164,40000,0,0,Partial College,Skilled Manual,1,1
165,40000,0,0,Partial College,Skilled Manual,0,1
166,60000,0,0,Partial College,Skilled Manual,0,1
167,70000,0,0,Partial College,Skilled Manual,0,2
168,80000,0,0,Bachellors,Management,0,1
169,80000,0,0,Bachellors,Management,0,1
170,90000,4,4,Bachellors,Management,1,1
171,90000,4,4,Bachellors,Management,1,1
172,100000,1,0,Bachellors,Management,1,2
173,100000,1,0,Bachellors,Management,1,2
174,110000,0,0,Graduate Degree,Management,0,4
175,110000,0,1,Graduate Degree,Management,1,0
176,70000,0,0,Partial College,Skilled Manual,1,2
177,90000,4,4,Bachellors,Management,1,1
178,110000,2,4,Graduate Degree,Management,1,2
179,100000,2,3,Graduate Degree,Management,1,3
180,120000,2,4,Graduate Degree,Management,1,3
181,160000,1,3,Bachellors,Management,1,4
182,170000,2,3,Graduate Degree,Management,1,2
183,70000,4,0,Bachellors,Management,1,2
184,70000,4,0,Bachellors,Management,1,2
185,70000,4,0,Bachellors,Management,1,2
186,70000,4,0,Bachellors,Management,1,2
187,70000,4,0,Bachellors,Management,1,2
188,60000,4,0,Graduate Degree,Management,1,2
189,60000,4,0,Graduate Degree,Management,0,2
190,60000,4,0,Graduate Degree,Management,1,2
191,70000,5,0,Bachellors,Management,1,2
192,70000,5,0,Bachellors,Management,1,3
193,60000,4,0,Bachellors,Management,1,2
194,60000,4,0,Bachellors,Management,1,2
195,60000,4,0,Bachellors,Management,1,2
196,60000,5,0,Bachellors,Management,1,3
197,60000,5,0,Bachellors,Management,1,3
198,70000,3,1,Bachellors,Management,0,1
199,70000,4,1,Bachellors,Management,1,1
200,70000,4,1,Bachellors,Management,1,1
201,70000,4,1,Bachellors,Management,1,1
202,70000,4,1,Bachellors,Management,1,1
203,80000,5,0,Bachellors,Management,0,2
204,40000,2,1,High School,Professional,1,2
205,40000,2,1,High School,Professional,1,2
206,40000,2,1,High School,Professional,1,2
207,60000,2,1,Partial College,Professional,1,1
208,60000,2,1,Partial College,Professional,1,1
209,60000,2,1,Bachellors,Management,1,0
210,60000,2,1,Bachellors,Management,1,0
211,70000,4,1,Partial College,Professional,1,2
212,40000,2,1,High School,Professional,1,2
213,40000,2,1,High School,Professional,1,2
214,60000,2,1,Partial College,Professional,1,2
215,60000,2,1,Partial College,Professional,1,2
216,40000,2,1,Partial High School,Skilled Manual,1,2
217,60000,2,1,Partial College,Professional,1,2
218,60000,2,1,Partial College,Professional,1,2
219,60000,2,1,Partial College,Professional,0,2
220,60000,2,1,High School,Professional,1,2
221,60000,2,1,Partial College,Professional,1,1
222,70000,4,2,Partial College,Professional,1,1
223,80000,3,1,Bachellors,Management,1,1
224,70000,2,1,High School,Professional,1,2
225,70000,2,1,High School,Professional,1,2
226,60000,2,1,Partial College,Professional,1,1
227,60000,2,1,Partial College,Professional,1,1
228,60000,2,1,Partial College,Professional,1,2
229,60000,2,1,Partial College,Professional,1,2
230,70000,4,2,Partial College,Professional,1,1
231,70000,4,2,Partial College,Professional,0,2
232,60000,2,1,High School,Professional,1,2
233,60000,3,1,High School,Professional,0,2
234,70000,4,2,Partial College,Professional,1,2
235,70000,4,2,Partial College,Professional,1,2
236,70000,4,2,Partial College,Professional,1,2
237,70000,5,2,Partial College,Professional,1,2
238,130000,2,3,Bachellors,Management,0,4
239,130000,2,3,Bachellors,Management,0,4
240,130000,2,4,Partial College,Professional,0,2
241,160000,2,3,Partial College,Professional,1,4
242,100000,2,3,Partial College,Professional,1,4
243,110000,2,4,Partial College,Professional,1,3
244,150000,2,3,Partial College,Professional,1,3
245,170000,2,3,Bachellors,Management,0,3
246,120000,3,4,High School,Professional,0,4
247,120000,3,4,High School,Professional,0,4
248,130000,3,4,Partial College,Professional,0,3
249,110000,3,4,Partial College,Professional,1,4
250,130000,3,4,Partial College,Professional,1,3
251,170000,3,4,High School,Professional,1,2
252,30000,4,0,High School,Professional,0,2
253,90000,3,0,Graduate Degree,Management,1,1
254,60000,2,0,Graduate Degree,Management,1,2
255,70000,4,0,Graduate Degree,Management,1,2
256,70000,4,0,Graduate Degree,Management,1,2
257,70000,4,0,Graduate Degree,Management,1,2
258,120000,1,2,Graduate Degree,Management,1,4
259,120000,1,2,Graduate Degree,Management,1,4
260,100000,4,1,Partial College,Professional,1,4
261,110000,2,2,Bachellors,Management,1,3
262,130000,1,2,Graduate Degree,Management,1,1
263,80000,4,3,Bachellors,Management,1,0
264,90000,5,5,Partial College,Professional,1,3
265,90000,5,5,Partial College,Professional,0,3
266,90000,5,5,Partial College,Professional,1,3
267,90000,0,0,Partial College,Professional,0,1
268,120000,4,2,Partial College,Professional,1,4
269,130000,2,2,Graduate Degree,Management,1,2
270,130000,2,2,Graduate Degree,Management,1,2
271,130000,2,2,Graduate Degree,Management,1,3
272,150000,2,0,Bachellors,Management,0,4
273,70000,4,3,Partial College,Professional,1,0
274,90000,2,1,Partial College,Professional,1,0
275,50000,2,0,Graduate Degree,Management,1,2
276,80000,4,0,Graduate Degree,Management,1,2
277,80000,4,3,Partial College,Professional,1,2
278,80000,4,3,Partial College,Professional,1,2
279,90000,0,0,Partial College,Professional,0,1
280,90000,0,0,Partial College,Professional,1,1
281,90000,0,0,Partial College,Professional,1,1
282,110000,4,2,Bachellors,Management,1,4
283,90000,5,4,Partial College,Professional,1,4
284,110000,1,3,Bachellors,Management,1,2
285,110000,1,3,Bachellors,Management,1,2
286,120000,1,3,Partial College,Professional,0,4
287,170000,0,0,Graduate Degree,Management,1,4
288,70000,5,4,Partial College,Professional,0,3
289,110000,1,3,Bachellors,Management,1,3
290,130000,1,3,Bachellors,Management,1,1
291,130000,1,3,Bachellors,Management,1,3
292,130000,1,3,Bachellors,Management,1,3
293,150000,1,2,Partial College,Professional,0,3
294,60000,2,0,High School,Professional,0,2
295,60000,2,0,High School,Professional,0,2
296,80000,2,0,Partial High School,Skilled Manual,1,2
297,50000,2,0,Graduate Degree,Management,1,2
298,70000,4,0,Graduate Degree,Management,1,2
299,70000,4,0,Graduate Degree,Management,1,2
300,70000,4,0,Graduate Degree,Management,1,2
301,80000,5,4,Partial College,Professional,0,3
302,80000,5,4,Partial College,Professional,1,4
303,90000,4,3,High School,Professional,0,3
304,90000,4,3,High School,Professional,0,3
305,100000,0,3,Partial College,Professional,1,0
306,110000,3,3,Partial College,Professional,0,4
307,110000,3,3,Partial College,Professional,0,4
308,80000,2,0,Partial High School,Skilled Manual,1,2
309,60000,2,0,High School,Professional,0,2
310,60000,2,0,High School,Professional,1,2
311,70000,3,0,Graduate Degree,Management,1,2
312,70000,3,0,Graduate Degree,Management,0,2
313,70000,3,0,Graduate Degree,Management,1,2
314,70000,3,0,Graduate Degree,Management,1,2
315,70000,3,0,Graduate Degree,Management,0,2
316,70000,3,0,Graduate Degree,Management,0,2
317,60000,3,0,Graduate Degree,Management,1,2
318,40000,3,0,Partial College,Professional,0,2
319,40000,3,0,Partial College,Professional,0,2
320,70000,4,0,Graduate Degree,Management,0,2
321,80000,4,0,Graduate Degree,Management,1,2
322,90000,5,0,Bachellors,Management,1,2
323,90000,5,0,Bachellors,Management,1,2
324,120000,2,4,Graduate Degree,Management,1,3
325,90000,5,0,Bachellors,Management,1,2
326,90000,5,0,Bachellors,Management,1,2
327,130000,2,3,Bachellors,Management,1,4
328,90000,5,0,Bachellors,Management,1,2
329,90000,5,0,Bachellors,Management,1,2
330,90000,5,0,Bachellors,Management,1,2
331,110000,2,4,Graduate Degree,Management,1,1
332,90000,4,4,Partial College,Skilled Manual,1,2
333,10000,1,0,Graduate Degree,Manual,1,0
334,20000,1,0,Graduate Degree,Clerical,1,0
335,10000,1,0,Bachellors,Manual,1,0
336,10000,1,0,Bachellors,Manual,1,0
337,20000,1,0,Graduate Degree,Clerical,1,0
338,10000,1,0,Bachellors,Manual,1,0
339,20000,1,0,Graduate Degree,Clerical,1,0
340,20000,1,0,Graduate Degree,Clerical,1,0
341,10000,1,0,Graduate Degree,Clerical,1,0
342,20000,1,0,Graduate Degree,Clerical,1,0
343,30000,5,0,Graduate Degree,Clerical,1,0
344,10000,1,0,Bachellors,Manual,1,0
345,10000,1,0,Partial College,Manual,1,0
346,10000,1,0,Partial College,Manual,1,0
347,10000,2,0,Partial College,Manual,1,1
348,10000,2,0,Partial College,Manual,1,1
349,10000,2,0,Partial College,Manual,1,1
350,10000,2,0,Partial College,Manual,1,1
351,30000,1,0,Graduate Degree,Clerical,1,0
352,20000,1,0,Bachellors,Clerical,1,0
353,10000,2,0,Partial College,Manual,1,1
354,30000,1,0,Bachellors,Clerical,1,0
355,20000,1,0,Partial College,Manual,1,0
356,40000,1,0,Graduate Degree,Clerical,1,0
357,10000,0,0,Partial College,Manual,0,1
358,10000,0,0,Partial College,Manual,0,1
359,10000,0,0,Partial College,Manual,0,1
360,10000,0,0,Partial College,Manual,0,1
361,10000,0,0,Partial College,Manual,1,1
362,10000,0,0,High School,Manual,1,2
363,10000,0,0,High School,Manual,0,2
364,10000,0,0,High School,Manual,0,2
365,10000,1,1,High School,Manual,0,0
366,10000,1,1,High School,Manual,0,0
367,20000,0,0,Bachellors,Clerical,1,0
368,20000,0,0,Bachellors,Clerical,1,0
369,10000,1,1,High School,Manual,0,0
370,20000,0,0,Bachellors,Clerical,0,0
371,20000,0,0,Bachellors,Clerical,1,0
372,20000,0,0,Bachellors,Clerical,1,0
373,20000,0,0,Bachellors,Clerical,1,0
374,30000,1,0,Bachellors,Clerical,1,0
375,30000,1,0,Bachellors,Clerical,1,0
376,30000,1,0,Bachellors,Clerical,1,0
377,40000,1,0,Graduate Degree,Clerical,1,0
378,30000,4,0,Graduate Degree,Clerical,1,0
379,10000,1,1,High School,Manual,0,1
380,10000,1,1,High School,Manual,1,1
381,20000,2,0,Partial College,Manual,1,1
382,20000,2,0,Partial College,Manual,1,1
383,20000,2,0,Partial College,Manual,1,1
384,30000,3,0,Graduate Degree,Clerical,1,0
385,30000,3,0,Bachellors,Clerical,1,0
386,30000,3,0,Bachellors,Clerical,1,0
387,30000,3,0,Bachellors,Clerical,1,0
388,40000,3,0,Graduate Degree,Clerical,1,0
389,40000,3,0,Graduate Degree,Clerical,1,0
390,10000,1,1,High School,Manual,0,1
391,10000,1,1,High School,Manual,0,1
392,10000,2,2,High School,Manual,1,0
393,10000,2,2,High School,Manual,1,0
394,10000,2,2,High School,Manual,1,0
395,10000,2,2,High School,Manual,1,0
396,30000,0,0,Bachellors,Clerical,1,0
397,10000,2,2,High School,Manual,0,1
398,20000,0,0,Partial College,Manual,0,1
399,30000,0,0,Bachellors,Clerical,1,0
400,30000,1,0,Bachellors,Clerical,1,0
401,40000,0,0,Graduate Degree,Clerical,1,0
402,40000,0,0,Graduate Degree,Clerical,1,0
403,40000,0,0,Graduate Degree,Clerical,1,0
404,40000,0,0,Graduate Degree,Clerical,1,0
405,10000,3,0,Partial College,Manual,0,2
406,10000,3,0,Partial College,Manual,0,2
407,20000,2,0,Partial College,Manual,1,1
408,20000,2,0,Partial College,Manual,1,1
409,10000,2,1,High School,Manual,0,2
410,10000,2,2,High School,Manual,1,1
411,20000,1,1,Partial College,Manual,1,0
412,80000,3,2,Partial College,Professional,0,1
413,80000,4,2,Partial College,Professional,1,1
414,80000,4,2,Partial College,Professional,0,1
415,80000,4,2,Partial College,Professional,1,1
416,90000,5,0,Partial College,Professional,0,2
417,60000,3,1,Partial High School,Skilled Manual,1,4
418,70000,5,1,High School,Professional,1,2
419,90000,5,0,Partial College,Professional,0,2
420,150000,3,4,Graduate Degree,Management,1,4
421,100000,2,3,Bachellors,Management,1,4
422,110000,3,4,Bachellors,Management,1,4
423,170000,4,4,Bachellors,Management,1,3
424,80000,4,2,Partial College,Professional,0,1
425,80000,4,2,Partial College,Professional,1,2
426,90000,4,2,High School,Professional,1,2
427,110000,3,4,Bachellors,Management,1,4
428,110000,2,5,Partial College,Professional,1,2
429,120000,2,5,Bachellors,Management,1,2
430,80000,4,1,Partial College,Professional,1,2
431,90000,4,1,High School,Professional,1,2
432,110000,4,5,Partial College,Professional,1,2
433,80000,4,2,High School,Professional,1,2
434,80000,5,2,High School,Professional,0,2
435,170000,5,5,Partial College,Professional,1,4
436,100000,3,4,Partial College,Management,1,4
437,160000,3,5,Partial College,Management,0,4
438,90000,4,1,High School,Management,1,3
439,130000,4,5,High School,Management,1,4
440,90000,4,1,High School,Management,0,3
441,80000,5,0,Partial High School,Skilled Manual,0,2
442,90000,5,0,Partial High School,Skilled Manual,0,2
443,90000,5,0,Partial High School,Skilled Manual,1,2
444,60000,0,0,Bachellors,Professional,0,4
445,70000,0,0,Bachellors,Professional,1,3
446,70000,0,0,Bachellors,Professional,0,3
447,70000,0,0,Bachellors,Professional,0,3
448,70000,0,0,Bachellors,Professional,1,4
449,80000,0,0,Bachellors,Professional,1,3
450,80000,0,0,Bachellors,Professional,1,3
451,130000,4,5,High School,Management,1,4
452,70000,0,0,Bachellors,Professional,0,4
453,80000,0,0,Bachellors,Professional,0,3
454,80000,0,0,Bachellors,Professional,0,3
455,80000,0,0,Bachellors,Professional,0,3
456,100000,0,5,High School,Management,1,2
457,120000,5,5,Partial High School,Professional,1,4
458,90000,0,0,Bachellors,Professional,1,3
459,100000,0,5,High School,Management,1,2
460,80000,0,0,Bachellors,Professional,0,3
461,90000,0,0,Bachellors,Professional,0,3
462,90000,0,0,Bachellors,Professional,0,3
463,110000,0,5,High School,Management,1,4
464,110000,0,5,High School,Management,0,4
465,90000,0,0,Bachellors,Professional,1,4
466,90000,0,0,Bachellors,Professional,0,4
467,150000,0,5,Partial High School,Management,1,4
468,170000,1,5,Graduate Degree,Management,1,4
469,40000,1,1,Bachellors,Skilled Manual,1,0
470,10000,0,0,Partial High School,Manual,0,2
471,20000,0,0,Partial High School,Manual,0,2
472,30000,0,0,Partial College,Clerical,1,1
473,60000,3,2,Bachellors,Professional,1,2
474,20000,0,0,Partial High School,Manual,0,2
475,20000,0,0,Partial High School,Manual,1,2
476,30000,0,0,High School,Manual,0,1
477,40000,1,1,Bachellors,Skilled Manual,1,0
478,30000,0,0,High School,Manual,0,1
479,30000,0,0,High School,Manual,0,1
480,40000,1,1,Bachellors,Skilled Manual,1,0
481,40000,1,1,Bachellors,Skilled Manual,1,0
482,40000,1,1,Bachellors,Skilled Manual,1,0
483,30000,0,0,High School,Manual,0,1
484,40000,1,1,Bachellors,Skilled Manual,1,1
485,40000,2,2,Partial College,Clerical,1,0
486,40000,2,2,Partial College,Clerical,0,0
487,10000,0,0,Partial High School,Manual,1,2
488,10000,0,0,Partial High School,Manual,0,2
489,20000,0,0,Partial High School,Manual,1,2
490,20000,0,0,Partial High School,Manual,0,2
491,20000,0,0,Partial High School,Manual,0,2
492,20000,0,0,Partial High School,Manual,0,2
493,30000,0,0,High School,Manual,0,1
494,40000,2,2,Partial College,Clerical,1,0
495,40000,2,2,Partial College,Clerical,1,0
496,40000,2,2,Partial College,Clerical,1,1
497,40000,2,2,Partial College,Clerical,1,2
498,40000,2,2,Partial College,Clerical,1,2
499,40000,3,3,Partial College,Clerical,1,2
500,40000,3,3,Partial College,Clerical,1,2
501,40000,0,0,Graduate Degree,Skilled Manual,1,0
502,40000,3,3,Partial College,Clerical,1,2
503,40000,4,4,Partial College,Clerical,1,1
504,50000,1,0,Graduate Degree,Skilled Manual,1,0
505,40000,1,0,Bachellors,Skilled Manual,1,1
506,60000,0,0,Graduate Degree,Skilled Manual,1,0
507,60000,0,0,Graduate Degree,Skilled Manual,0,0
508,60000,0,0,Graduate Degree,Skilled Manual,1,0
509,60000,0,0,Graduate Degree,Skilled Manual,1,0
510,30000,1,0,Bachellors,Skilled Manual,1,1
511,30000,1,0,Bachellors,Skilled Manual,1,1
512,30000,1,0,Bachellors,Skilled Manual,1,1
513,20000,3,0,Partial High School,Manual,1,2
514,20000,3,0,Partial High School,Manual,0,2
515,30000,1,0,High School,Clerical,1,1
516,30000,1,0,High School,Clerical,1,1
517,30000,1,0,High School,Clerical,1,1
518,40000,1,0,Partial College,Clerical,1,1
519,40000,1,0,Partial College,Clerical,1,1
520,40000,1,0,Partial College,Clerical,1,1
521,40000,1,0,Partial College,Clerical,1,1
522,40000,1,0,Partial College,Clerical,1,1
523,80000,5,0,Graduate Degree,Skilled Manual,1,0
524,40000,1,0,Partial College,Clerical,1,1
525,40000,1,0,Partial College,Clerical,1,1
526,40000,1,0,Partial College,Clerical,1,1
527,40000,1,0,Partial College,Clerical,1,1
528,40000,1,0,Partial College,Clerical,1,1
529,40000,1,0,Partial College,Clerical,1,1
530,40000,1,0,Partial College,Clerical,1,1
531,40000,1,0,Partial College,Clerical,1,1
532,40000,1,0,Partial College,Clerical,1,1
533,40000,1,0,Partial College,Clerical,1,1
534,40000,1,0,Partial College,Clerical,1,1
535,60000,4,0,Graduate Degree,Skilled Manual,1,0
536,60000,4,0,Graduate Degree,Skilled Manual,1,0
537,60000,4,0,Graduate Degree,Skilled Manual,1,0
538,60000,4,0,Graduate Degree,Skilled Manual,1,0
539,60000,4,0,Graduate Degree,Skilled Manual,0,0
540,60000,4,0,Graduate Degree,Skilled Manual,1,0
541,60000,4,0,Graduate Degree,Skilled Manual,1,0
542,60000,4,0,Graduate Degree,Skilled Manual,0,0
543,20000,1,1,Partial College,Manual,0,0
544,20000,1,1,Partial College,Manual,1,1
545,30000,1,0,Bachellors,Clerical,1,0
546,30000,1,0,Bachellors,Clerical,1,0
547,30000,1,1,Bachellors,Clerical,1,0
548,40000,0,0,Graduate Degree,Clerical,1,0
549,40000,0,0,Graduate Degree,Clerical,1,0
550,40000,0,0,Bachellors,Clerical,1,0
551,40000,0,0,Bachellors,Clerical,1,0
552,10000,3,3,High School,Manual,1,1
553,20000,1,1,Partial College,Manual,0,1
554,20000,1,1,Partial College,Manual,1,1
555,10000,4,0,High School,Manual,1,2
556,40000,1,0,Bachellors,Clerical,1,0
557,20000,1,1,Partial College,Manual,1,1
558,30000,1,1,Bachellors,Clerical,0,0
559,30000,1,1,Bachellors,Clerical,0,0
560,30000,1,1,Bachellors,Clerical,0,1
561,30000,1,1,Bachellors,Clerical,0,1
562,10000,5,5,Partial High School,Manual,1,2
563,20000,1,1,High School,Manual,1,1
564,20000,1,1,High School,Manual,0,1
565,20000,1,1,High School,Manual,0,2
566,20000,2,2,High School,Manual,1,0
567,40000,0,0,Bachellors,Clerical,1,0
568,40000,0,0,Bachellors,Clerical,1,0
569,20000,2,2,High School,Manual,1,0
570,30000,1,1,Bachellors,Clerical,1,1
571,30000,1,1,Bachellors,Skilled Manual,1,2
572,30000,1,1,Bachellors,Skilled Manual,1,2
573,30000,1,1,Bachellors,Skilled Manual,1,2
574,20000,2,2,High School,Manual,1,1
575,20000,2,2,High School,Manual,1,1
576,20000,2,2,High School,Manual,1,2
577,30000,1,1,Bachellors,Skilled Manual,1,2
578,30000,1,1,Bachellors,Skilled Manual,1,2
579,10000,3,2,Partial High School,Manual,1,2
580,20000,3,3,High School,Manual,1,1
581,30000,1,0,Bachellors,Skilled Manual,1,1
582,40000,0,0,Bachellors,Professional,1,0
583,30000,2,2,Partial College,Clerical,1,0
584,30000,2,2,Partial College,Clerical,1,0
585,40000,1,0,Bachellors,Skilled Manual,1,0
586,40000,1,0,Bachellors,Skilled Manual,1,0
587,40000,1,0,Bachellors,Skilled Manual,1,0
588,30000,2,2,Partial College,Clerical,1,2
589,30000,2,2,Partial College,Clerical,0,2
590,40000,1,0,Bachellors,Skilled Manual,1,0
591,30000,2,2,Partial College,Clerical,1,2
592,30000,3,3,Partial College,Clerical,1,0
593,20000,0,0,High School,Manual,0,1
594,20000,0,0,High School,Manual,1,1
595,20000,4,4,High School,Manual,1,2
596,20000,5,5,High School,Manual,1,3
597,40000,1,0,Bachellors,Skilled Manual,1,0
598,30000,3,3,Partial College,Clerical,1,2
599,30000,3,3,Partial College,Clerical,1,3
600,20000,0,0,High School,Manual,0,1
601,30000,0,0,Partial College,Clerical,0,1
602,30000,0,0,Partial College,Clerical,1,1
603,30000,0,0,Partial College,Clerical,0,1
604,30000,0,0,Partial College,Clerical,0,1
605,30000,0,0,Partial College,Clerical,1,1
606,20000,0,0,High School,Manual,0,1
607,10000,0,0,Partial High School,Manual,0,2
608,20000,0,0,High School,Manual,1,1
609,20000,0,0,High School,Manual,0,1
610,30000,0,0,Partial College,Clerical,0,1
611,30000,0,0,Partial College,Clerical,0,1
612,20000,0,0,Partial High School,Manual,0,1
613,20000,0,0,Partial High School,Manual,0,2
614,30000,0,0,Partial College,Clerical,0,1
615,30000,0,0,Partial College,Clerical,0,1
616,40000,1,1,Bachellors,Skilled Manual,1,0
617,40000,1,1,Bachellors,Skilled Manual,1,0
618,60000,4,0,Graduate Degree,Skilled Manual,0,0
619,60000,4,0,Graduate Degree,Skilled Manual,1,0
620,50000,0,0,Graduate Degree,Skilled Manual,1,0
621,50000,0,0,Graduate Degree,Skilled Manual,1,0
622,50000,0,0,Graduate Degree,Skilled Manual,0,0
623,50000,0,0,Graduate Degree,Skilled Manual,1,0
624,50000,1,0,Graduate Degree,Skilled Manual,1,0
625,50000,1,0,Graduate Degree,Skilled Manual,1,0
626,50000,1,0,Graduate Degree,Skilled Manual,1,0
627,50000,1,0,Graduate Degree,Skilled Manual,1,0
628,60000,1,0,Graduate Degree,Skilled Manual,1,0
629,40000,1,0,Graduate Degree,Skilled Manual,1,0
630,40000,4,4,High School,Skilled Manual,1,3
631,60000,1,0,Graduate Degree,Skilled Manual,1,0
632,60000,1,1,Graduate Degree,Skilled Manual,1,0
633,60000,1,1,Graduate Degree,Skilled Manual,1,0
634,40000,1,1,Bachellors,Skilled Manual,1,0
635,60000,1,0,Graduate Degree,Skilled Manual,1,0
636,60000,1,0,Graduate Degree,Skilled Manual,1,0
637,60000,1,0,Graduate Degree,Professional,1,0
638,70000,1,0,Graduate Degree,Professional,1,0
639,70000,1,0,Graduate Degree,Professional,1,0
640,70000,1,0,Graduate Degree,Professional,1,0
641,50000,1,1,Bachellors,Skilled Manual,1,0
642,50000,1,1,Bachellors,Skilled Manual,1,0
643,50000,1,1,Bachellors,Skilled Manual,1,1
644,50000,1,1,Bachellors,Skilled Manual,1,1
645,40000,2,2,Bachellors,Skilled Manual,1,0
646,40000,2,2,Bachellors,Skilled Manual,1,0
647,40000,2,2,Bachellors,Skilled Manual,1,0
648,40000,2,2,Bachellors,Skilled Manual,0,0
649,60000,1,0,Graduate Degree,Professional,1,0
650,60000,1,0,Graduate Degree,Professional,1,0
651,60000,1,0,Graduate Degree,Professional,1,0
652,60000,1,0,Graduate Degree,Professional,1,0
653,60000,1,0,Graduate Degree,Professional,1,0
654,60000,1,0,Graduate Degree,Professional,1,0
655,60000,1,0,Graduate Degree,Professional,1,0
656,70000,2,0,Graduate Degree,Professional,1,0
657,70000,3,0,Graduate Degree,Professional,1,0
658,70000,3,0,Graduate Degree,Professional,1,0
659,60000,1,0,Graduate Degree,Professional,1,0
660,60000,1,0,Graduate Degree,Professional,1,0
661,60000,1,0,Graduate Degree,Professional,1,0
662,60000,1,0,Graduate Degree,Professional,1,0
663,60000,2,0,Graduate Degree,Professional,1,0
664,70000,4,0,Graduate Degree,Professional,1,0
665,70000,4,0,Graduate Degree,Professional,1,0
666,70000,4,0,Graduate Degree,Professional,1,0
667,80000,2,0,Graduate Degree,Professional,1,0
668,70000,2,2,Bachellors,Skilled Manual,1,1
669,70000,2,2,Bachellors,Skilled Manual,1,1
670,70000,2,2,Bachellors,Skilled Manual,1,1
671,70000,2,2,Bachellors,Skilled Manual,1,1
672,60000,3,3,Bachellors,Skilled Manual,0,0
673,60000,3,3,Bachellors,Skilled Manual,1,1
674,60000,3,3,Bachellors,Skilled Manual,1,1
675,60000,0,0,Graduate Degree,Professional,1,0
676,70000,4,0,Graduate Degree,Professional,1,0
677,80000,0,0,Graduate Degree,Professional,1,0
678,60000,2,0,Graduate Degree,Professional,1,0
679,70000,5,0,Graduate Degree,Professional,1,0
680,70000,5,5,Graduate Degree,Professional,1,2
681,70000,5,5,Graduate Degree,Professional,1,2
682,70000,5,5,Graduate Degree,Professional,1,2
683,70000,5,5,Graduate Degree,Professional,0,2
684,80000,2,0,Graduate Degree,Professional,1,0
685,40000,0,0,Bachellors,Professional,0,1
686,40000,0,0,Bachellors,Professional,0,1
687,40000,0,0,Bachellors,Professional,0,1
688,40000,0,0,Bachellors,Professional,0,1
689,80000,3,3,Bachellors,Skilled Manual,1,2
690,80000,3,3,Bachellors,Skilled Manual,1,2
691,60000,0,0,Graduate Degree,Professional,1,0
692,40000,0,0,Bachellors,Professional,0,1
693,40000,0,0,Bachellors,Professional,0,1
694,50000,4,4,Bachellors,Skilled Manual,0,2
695,50000,4,4,Bachellors,Skilled Manual,1,4
696,50000,5,5,Bachellors,Skilled Manual,1,3
697,50000,5,5,Bachellors,Skilled Manual,1,3
698,50000,4,2,Bachellors,Skilled Manual,1,2
699,50000,4,2,Bachellors,Skilled Manual,1,2
700,60000,4,2,Bachellors,Skilled Manual,0,2
701,60000,4,2,Bachellors,Professional,0,2
702,60000,4,2,Bachellors,Professional,1,2
703,60000,4,2,Bachellors,Professional,1,2
704,60000,0,0,Bachellors,Professional,0,1
705,60000,0,0,Bachellors,Professional,0,1
706,60000,2,2,Graduate Degree,Professional,1,0
707,60000,4,2,Bachellors,Professional,1,2
708,60000,4,2,Bachellors,Professional,1,3
709,60000,4,2,Bachellors,Professional,1,3
710,60000,3,2,Graduate Degree,Professional,0,0
711,40000,3,2,High School,Skilled Manual,1,2
712,70000,1,0,Bachellors,Professional,0,1
713,70000,1,0,Partial College,Skilled Manual,1,1
714,70000,1,0,Partial College,Skilled Manual,1,1
715,70000,1,0,Partial College,Skilled Manual,1,1
716,70000,1,0,Partial College,Skilled Manual,1,1
717,40000,4,2,High School,Skilled Manual,1,2
718,60000,1,0,Partial College,Skilled Manual,0,1
719,60000,1,0,Partial College,Skilled Manual,1,1
720,40000,4,2,High School,Skilled Manual,1,2
721,40000,4,2,High School,Skilled Manual,1,2
722,40000,4,2,High School,Skilled Manual,1,2
723,60000,1,0,Partial College,Skilled Manual,1,1
724,70000,0,0,Partial College,Skilled Manual,0,1
725,70000,0,0,Partial College,Skilled Manual,0,1
726,70000,0,0,Partial College,Skilled Manual,0,1
727,70000,0,0,Partial College,Skilled Manual,0,1
728,60000,0,0,Graduate Degree,Professional,0,1
729,60000,1,0,Partial College,Skilled Manual,1,1
730,60000,1,0,Partial College,Skilled Manual,1,1
731,60000,1,0,Partial College,Skilled Manual,1,1
732,60000,1,0,Partial College,Skilled Manual,1,1
733,60000,1,0,Partial College,Skilled Manual,1,1
734,60000,1,0,Partial College,Skilled Manual,1,1
735,60000,1,0,Partial College,Skilled Manual,0,1
736,60000,1,0,Partial College,Skilled Manual,1,1
737,60000,1,0,Partial College,Skilled Manual,0,1
738,60000,4,3,Bachellors,Professional,1,0
739,60000,4,3,Bachellors,Professional,1,0
740,70000,2,0,Graduate Degree,Professional,1,1
741,70000,5,5,Graduate Degree,Professional,0,3
742,80000,4,0,Graduate Degree,Professional,1,0
743,60000,3,2,Bachellors,Professional,0,1
744,60000,1,0,Bachellors,Professional,1,1
745,60000,1,0,Bachellors,Professional,1,1
746,60000,1,0,Bachellors,Professional,1,1
747,60000,1,0,Bachellors,Professional,1,1
748,70000,5,4,Graduate Degree,Professional,1,1
749,70000,5,4,Graduate Degree,Professional,1,1
750,80000,4,4,Graduate Degree,Management,0,1
751,60000,2,2,Bachellors,Professional,1,1
752,80000,4,4,Graduate Degree,Management,1,1
753,80000,4,4,Graduate Degree,Management,1,1
754,80000,4,4,Graduate Degree,Management,1,1
755,90000,2,0,Bachellors,Professional,1,0
756,60000,2,2,Bachellors,Professional,1,1
757,60000,2,2,Bachellors,Professional,0,1
758,70000,5,5,Bachellors,Professional,1,3
759,70000,5,5,Bachellors,Professional,1,3
760,110000,1,0,Graduate Degree,Management,0,1
761,70000,5,5,Bachellors,Professional,1,4
762,70000,5,5,Bachellors,Professional,1,4
763,70000,5,5,Bachellors,Professional,1,4
764,80000,5,5,Graduate Degree,Management,1,2
765,80000,5,5,Graduate Degree,Management,1,3
766,80000,5,5,Bachellors,Professional,1,3
767,90000,0,0,Bachellors,Professional,0,0
768,90000,0,0,Bachellors,Professional,0,0
769,90000,2,0,Bachellors,Professional,1,0
770,50000,0,0,Graduate Degree,Skilled Manual,1,0
771,50000,0,0,Graduate Degree,Skilled Manual,0,0
772,50000,0,0,Graduate Degree,Skilled Manual,0,0
773,50000,1,0,Graduate Degree,Skilled Manual,1,0
774,50000,1,0,Graduate Degree,Skilled Manual,1,0
775,50000,1,0,Graduate Degree,Skilled Manual,1,0
776,50000,1,0,Graduate Degree,Skilled Manual,1,0
777,50000,1,0,Graduate Degree,Skilled Manual,1,0
778,40000,1,0,Graduate Degree,Skilled Manual,1,0
779,60000,1,0,Graduate Degree,Skilled Manual,1,0
780,60000,1,0,Graduate Degree,Skilled Manual,1,0
781,60000,1,0,Graduate Degree,Skilled Manual,1,0
782,60000,1,1,Graduate Degree,Skilled Manual,1,0
783,60000,1,1,Graduate Degree,Skilled Manual,1,0
784,60000,1,1,Graduate Degree,Skilled Manual,1,0
785,40000,1,1,Graduate Degree,Skilled Manual,1,0
786,40000,1,1,Bachellors,Skilled Manual,1,0
787,60000,1,0,Graduate Degree,Skilled Manual,1,0
788,60000,1,0,Graduate Degree,Skilled Manual,1,0
789,70000,1,0,Graduate Degree,Professional,1,0
790,50000,1,1,Bachellors,Skilled Manual,1,0
791,50000,1,1,Bachellors,Skilled Manual,1,0
792,60000,1,0,Graduate Degree,Professional,1,0
793,40000,1,1,Bachellors,Skilled Manual,1,1
794,40000,1,1,Bachellors,Skilled Manual,1,1
795,40000,2,2,Bachellors,Skilled Manual,1,0
796,40000,2,2,Bachellors,Skilled Manual,1,0
797,40000,2,2,Bachellors,Skilled Manual,0,0
798,40000,2,2,Bachellors,Skilled Manual,1,0
799,40000,2,2,Bachellors,Skilled Manual,1,0
800,40000,2,2,Bachellors,Skilled Manual,1,0
801,60000,1,0,Graduate Degree,Professional,1,0
802,60000,1,0,Graduate Degree,Professional,1,0
803,60000,1,0,Graduate Degree,Professional,1,0
804,60000,1,0,Graduate Degree,Professional,1,0
805,60000,1,0,Graduate Degree,Professional,1,0
806,70000,2,0,Graduate Degree,Professional,1,0
807,70000,2,0,Graduate Degree,Professional,1,0
808,70000,3,0,Graduate Degree,Professional,1,0
809,60000,1,0,Graduate Degree,Professional,1,0
810,60000,2,2,Bachellors,Skilled Manual,1,0
811,40000,0,0,Bachellors,Professional,0,1
812,40000,0,0,Bachellors,Professional,1,1
813,40000,0,0,Bachellors,Professional,0,1
814,40000,0,0,Bachellors,Professional,0,1
815,60000,2,0,Graduate Degree,Professional,1,0
816,70000,3,0,Graduate Degree,Professional,1,0
817,70000,4,0,Graduate Degree,Professional,1,0
818,70000,4,0,Graduate Degree,Professional,1,0
819,70000,4,0,Graduate Degree,Professional,1,0
820,70000,2,2,Bachellors,Skilled Manual,1,1
821,60000,0,0,Graduate Degree,Professional,1,0
822,60000,0,0,Graduate Degree,Professional,1,0
823,60000,0,0,Graduate Degree,Professional,1,0
824,70000,0,0,Graduate Degree,Professional,1,0
825,70000,4,0,Graduate Degree,Professional,1,0
826,70000,5,0,Graduate Degree,Professional,1,0
827,70000,5,0,Graduate Degree,Professional,1,0
828,60000,2,0,Graduate Degree,Professional,1,0
829,70000,5,5,Graduate Degree,Professional,1,2
830,70000,5,5,Graduate Degree,Professional,1,2
831,80000,3,0,Graduate Degree,Professional,1,0
832,80000,3,0,Graduate Degree,Professional,1,0
833,40000,0,0,Bachellors,Professional,0,1
834,80000,3,3,Bachellors,Skilled Manual,1,1
835,80000,3,3,Bachellors,Skilled Manual,0,1
836,80000,3,3,Bachellors,Skilled Manual,1,2
837,80000,3,3,Bachellors,Skilled Manual,1,2
838,80000,3,3,Bachellors,Skilled Manual,1,2
839,80000,3,3,Bachellors,Skilled Manual,0,2
840,60000,0,0,Graduate Degree,Professional,1,1
841,60000,0,0,Graduate Degree,Professional,1,1
842,40000,0,0,Bachellors,Professional,0,1
843,50000,4,4,Bachellors,Skilled Manual,1,3
844,50000,4,4,Bachellors,Skilled Manual,0,3
845,50000,4,4,Bachellors,Skilled Manual,1,3
846,30000,2,0,High School,Skilled Manual,0,2
847,50000,4,2,Bachellors,Skilled Manual,1,2
848,50000,4,2,Bachellors,Skilled Manual,0,2
849,50000,4,2,Bachellors,Skilled Manual,1,2
850,50000,4,2,Bachellors,Skilled Manual,1,2
851,50000,4,2,Bachellors,Skilled Manual,1,2
852,60000,4,2,Bachellors,Professional,1,2
853,60000,4,2,Bachellors,Professional,0,2
854,60000,0,0,Bachellors,Professional,1,1
855,60000,2,2,Graduate Degree,Professional,0,0
856,60000,4,2,Bachellors,Professional,1,4
857,60000,3,2,Graduate Degree,Professional,1,0
858,60000,3,2,Graduate Degree,Professional,0,0
859,40000,3,2,High School,Skilled Manual,1,2
860,70000,1,0,Partial College,Skilled Manual,1,1
861,70000,1,0,Partial College,Skilled Manual,1,1
862,70000,1,0,Partial College,Skilled Manual,1,1
863,40000,4,2,High School,Skilled Manual,1,2
864,60000,1,0,Partial College,Skilled Manual,1,1
865,60000,1,0,Partial College,Skilled Manual,1,1
866,60000,1,0,Partial College,Skilled Manual,1,1
867,60000,1,0,Partial College,Skilled Manual,0,1
868,40000,4,2,High School,Skilled Manual,1,2
869,70000,0,0,Partial College,Skilled Manual,1,1
870,70000,0,0,Partial College,Skilled Manual,0,1
871,70000,0,0,Partial College,Skilled Manual,0,1
872,70000,0,0,Partial College,Skilled Manual,0,1
873,60000,0,0,Graduate Degree,Professional,0,1
874,60000,0,0,Graduate Degree,Professional,0,1
875,60000,0,0,Bachellors,Professional,0,1
876,60000,1,0,Partial College,Skilled Manual,0,1
877,60000,1,0,Partial College,Skilled Manual,1,1
878,60000,1,0,Partial College,Skilled Manual,1,1
879,60000,1,0,Partial College,Skilled Manual,1,1
880,60000,1,0,Partial College,Skilled Manual,1,1
881,60000,1,0,Partial College,Skilled Manual,1,1
882,60000,4,3,Bachellors,Professional,1,0
883,60000,4,3,Bachellors,Professional,1,0
884,70000,5,5,Graduate Degree,Professional,1,3
885,80000,5,0,Graduate Degree,Professional,1,0
886,80000,2,0,Graduate Degree,Professional,1,0
887,60000,3,2,Bachellors,Professional,1,1
888,60000,1,0,Bachellors,Professional,1,1
889,60000,1,0,Bachellors,Professional,1,1
890,60000,1,0,Bachellors,Professional,1,1
891,70000,5,4,Graduate Degree,Professional,1,1
892,70000,5,4,Graduate Degree,Professional,1,2
893,90000,1,0,Graduate Degree,Management,1,0
894,90000,2,0,Graduate Degree,Management,1,0
895,100000,1,0,Graduate Degree,Management,1,0
896,100000,1,0,Graduate Degree,Management,1,0
897,100000,1,0,Graduate Degree,Management,1,0
898,60000,2,2,Bachellors,Professional,0,1
899,80000,4,4,Graduate Degree,Management,1,1
900,80000,4,4,Graduate Degree,Management,1,1
901,90000,2,0,Bachellors,Professional,1,0
902,60000,2,2,Bachellors,Professional,0,1
903,70000,5,5,Bachellors,Professional,1,3
904,110000,1,0,Graduate Degree,Management,1,0
905,110000,1,0,Graduate Degree,Management,1,1
906,110000,1,0,Graduate Degree,Management,1,1
907,80000,5,5,Graduate Degree,Management,1,3
908,80000,5,5,Graduate Degree,Management,1,3
909,80000,5,5,Graduate Degree,Management,1,3
910,80000,5,5,Graduate Degree,Management,0,3
911,80000,5,5,Graduate Degree,Management,1,3
912,80000,5,5,Graduate Degree,Management,1,3
913,60000,3,3,Bachellors,Professional,1,1
914,60000,3,3,Bachellors,Professional,1,1
915,70000,0,0,Bachellors,Professional,0,1
916,70000,0,0,Bachellors,Professional,1,1
917,70000,0,0,Bachellors,Professional,0,1
918,70000,0,0,Bachellors,Professional,1,1
919,60000,3,3,Bachellors,Professional,1,2
920,60000,4,4,Bachellors,Professional,1,2
921,60000,4,4,Bachellors,Professional,1,3
922,60000,4,4,Bachellors,Professional,1,3
923,90000,4,4,Partial College,Skilled Manual,0,2
924,60000,0,0,Partial College,Skilled Manual,0,1
925,60000,0,0,Partial College,Skilled Manual,0,1
926,40000,0,0,Partial College,Skilled Manual,1,1
927,40000,0,0,Partial College,Skilled Manual,0,1
928,40000,0,0,Partial College,Skilled Manual,0,1
929,60000,0,0,Partial College,Skilled Manual,1,2
930,30000,2,0,Partial College,Clerical,1,2
931,20000,4,0,High School,Skilled Manual,0,2
932,70000,0,0,Partial College,Skilled Manual,1,2
933,70000,0,0,Partial College,Skilled Manual,0,2
934,40000,0,0,Partial High School,Clerical,0,2
935,40000,0,0,Partial High School,Clerical,1,2
936,30000,0,0,Partial College,Skilled Manual,1,1
937,30000,0,0,Partial College,Skilled Manual,1,1
938,30000,0,0,Partial College,Skilled Manual,0,2
939,60000,0,0,Partial College,Skilled Manual,1,2
940,60000,0,0,Partial College,Skilled Manual,0,2
941,100000,3,0,Bachellors,Management,1,3
942,60000,0,0,Partial College,Skilled Manual,1,2
943,20000,2,1,Partial High School,Clerical,1,2
944,20000,2,1,Partial High School,Clerical,1,2
945,30000,3,0,Partial College,Clerical,0,2
946,20000,0,0,Partial College,Skilled Manual,0,2
947,30000,3,0,High School,Skilled Manual,1,2
948,30000,3,0,High School,Skilled Manual,0,2
949,30000,3,0,High School,Skilled Manual,1,2
950,70000,0,0,Partial College,Skilled Manual,1,2
951,70000,0,0,Partial College,Skilled Manual,1,2
952,40000,2,0,Partial College,Skilled Manual,1,2
953,80000,2,0,Partial College,Skilled Manual,0,2
954,40000,0,0,High School,Skilled Manual,0,2
955,60000,0,0,Partial College,Skilled Manual,1,2
956,60000,0,0,Partial College,Skilled Manual,1,2
957,40000,0,0,High School,Skilled Manual,1,2
958,60000,0,0,Partial College,Skilled Manual,0,2
959,70000,0,0,Partial College,Professional,1,2
960,70000,0,0,Partial College,Professional,0,2
961,70000,0,0,Partial College,Professional,0,2
962,70000,0,0,Partial College,Professional,1,2
963,60000,0,0,Partial College,Professional,0,2
964,80000,2,0,High School,Skilled Manual,0,2
965,70000,2,0,High School,Skilled Manual,0,2
966,70000,2,0,High School,Skilled Manual,1,2
967,70000,2,0,High School,Skilled Manual,1,2
968,80000,2,0,High School,Professional,1,2
969,130000,0,1,Graduate Degree,Management,0,2
970,130000,0,1,Graduate Degree,Management,0,2
971,80000,0,0,Bachellors,Management,0,1
972,80000,0,0,Bachellors,Management,0,1
973,60000,0,0,Partial College,Professional,0,2
974,60000,0,0,Partial College,Professional,0,2
975,60000,0,0,Partial College,Professional,0,2
976,60000,0,0,High School,Professional,0,2
977,120000,1,2,Bachellors,Management,0,3
978,130000,0,1,Graduate Degree,Management,1,3
979,130000,0,1,Graduate Degree,Management,1,3
980,80000,2,0,Partial High School,Skilled Manual,0,2
981,60000,2,0,High School,Professional,0,2
982,60000,2,0,High School,Professional,0,2
983,60000,2,0,High School,Professional,1,2
984,70000,3,2,Partial College,Professional,1,0
985,80000,2,1,Bachellors,Management,1,0
986,80000,2,1,Bachellors,Management,0,1
987,70000,0,0,Bachellors,Professional,1,1
988,90000,4,4,Bachellors,Professional,1,0
989,70000,1,0,Partial College,Skilled Manual,1,1
990,70000,1,0,Partial College,Skilled Manual,1,1
991,70000,1,0,Partial College,Skilled Manual,1,1
992,60000,1,0,Bachellors,Professional,1,1
993,60000,1,0,Partial College,Skilled Manual,1,1
994,60000,1,0,Partial College,Skilled Manual,0,1
995,110000,0,0,Graduate Degree,Management,0,3
996,60000,1,0,Partial College,Skilled Manual,1,1
997,60000,1,0,Partial College,Skilled Manual,1,1
998,60000,1,0,Partial College,Skilled Manual,1,1
999,60000,1,0,Partial College,Skilled Manual,1,1
1000,60000,1,0,Partial College,Skilled Manual,1,1
1001,70000,0,0,Bachellors,Professional,0,1
1002,80000,5,5,Bachellors,Professional,1,4
1003,70000,0,0,Bachellors,Professional,1,1
1004,70000,0,0,Bachellors,Professional,1,1
1005,70000,0,0,Bachellors,Professional,0,2
1006,60000,1,0,Partial College,Skilled Manual,1,1
1007,70000,5,4,Partial College,Skilled Manual,1,2
1008,60000,1,0,Partial College,Skilled Manual,1,1
1009,70000,5,4,Partial College,Skilled Manual,1,2
1010,80000,1,0,Partial College,Skilled Manual,1,1
1011,80000,1,0,Partial College,Skilled Manual,1,1
1012,30000,2,0,Partial College,Clerical,0,2
1013,60000,3,2,Partial College,Skilled Manual,0,2
1014,30000,2,0,Partial College,Clerical,1,2
1015,10000,2,1,High School,Skilled Manual,1,2
1016,30000,0,0,High School,Skilled Manual,0,2
1017,40000,0,0,High School,Skilled Manual,0,1
1018,40000,0,0,High School,Skilled Manual,1,2
1019,30000,0,0,High School,Skilled Manual,1,2
1020,30000,0,0,High School,Skilled Manual,0,2
1021,30000,0,0,High School,Skilled Manual,1,2
1022,10000,5,0,High School,Skilled Manual,0,2
1023,40000,0,0,High School,Skilled Manual,1,2
1024,30000,0,0,Partial High School,Clerical,0,2
1025,40000,0,0,High School,Skilled Manual,1,2
1026,40000,0,0,High School,Skilled Manual,1,2
1027,40000,0,0,High School,Skilled Manual,0,2
1028,40000,0,0,High School,Skilled Manual,1,2
1029,30000,0,0,Partial High School,Clerical,0,2
1030,30000,0,0,Partial High School,Clerical,0,2
1031,40000,0,0,High School,Skilled Manual,1,2
1032,30000,0,0,Partial High School,Clerical,0,2
1033,30000,0,0,Partial High School,Clerical,0,2
1034,40000,0,0,High School,Skilled Manual,0,2
1035,40000,2,0,Bachellors,Management,1,2
1036,40000,2,0,Bachellors,Management,0,2
1037,40000,2,0,Bachellors,Management,1,2
1038,40000,2,0,Bachellors,Management,1,2
1039,40000,2,0,Bachellors,Management,1,2
1040,70000,2,0,Graduate Degree,Management,1,1
1041,40000,0,0,Partial College,Skilled Manual,1,1
1042,40000,0,0,High School,Skilled Manual,1,2
1043,40000,0,0,High School,Skilled Manual,1,2
1044,40000,0,0,Partial College,Skilled Manual,1,1
1045,40000,0,0,Partial College,Skilled Manual,1,1
1046,40000,0,0,Partial College,Skilled Manual,0,1
1047,40000,0,0,Partial College,Skilled Manual,0,1
1048,40000,0,0,Partial College,Skilled Manual,0,1
1049,70000,0,0,Partial College,Skilled Manual,1,2
1050,80000,0,0,Bachellors,Management,1,1
1051,110000,0,1,Graduate Degree,Management,0,1
1052,120000,0,0,Bachellors,Management,0,3
1053,120000,0,1,Bachellors,Management,0,2
1054,130000,0,0,Graduate Degree,Management,1,2
1055,90000,4,4,Bachellors,Management,1,1
1056,90000,4,4,Bachellors,Management,0,1
1057,120000,2,4,Graduate Degree,Management,1,3
1058,120000,2,4,Graduate Degree,Management,1,3
1059,130000,2,3,Bachellors,Management,1,4
1060,130000,2,3,Bachellors,Management,1,4
1061,150000,1,3,Graduate Degree,Management,0,2
1062,160000,1,3,Bachellors,Management,1,4
1063,70000,4,0,Bachellors,Management,1,2
1064,70000,4,0,Bachellors,Management,1,2
1065,70000,4,0,Bachellors,Management,1,2
1066,70000,4,0,Bachellors,Management,1,2
1067,70000,4,0,Bachellors,Management,1,2
1068,70000,4,0,Bachellors,Management,1,2
1069,70000,4,0,Bachellors,Management,1,2
1070,70000,4,0,Bachellors,Management,0,2
1071,70000,4,0,Bachellors,Management,1,2
1072,70000,4,0,Bachellors,Management,1,2
1073,70000,4,0,Bachellors,Management,1,2
1074,70000,4,0,Bachellors,Management,1,2
1075,70000,4,0,Bachellors,Management,1,2
1076,60000,4,0,Bachellors,Management,1,2
1077,70000,5,0,Bachellors,Management,1,2
1078,70000,5,0,Bachellors,Management,1,2
1079,60000,4,0,Bachellors,Management,1,2
1080,60000,4,0,Bachellors,Management,0,2
1081,60000,4,0,Bachellors,Management,1,3
1082,60000,5,0,Bachellors,Management,1,3
1083,70000,5,0,Bachellors,Management,1,2
1084,70000,4,1,Bachellors,Management,1,1
1085,60000,5,0,Bachellors,Management,0,3
1086,60000,2,1,Bachellors,Management,1,0
1087,60000,2,1,Bachellors,Management,1,0
1088,70000,4,1,Bachellors,Management,1,1
1089,70000,4,1,Bachellors,Management,1,1
1090,70000,4,1,Bachellors,Management,1,1
1091,40000,2,1,High School,Professional,1,2
1092,40000,2,1,High School,Professional,1,2
1093,40000,2,1,High School,Professional,1,2
1094,60000,2,1,Partial College,Professional,1,2
1095,60000,2,1,Bachellors,Management,1,0
1096,60000,2,1,Bachellors,Management,1,0
1097,60000,2,1,Bachellors,Management,0,0
1098,60000,2,1,Partial College,Professional,1,2
1099,60000,2,1,Partial College,Professional,1,2
1100,60000,2,1,Partial College,Professional,0,2
1101,60000,2,1,Bachellors,Management,1,0
1102,70000,4,1,Partial College,Professional,1,2
1103,70000,4,1,Partial College,Professional,1,2
1104,70000,4,1,Partial College,Professional,1,2
1105,70000,4,1,Partial College,Professional,1,2
1106,70000,5,1,Partial College,Professional,1,2
1107,40000,2,1,Partial High School,Skilled Manual,1,2
1108,40000,2,1,Partial High School,Skilled Manual,1,2
1109,60000,2,1,Partial College,Professional,1,2
1110,60000,2,1,Partial College,Professional,1,2
1111,60000,2,1,Partial College,Professional,1,1
1112,60000,2,1,Partial College,Professional,1,1
1113,70000,4,2,Partial College,Professional,1,1
1114,70000,2,1,High School,Professional,1,2
1115,70000,2,1,High School,Professional,1,2
1116,70000,2,1,High School,Professional,1,2
1117,70000,2,1,High School,Professional,1,2
1118,60000,2,1,Partial College,Professional,1,1
1119,60000,2,1,Partial College,Professional,1,1
1120,60000,2,1,Partial College,Professional,0,1
1121,60000,3,1,High School,Professional,1,2
1122,60000,3,1,High School,Professional,1,2
1123,70000,4,2,Partial College,Professional,1,2
1124,170000,2,3,Bachellors,Management,1,2
1125,110000,2,4,Partial College,Professional,1,3
1126,130000,2,4,Partial College,Professional,1,2
1127,150000,2,4,High School,Professional,1,1
1128,100000,2,3,Partial College,Professional,1,4
1129,120000,3,4,High School,Professional,1,4
1130,120000,3,4,High School,Professional,1,4
1131,120000,3,4,High School,Professional,1,4
1132,90000,2,1,High School,Professional,0,2
1133,110000,3,4,Partial College,Professional,1,4
1134,130000,3,4,Partial College,Professional,1,3
1135,170000,3,3,High School,Professional,1,4
1136,90000,2,1,Partial College,Professional,1,0
1137,30000,4,0,High School,Professional,0,2
1138,90000,3,0,Graduate Degree,Management,1,1
1139,70000,3,0,Graduate Degree,Management,1,2
1140,70000,4,0,Graduate Degree,Management,1,2
1141,90000,4,4,Partial College,Professional,0,3
1142,90000,4,4,Partial College,Professional,1,3
1143,100000,4,1,Bachellors,Management,1,4
1144,100000,4,1,Bachellors,Management,1,4
1145,100000,4,1,Partial College,Professional,1,4
1146,100000,4,1,Partial College,Professional,1,4
1147,110000,3,2,Bachellors,Management,0,4
1148,80000,4,3,Bachellors,Management,1,0
1149,100000,5,2,Partial College,Professional,1,0
1150,100000,5,2,Partial College,Professional,1,1
1151,130000,2,2,Graduate Degree,Management,1,2
1152,130000,2,2,Bachellors,Management,1,3
1153,130000,2,2,Bachellors,Management,1,3
1154,70000,3,2,Partial College,Professional,1,1
1155,80000,3,2,Partial College,Professional,1,0
1156,80000,3,2,Partial College,Professional,1,0
1157,70000,4,0,Graduate Degree,Management,1,2
1158,120000,1,3,Graduate Degree,Management,1,1
1159,80000,4,3,Partial College,Professional,1,2
1160,80000,4,3,Partial College,Professional,1,2
1161,90000,0,0,Partial College,Professional,1,1
1162,100000,5,2,Partial College,Professional,1,1
1163,120000,4,3,Partial College,Professional,1,3
1164,150000,2,1,Bachellors,Management,0,2
1165,150000,3,1,Bachellors,Management,1,3
1166,80000,5,4,Partial College,Professional,1,2
1167,80000,5,4,Partial College,Professional,1,2
1168,100000,1,2,Partial College,Professional,1,3
1169,80000,5,4,Partial College,Professional,1,3
1170,120000,1,3,High School,Professional,1,4
1171,130000,1,3,Bachellors,Management,0,2
1172,130000,1,3,Bachellors,Management,0,3
1173,130000,1,3,Bachellors,Management,0,3
1174,130000,1,3,Bachellors,Management,1,3
1175,170000,1,0,Graduate Degree,Management,0,4
1176,60000,2,0,High School,Professional,0,2
1177,60000,2,0,High School,Professional,0,2
1178,70000,4,3,High School,Professional,1,0
1179,80000,2,0,Partial High School,Skilled Manual,1,2
1180,50000,2,0,Graduate Degree,Management,1,2
1181,50000,2,0,Graduate Degree,Management,1,2
1182,130000,2,3,Graduate Degree,Management,1,3
1183,70000,5,4,High School,Professional,1,4
1184,80000,5,4,Partial College,Professional,1,3
1185,100000,3,2,Partial College,Professional,1,4
1186,100000,0,3,Partial College,Professional,1,2
1187,100000,0,3,Partial College,Professional,0,3
1188,100000,0,3,Partial College,Professional,1,3
1189,110000,3,3,Partial College,Professional,1,4
1190,130000,4,3,Bachellors,Management,1,3
1191,170000,1,1,Graduate Degree,Management,0,2
1192,60000,2,0,Partial High School,Skilled Manual,1,2
1193,60000,2,0,Partial High School,Skilled Manual,0,2
1194,70000,3,1,High School,Professional,1,0
1195,70000,3,0,Graduate Degree,Management,1,2
1196,70000,3,0,Graduate Degree,Management,1,2
1197,70000,3,0,Graduate Degree,Management,1,2
1198,70000,3,0,Graduate Degree,Management,0,2
1199,60000,3,0,Graduate Degree,Management,1,2
1200,40000,3,0,Partial College,Professional,0,2
1201,70000,4,0,Graduate Degree,Management,1,2
1202,100000,2,3,Graduate Degree,Management,1,3
1203,100000,2,3,Graduate Degree,Management,1,3
1204,120000,2,4,Graduate Degree,Management,1,3
1205,120000,2,4,Graduate Degree,Management,1,3
1206,130000,2,3,Bachellors,Management,0,4
1207,90000,5,0,Bachellors,Management,1,2
1208,80000,4,0,Bachellors,Management,1,2
1209,130000,2,3,Bachellors,Management,1,4
1210,130000,2,3,Bachellors,Management,1,4
1211,10000,0,0,Graduate Degree,Manual,0,0
1212,10000,0,0,Graduate Degree,Manual,1,0
1213,10000,0,0,Graduate Degree,Manual,1,0
1214,10000,1,0,Graduate Degree,Manual,1,0
1215,20000,1,0,Graduate Degree,Manual,1,0
1216,20000,1,0,Graduate Degree,Clerical,1,0
1217,20000,1,0,Graduate Degree,Clerical,1,0
1218,10000,1,0,Bachellors,Manual,1,0
1219,10000,1,0,Bachellors,Manual,1,0
1220,10000,1,0,Bachellors,Manual,1,0
1221,10000,1,0,Bachellors,Manual,1,0
1222,20000,1,0,Graduate Degree,Clerical,1,0
1223,20000,1,0,Graduate Degree,Clerical,1,0
1224,20000,1,0,Graduate Degree,Clerical,1,0
1225,20000,1,0,Graduate Degree,Clerical,1,0
1226,20000,1,0,Graduate Degree,Clerical,1,0
1227,10000,1,0,Bachellors,Clerical,1,0
1228,10000,1,0,Partial College,Manual,1,0
1229,20000,1,0,Bachellors,Clerical,1,0
1230,10000,2,0,Partial College,Manual,1,0
1231,10000,2,0,Partial College,Manual,1,0
1232,10000,2,0,Partial College,Manual,1,0
1233,10000,2,0,Partial College,Manual,1,0
1234,10000,2,0,Partial College,Manual,1,1
1235,10000,2,0,Partial College,Manual,1,1
1236,30000,1,0,Graduate Degree,Clerical,1,0
1237,20000,1,0,Partial College,Manual,1,0
1238,20000,1,0,Partial College,Manual,1,0
1239,30000,1,0,Bachellors,Clerical,1,0
1240,30000,1,0,Bachellors,Clerical,1,0
1241,10000,0,0,Partial College,Manual,0,1
1242,10000,0,0,Partial College,Manual,0,1
1243,10000,0,0,Partial College,Manual,0,1
1244,10000,0,0,Partial College,Manual,0,1
1245,20000,0,0,Bachellors,Clerical,1,0
1246,10000,0,0,Partial College,Manual,1,1
1247,10000,1,1,High School,Manual,1,0
1248,20000,0,0,Bachellors,Clerical,1,0
1249,10000,1,1,High School,Manual,0,0
1250,20000,0,0,Bachellors,Clerical,1,0
1251,10000,1,1,High School,Manual,0,0
1252,20000,0,0,Partial College,Manual,1,0
1253,20000,0,0,Partial College,Manual,0,0
1254,20000,0,0,Partial College,Manual,1,0
1255,20000,1,0,Partial College,Manual,1,0
1256,20000,1,1,Partial College,Manual,0,0
1257,20000,1,1,Partial College,Manual,1,0
1258,30000,4,0,Graduate Degree,Clerical,1,0
1259,30000,4,0,Graduate Degree,Clerical,1,0
1260,30000,4,0,Graduate Degree,Clerical,1,0
1261,30000,4,0,Graduate Degree,Clerical,1,0
1262,10000,1,1,High School,Manual,1,1
1263,20000,1,1,Partial College,Manual,1,0
1264,20000,1,1,Partial College,Manual,0,0
1265,20000,1,1,Partial College,Manual,0,0
1266,10000,1,1,High School,Manual,0,1
1267,20000,2,0,Partial College,Manual,1,1
1268,20000,2,0,Partial College,Manual,1,1
1269,30000,1,0,Graduate Degree,Clerical,1,0
1270,30000,3,0,Graduate Degree,Clerical,1,0
1271,30000,3,0,Graduate Degree,Clerical,1,0
1272,30000,0,0,Bachellors,Clerical,1,0
1273,40000,3,0,Graduate Degree,Clerical,1,0
1274,30000,1,0,Bachellors,Clerical,1,0
1275,10000,2,2,High School,Manual,1,0
1276,20000,0,0,Partial College,Manual,1,1
1277,30000,0,0,Bachellors,Clerical,1,0
1278,10000,2,2,High School,Manual,1,0
1279,10000,2,2,High School,Manual,1,0
1280,30000,0,0,Bachellors,Clerical,1,0
1281,30000,0,0,Bachellors,Clerical,0,0
1282,40000,0,0,Graduate Degree,Clerical,1,0
1283,40000,0,0,Graduate Degree,Clerical,1,0
1284,20000,0,0,Partial College,Manual,1,1
1285,30000,0,0,Bachellors,Clerical,0,0
1286,30000,1,0,Bachellors,Clerical,1,0
1287,40000,0,0,Graduate Degree,Skilled Manual,1,0
1288,10000,3,0,Partial College,Manual,0,2
1289,10000,2,2,High School,Manual,0,1
1290,10000,2,2,High School,Manual,1,1
1291,10000,2,2,High School,Manual,1,1
1292,90000,5,0,Partial College,Professional,0,2
1293,130000,3,4,Bachellors,Management,1,3
1294,130000,3,4,Bachellors,Management,1,3
1295,130000,3,4,Bachellors,Management,1,4
1296,60000,3,1,Partial High School,Skilled Manual,1,4
1297,70000,5,1,High School,Professional,0,2
1298,80000,5,0,Partial College,Professional,0,2
1299,90000,5,0,Partial College,Professional,0,2
1300,150000,3,4,Graduate Degree,Management,0,4
1301,80000,5,0,Partial College,Professional,1,2
1302,100000,2,3,Bachellors,Management,1,4
1303,100000,2,3,Bachellors,Management,0,4
1304,130000,4,4,Partial College,Professional,1,4
1305,130000,4,4,Partial College,Professional,0,4
1306,80000,4,2,Partial College,Professional,0,1
1307,80000,4,2,Partial College,Professional,1,2
1308,90000,4,2,High School,Professional,1,1
1309,100000,3,4,High School,Professional,1,2
1310,130000,3,4,Partial College,Professional,0,4
1311,130000,3,4,High School,Professional,0,4
1312,130000,4,5,High School,Professional,0,1
1313,100000,3,4,Bachellors,Management,1,4
1314,100000,3,4,Bachellors,Management,1,4
1315,110000,2,5,Bachellors,Management,1,1
1316,130000,4,5,Partial College,Professional,1,2
1317,130000,5,5,Partial College,Professional,0,2
1318,150000,2,5,Bachellors,Management,1,3
1319,170000,0,5,Bachellors,Management,0,3
1320,90000,4,1,High School,Professional,1,2
1321,120000,4,5,Partial College,Professional,1,3
1322,70000,5,2,Partial High School,Skilled Manual,1,2
1323,80000,4,1,High School,Professional,1,3
1324,80000,4,2,High School,Professional,1,2
1325,90000,4,1,High School,Professional,1,3
1326,130000,4,5,High School,Professional,1,3
1327,170000,0,5,Partial College,Management,0,4
1328,100000,3,4,Partial College,Management,1,4
1329,130000,4,5,High School,Management,0,3
1330,170000,0,5,Partial College,Management,0,4
1331,100000,3,4,Partial College,Management,1,4
1332,70000,5,1,Partial High School,Skilled Manual,1,4
1333,90000,4,1,High School,Management,1,3
1334,90000,4,1,High School,Management,0,3
1335,130000,5,5,High School,Management,1,4
1336,150000,3,5,High School,Management,0,4
1337,130000,5,5,Graduate Degree,Professional,0,4
1338,70000,0,0,Bachellors,Professional,0,2
1339,70000,0,0,Bachellors,Professional,0,3
1340,70000,0,0,Bachellors,Professional,0,3
1341,70000,0,0,Bachellors,Professional,1,3
1342,80000,0,0,Bachellors,Professional,1,2
1343,70000,0,0,Bachellors,Professional,1,3
1344,60000,0,0,Bachellors,Professional,1,4
1345,80000,0,0,Bachellors,Professional,0,3
1346,80000,0,0,Bachellors,Professional,1,3
1347,90000,0,0,Bachellors,Professional,0,2
1348,90000,0,0,Bachellors,Professional,0,2
1349,90000,0,0,Bachellors,Professional,1,2
1350,90000,0,0,Bachellors,Professional,1,3
1351,90000,0,0,Bachellors,Professional,1,3
1352,100000,0,5,High School,Management,1,2
1353,100000,0,5,High School,Management,0,2
1354,110000,0,5,Partial College,Management,0,3
1355,110000,0,5,Partial College,Management,0,3
1356,120000,0,5,Partial High School,Professional,1,4
1357,90000,0,0,Bachellors,Professional,0,3
1358,100000,0,5,High School,Management,1,3
1359,100000,0,5,Partial High School,Professional,1,4
1360,130000,5,5,Graduate Degree,Professional,1,4
1361,130000,0,5,Partial College,Management,1,4
1362,160000,4,5,Partial High School,Management,0,4
1363,90000,5,0,Bachellors,Management,1,2
1364,110000,2,4,Graduate Degree,Management,0,1
1365,130000,2,3,Bachellors,Management,1,4
1366,80000,5,0,Bachellors,Management,0,2
1367,80000,5,0,Bachellors,Management,1,2
1368,10000,0,0,Partial High School,Manual,0,2
1369,10000,0,0,Partial High School,Manual,0,2
1370,60000,4,4,Bachellors,Professional,0,4
1371,60000,3,2,Bachellors,Professional,1,2
1372,60000,3,2,Bachellors,Professional,1,2
1373,60000,3,2,Bachellors,Professional,0,2
1374,30000,0,0,Partial College,Clerical,0,1
1375,20000,0,0,Partial High School,Manual,0,2
1376,20000,0,0,Partial High School,Manual,1,2
1377,20000,0,0,Partial High School,Manual,0,2
1378,20000,0,0,Partial High School,Manual,0,2
1379,30000,0,0,Partial College,Clerical,1,1
1380,30000,0,0,Partial College,Clerical,0,1
1381,30000,0,0,High School,Manual,0,1
1382,40000,1,1,Bachellors,Skilled Manual,1,0
1383,20000,0,0,Partial High School,Manual,0,2
1384,30000,0,0,High School,Manual,0,1
1385,40000,1,1,Bachellors,Skilled Manual,1,1
1386,40000,1,1,Bachellors,Skilled Manual,1,1
1387,20000,0,0,Partial High School,Manual,0,2
1388,30000,0,0,High School,Manual,0,1
1389,30000,0,0,High School,Manual,0,1
1390,30000,0,0,High School,Manual,0,1
1391,40000,1,1,Partial College,Clerical,0,1
1392,40000,2,2,Partial College,Clerical,1,0
1393,10000,0,0,Partial High School,Manual,0,2
1394,20000,0,0,Partial High School,Manual,0,2
1395,20000,0,0,Partial High School,Manual,0,2
1396,30000,0,0,High School,Manual,1,1
1397,30000,0,0,High School,Manual,1,1
1398,40000,2,2,Partial College,Clerical,1,0
1399,40000,2,2,Partial College,Clerical,1,1
1400,40000,2,2,Partial College,Clerical,1,1
1401,40000,2,2,Partial College,Clerical,1,1
1402,40000,2,2,Partial College,Clerical,1,1
1403,40000,2,2,Partial College,Clerical,1,2
1404,40000,2,2,Partial College,Clerical,1,2
1405,40000,2,2,Partial College,Clerical,1,2
1406,40000,2,2,Partial College,Clerical,1,2
1407,50000,0,0,Graduate Degree,Skilled Manual,0,0
1408,50000,0,0,Graduate Degree,Skilled Manual,1,0
1409,50000,0,0,Graduate Degree,Skilled Manual,0,0
1410,40000,3,3,Partial College,Clerical,1,0
1411,40000,3,3,Partial College,Clerical,1,0
1412,40000,3,3,Partial College,Clerical,1,1
1413,50000,1,0,Graduate Degree,Skilled Manual,1,0
1414,60000,0,0,Graduate Degree,Skilled Manual,0,0
1415,60000,0,0,Graduate Degree,Skilled Manual,0,0
1416,60000,0,0,Graduate Degree,Skilled Manual,0,0
1417,60000,0,0,Graduate Degree,Skilled Manual,1,0
1418,60000,0,0,Graduate Degree,Skilled Manual,1,0
1419,20000,2,0,High School,Manual,0,2
1420,30000,1,0,Bachellors,Skilled Manual,1,1
1421,30000,1,0,Bachellors,Skilled Manual,1,1
1422,30000,1,0,Bachellors,Skilled Manual,1,1
1423,30000,1,0,Bachellors,Skilled Manual,1,1
1424,20000,3,0,Partial High School,Clerical,0,2
1425,30000,1,0,High School,Manual,1,1
1426,30000,1,0,High School,Clerical,1,1
1427,40000,1,0,Partial College,Clerical,1,1
1428,40000,1,0,Partial College,Clerical,1,1
1429,40000,1,0,Partial College,Clerical,1,1
1430,40000,1,0,Partial College,Clerical,1,1
1431,40000,1,0,Partial College,Clerical,1,1
1432,40000,1,0,Partial College,Clerical,1,1
1433,40000,1,0,Partial College,Clerical,1,1
1434,40000,1,0,Partial College,Clerical,1,1
1435,40000,1,0,Partial College,Clerical,1,1
1436,40000,1,0,Partial College,Clerical,1,1
1437,40000,1,0,Partial College,Clerical,1,1
1438,40000,1,0,Partial College,Clerical,1,1
1439,80000,5,0,Graduate Degree,Skilled Manual,1,0
1440,40000,1,0,Partial College,Clerical,1,1
1441,40000,1,0,Partial College,Clerical,1,1
1442,40000,1,0,Partial College,Clerical,1,1
1443,40000,1,0,Partial College,Clerical,1,1
1444,40000,1,0,Partial College,Clerical,1,1
1445,40000,1,0,Partial College,Clerical,1,1
1446,40000,1,0,Partial College,Clerical,1,1
1447,40000,1,0,Partial College,Clerical,1,1
1448,40000,1,0,Partial College,Clerical,1,1
1449,60000,4,0,Graduate Degree,Skilled Manual,1,0
1450,60000,4,0,Graduate Degree,Skilled Manual,1,0
1451,60000,4,0,Graduate Degree,Skilled Manual,1,0
1452,60000,4,0,Graduate Degree,Skilled Manual,1,0
1453,60000,4,0,Graduate Degree,Skilled Manual,1,0
1454,60000,4,0,Graduate Degree,Skilled Manual,1,0
1455,60000,4,0,Graduate Degree,Skilled Manual,1,0
1456,60000,4,0,Graduate Degree,Skilled Manual,1,0
1457,60000,4,0,Graduate Degree,Skilled Manual,1,0
1458,60000,4,0,Graduate Degree,Skilled Manual,1,0
1459,30000,1,0,Bachellors,Clerical,1,0
1460,30000,1,1,Bachellors,Clerical,0,0
1461,30000,1,1,Bachellors,Clerical,0,0
1462,40000,0,0,Graduate Degree,Clerical,1,0
1463,40000,0,0,Graduate Degree,Clerical,1,0
1464,40000,0,0,Graduate Degree,Clerical,1,0
1465,10000,3,3,High School,Manual,1,1
1466,20000,1,1,Partial College,Manual,1,1
1467,20000,1,1,Partial College,Manual,1,1
1468,20000,1,1,Partial College,Manual,0,1
1469,30000,1,1,Bachellors,Clerical,1,0
1470,20000,1,1,High School,Manual,1,1
1471,20000,1,1,High School,Manual,1,1
1472,40000,0,0,Bachellors,Clerical,1,0
1473,30000,1,1,Bachellors,Clerical,1,1
1474,30000,1,1,Bachellors,Skilled Manual,1,1
1475,30000,1,1,Bachellors,Skilled Manual,1,2
1476,10000,4,3,Partial High School,Manual,1,2
1477,20000,2,2,High School,Manual,1,0
1478,20000,2,2,High School,Manual,0,1
1479,20000,2,2,High School,Manual,1,1
1480,30000,1,1,Bachellors,Skilled Manual,1,2
1481,10000,5,2,Partial High School,Manual,1,1
1482,10000,5,2,Partial High School,Manual,1,1
1483,10000,3,2,Partial High School,Manual,1,1
1484,20000,2,2,High School,Manual,1,2
1485,20000,2,2,High School,Manual,1,2
1486,20000,3,3,High School,Manual,1,0
1487,20000,3,3,High School,Manual,1,0
1488,20000,3,3,High School,Manual,1,0
1489,20000,3,3,High School,Manual,1,2
1490,40000,0,0,Bachellors,Professional,1,0
1491,40000,0,0,Bachellors,Professional,0,0
1492,40000,0,0,Bachellors,Professional,1,0
1493,60000,0,0,Graduate Degree,Skilled Manual,0,0
1494,40000,0,0,Bachellors,Professional,1,0
1495,30000,2,2,Partial College,Clerical,0,2
1496,30000,2,2,Partial College,Clerical,1,2
1497,40000,1,0,Bachellors,Skilled Manual,1,0
1498,40000,1,0,Bachellors,Skilled Manual,1,0
1499,40000,1,0,Bachellors,Skilled Manual,1,0
1500,20000,0,0,High School,Manual,0,1
1501,30000,3,3,Partial College,Clerical,1,1
1502,30000,3,3,Partial College,Clerical,1,1
1503,30000,3,3,Partial College,Clerical,1,2
1504,30000,3,3,Partial College,Clerical,1,2
1505,40000,1,0,Bachellors,Skilled Manual,1,0
1506,40000,1,0,Bachellors,Skilled Manual,1,0
1507,40000,1,0,Bachellors,Skilled Manual,1,0
1508,30000,1,0,Partial College,Clerical,1,1
1509,40000,1,0,Bachellors,Skilled Manual,1,0
1510,40000,1,0,Bachellors,Skilled Manual,1,0
1511,40000,1,0,Bachellors,Skilled Manual,1,1
1512,30000,3,3,Partial College,Clerical,1,2
1513,30000,3,3,Partial College,Clerical,0,2
1514,30000,4,4,Partial College,Clerical,1,3
1515,30000,0,0,Partial College,Clerical,0,1
1516,30000,0,0,Partial College,Clerical,1,1
1517,30000,0,0,Partial College,Clerical,0,1
1518,30000,0,0,Partial College,Clerical,0,1
1519,30000,0,0,Partial College,Clerical,0,1
1520,30000,0,0,Partial College,Clerical,0,1
1521,20000,0,0,High School,Manual,0,1
1522,10000,0,0,Partial High School,Manual,0,2
1523,20000,0,0,High School,Manual,0,1
1524,20000,0,0,High School,Manual,0,1
1525,30000,0,0,Partial College,Clerical,1,1
1526,40000,1,1,Bachellors,Skilled Manual,1,0
1527,40000,1,1,Bachellors,Skilled Manual,1,0
1528,60000,4,0,Graduate Degree,Skilled Manual,1,0
1529,60000,4,0,Graduate Degree,Skilled Manual,1,0
1530,60000,4,0,Graduate Degree,Skilled Manual,1,0
1531,40000,4,4,Partial College,Clerical,1,2
1532,40000,4,4,Partial College,Clerical,1,2
1533,50000,0,0,Graduate Degree,Skilled Manual,1,0
1534,170000,1,2,Graduate Degree,Management,1,4
1535,10000,1,0,Graduate Degree,Manual,1,0
1536,10000,1,0,Bachellors,Manual,1,0
1537,10000,1,0,Bachellors,Manual,1,0
1538,10000,1,0,Bachellors,Manual,1,0
1539,20000,1,0,Graduate Degree,Clerical,1,0
1540,20000,1,0,Graduate Degree,Clerical,1,0
1541,30000,1,0,Graduate Degree,Clerical,1,0
1542,30000,4,0,Graduate Degree,Clerical,1,0
1543,30000,4,0,Graduate Degree,Clerical,1,0
1544,10000,1,0,Bachellors,Manual,1,0
1545,10000,1,0,Bachellors,Manual,1,0
1546,10000,1,0,Partial College,Manual,1,0
1547,20000,1,0,Bachellors,Clerical,1,0
1548,20000,1,0,Bachellors,Clerical,1,0
1549,10000,2,0,Partial College,Manual,1,0
1550,10000,2,0,Partial College,Manual,1,1
1551,10000,2,0,Partial College,Manual,1,1
1552,20000,1,0,Bachellors,Clerical,1,0
1553,20000,1,0,Bachellors,Clerical,1,0
1554,20000,1,0,Bachellors,Clerical,1,0
1555,30000,1,0,Graduate Degree,Clerical,1,0
1556,10000,2,0,Bachellors,Clerical,1,1
1557,10000,2,0,Bachellors,Clerical,1,1
1558,10000,2,0,Bachellors,Clerical,1,1
1559,20000,1,0,Bachellors,Clerical,1,0
1560,20000,1,0,Bachellors,Clerical,1,0
1561,20000,1,0,Bachellors,Clerical,1,0
1562,10000,2,0,Partial College,Manual,1,1
1563,10000,2,0,Partial College,Manual,1,1
1564,30000,1,0,Bachellors,Clerical,1,0
1565,30000,1,0,Bachellors,Clerical,1,0
1566,10000,3,0,Partial College,Manual,1,1
1567,30000,1,0,Bachellors,Clerical,1,0
1568,30000,1,0,Bachellors,Clerical,1,0
1569,30000,1,0,Bachellors,Clerical,1,0
1570,40000,1,0,Graduate Degree,Clerical,1,0
1571,10000,0,0,Partial College,Manual,0,1
1572,10000,0,0,Partial College,Manual,0,1
1573,10000,0,0,Partial College,Manual,0,1
1574,10000,0,0,Partial College,Manual,0,1
1575,10000,0,0,Partial College,Manual,0,1
1576,10000,0,0,Partial College,Manual,0,1
1577,10000,0,0,Partial College,Manual,0,1
1578,10000,0,0,Partial College,Manual,1,1
1579,10000,0,0,Partial College,Manual,0,1
1580,10000,0,0,Partial College,Manual,1,1
1581,10000,0,0,Partial College,Manual,1,1
1582,10000,0,0,Partial College,Manual,0,1
1583,10000,0,0,High School,Manual,0,2
1584,10000,1,1,High School,Manual,0,0
1585,10000,1,1,High School,Manual,0,0
1586,10000,1,1,High School,Manual,1,0
1587,10000,1,1,High School,Manual,0,0
1588,20000,0,0,Bachellors,Clerical,1,0
1589,10000,1,1,High School,Manual,0,0
1590,20000,0,0,Partial College,Manual,1,0
1591,30000,1,0,Bachellors,Clerical,1,0
1592,30000,4,0,Graduate Degree,Clerical,1,0
1593,30000,4,0,Graduate Degree,Clerical,1,0
1594,30000,4,0,Graduate Degree,Clerical,1,0
1595,30000,4,0,Graduate Degree,Clerical,1,0
1596,30000,3,0,Graduate Degree,Clerical,1,0
1597,30000,3,0,Graduate Degree,Clerical,1,0
1598,20000,1,1,Partial College,Manual,1,0
1599,30000,3,0,Graduate Degree,Clerical,1,0
1600,20000,2,0,Partial College,Manual,1,1
1601,30000,1,0,Graduate Degree,Clerical,1,0
1602,30000,3,0,Graduate Degree,Clerical,1,0
1603,30000,3,0,Graduate Degree,Clerical,1,0
1604,30000,3,0,Bachellors,Clerical,1,0
1605,30000,3,0,Bachellors,Clerical,1,0
1606,30000,3,0,Bachellors,Clerical,1,0
1607,40000,3,0,Graduate Degree,Clerical,1,0
1608,40000,3,0,Graduate Degree,Clerical,1,0
1609,30000,0,0,Bachellors,Clerical,1,0
1610,30000,0,0,Bachellors,Clerical,1,0
1611,30000,1,0,Bachellors,Clerical,1,0
1612,20000,0,0,Partial College,Manual,1,1
1613,10000,2,2,High School,Manual,1,0
1614,30000,0,0,Bachellors,Clerical,1,0
1615,30000,0,0,Bachellors,Clerical,1,0
1616,10000,2,2,High School,Manual,1,1
1617,20000,0,0,Partial College,Manual,0,1
1618,20000,0,0,Partial College,Manual,0,1
1619,30000,0,0,Bachellors,Clerical,1,0
1620,40000,0,0,Graduate Degree,Clerical,1,0
1621,40000,0,0,Graduate Degree,Clerical,1,0
1622,40000,0,0,Graduate Degree,Clerical,1,0
1623,40000,0,0,Graduate Degree,Skilled Manual,1,0
1624,10000,3,0,Partial College,Manual,0,2
1625,20000,2,0,Partial College,Manual,1,1
1626,20000,2,0,Partial College,Manual,1,1
1627,20000,2,0,Partial College,Manual,1,1
1628,20000,1,1,Partial College,Manual,0,0
1629,20000,1,1,Partial College,Manual,1,0
1630,20000,1,1,Partial College,Manual,0,0
1631,80000,4,2,Partial College,Professional,1,1
1632,70000,5,1,High School,Professional,1,2
1633,80000,5,0,Bachellors,Management,1,2
1634,110000,3,4,Bachellors,Management,1,4
1635,120000,4,4,Bachellors,Management,1,4
1636,80000,5,0,Partial College,Professional,0,2
1637,100000,2,3,Bachellors,Management,1,4
1638,130000,4,4,Partial College,Professional,1,4
1639,80000,4,2,Partial College,Professional,1,1
1640,80000,4,2,Partial College,Professional,1,2
1641,90000,3,2,Partial College,Professional,1,1
1642,100000,3,4,High School,Professional,1,3
1643,100000,3,4,High School,Professional,1,3
1644,120000,3,5,Bachellors,Management,1,3
1645,130000,4,5,Partial College,Professional,1,2
1646,170000,0,5,Bachellors,Management,1,3
1647,90000,4,1,High School,Professional,1,2
1648,170000,4,5,Partial College,Professional,1,3
1649,170000,4,5,Partial College,Professional,1,4
1650,80000,4,1,High School,Professional,1,3
1651,90000,4,1,High School,Management,1,3
1652,90000,4,1,High School,Management,1,3
1653,130000,4,5,High School,Management,1,4
1654,150000,4,5,Bachellors,Management,1,3
1655,160000,2,5,Partial College,Management,0,3
1656,80000,5,1,High School,Management,1,3
1657,90000,4,1,High School,Management,1,3
1658,110000,4,5,High School,Management,1,3
1659,170000,0,5,High School,Management,1,4
1660,80000,5,1,High School,Management,1,4
1661,80000,5,1,Partial High School,Skilled Manual,1,4
1662,80000,5,1,Partial High School,Skilled Manual,1,4
1663,90000,5,0,Partial High School,Skilled Manual,0,2
1664,90000,5,0,Partial High School,Skilled Manual,1,2
1665,130000,5,5,Partial College,Professional,1,4
1666,60000,0,0,Bachellors,Professional,1,4
1667,60000,0,0,Bachellors,Professional,0,4
1668,70000,0,0,Bachellors,Professional,1,2
1669,70000,0,0,Bachellors,Professional,1,2
1670,70000,0,0,Bachellors,Professional,0,3
1671,70000,0,0,Bachellors,Professional,0,3
1672,70000,0,0,Bachellors,Professional,0,3
1673,80000,0,0,Bachellors,Professional,0,3
1674,80000,0,0,Bachellors,Professional,1,3
1675,90000,0,0,Bachellors,Professional,1,2
1676,80000,0,0,Bachellors,Professional,0,3
1677,90000,0,0,Bachellors,Professional,1,2
1678,100000,0,5,High School,Management,1,2
1679,130000,4,5,High School,Management,1,4
1680,100000,0,5,High School,Management,0,2
1681,80000,0,0,Bachellors,Professional,0,3
1682,80000,0,0,Bachellors,Professional,0,3
1683,100000,0,5,High School,Management,0,2
1684,120000,5,5,Partial High School,Professional,1,4
1685,120000,0,5,Partial High School,Professional,1,4
1686,90000,0,0,Bachellors,Professional,1,3
1687,90000,0,0,Bachellors,Professional,1,3
1688,90000,0,0,Bachellors,Professional,0,3
1689,90000,0,0,Bachellors,Professional,1,3
1690,90000,0,0,Bachellors,Professional,0,3
1691,100000,0,5,High School,Management,1,2
1692,100000,0,5,High School,Management,1,3
1693,80000,0,0,Bachellors,Professional,1,4
1694,80000,0,0,Bachellors,Professional,1,4
1695,120000,0,5,Partial High School,Professional,1,4
1696,90000,0,0,Bachellors,Professional,1,4
1697,100000,0,5,High School,Management,1,4
1698,90000,0,0,Bachellors,Professional,0,4
1699,110000,0,5,High School,Management,1,4
1700,120000,0,5,Partial High School,Professional,1,4
1701,110000,0,5,Partial High School,Professional,1,4
1702,110000,0,5,Partial High School,Professional,1,4
1703,110000,0,5,Partial High School,Professional,1,4
1704,110000,0,5,Partial High School,Professional,1,4
1705,120000,0,5,Partial High School,Management,1,4
1706,150000,0,5,Bachellors,Management,1,4
1707,160000,0,5,Bachellors,Management,1,4
1708,70000,5,0,Graduate Degree,Management,1,2
1709,90000,5,0,Bachellors,Management,1,2
1710,130000,2,3,Bachellors,Management,1,4
1711,170000,2,3,Graduate Degree,Management,0,2
1712,20000,0,0,Partial High School,Manual,0,2
1713,20000,0,0,Partial High School,Manual,0,2
1714,20000,0,0,Partial High School,Manual,0,2
1715,30000,0,0,Partial College,Clerical,0,1
1716,60000,3,2,Bachellors,Professional,1,2
1717,30000,0,0,Partial College,Clerical,1,1
1718,30000,0,0,Partial College,Clerical,0,1
1719,30000,0,0,Partial College,Clerical,1,1
1720,30000,0,0,Partial College,Clerical,0,1
1721,30000,0,0,Partial College,Clerical,0,1
1722,30000,0,0,Partial College,Clerical,0,1
1723,20000,0,0,Partial High School,Manual,0,2
1724,20000,0,0,Partial High School,Manual,0,2
1725,20000,0,0,Partial High School,Manual,0,2
1726,10000,4,0,Partial High School,Manual,0,2
1727,20000,0,0,Partial High School,Manual,0,2
1728,20000,0,0,Partial High School,Manual,0,2
1729,30000,0,0,Partial College,Clerical,0,1
1730,30000,0,0,Partial College,Clerical,0,1
1731,30000,0,0,High School,Manual,1,1
1732,30000,0,0,High School,Manual,0,1
1733,10000,0,0,Partial High School,Manual,1,2
1734,10000,0,0,Partial High School,Manual,0,2
1735,10000,0,0,Partial High School,Manual,0,2
1736,20000,0,0,Partial High School,Manual,1,2
1737,20000,0,0,Partial High School,Manual,1,2
1738,30000,0,0,High School,Manual,0,1
1739,40000,1,1,Bachellors,Skilled Manual,1,0
1740,40000,1,1,Bachellors,Skilled Manual,1,1
1741,30000,0,0,High School,Manual,1,1
1742,30000,0,0,High School,Manual,1,1
1743,40000,2,2,Partial College,Clerical,1,0
1744,40000,2,2,Partial College,Clerical,0,0
1745,40000,2,2,Partial College,Clerical,1,0
1746,40000,2,2,Partial College,Clerical,1,0
1747,10000,0,0,Partial High School,Manual,0,2
1748,20000,0,0,Partial High School,Manual,0,2
1749,30000,0,0,High School,Manual,0,1
1750,30000,0,0,High School,Manual,0,1
1751,40000,2,2,Partial College,Clerical,1,0
1752,40000,2,2,Partial College,Clerical,1,0
1753,40000,2,2,Partial College,Clerical,1,0
1754,40000,2,2,Partial College,Clerical,1,1
1755,40000,2,2,Partial College,Clerical,0,2
1756,40000,3,3,Partial College,Clerical,1,0
1757,40000,3,3,Partial College,Clerical,1,1
1758,40000,3,3,Partial College,Clerical,1,2
1759,30000,1,0,Bachellors,Skilled Manual,1,1
1760,40000,1,0,Graduate Degree,Skilled Manual,1,1
1761,60000,0,0,Graduate Degree,Skilled Manual,1,0
1762,60000,0,0,Graduate Degree,Skilled Manual,1,0
1763,30000,1,0,Bachellors,Skilled Manual,1,1
1764,30000,1,0,Bachellors,Skilled Manual,1,1
1765,30000,1,0,Partial College,Clerical,1,1
1766,20000,2,0,Partial High School,Manual,0,2
1767,20000,3,0,Partial High School,Clerical,0,2
1768,30000,1,0,High School,Clerical,1,1
1769,30000,1,0,High School,Clerical,1,1
1770,40000,1,0,Partial College,Clerical,1,1
1771,40000,1,0,Partial College,Clerical,1,1
1772,40000,1,0,Partial College,Clerical,1,1
1773,40000,1,0,Partial College,Clerical,1,1
1774,40000,1,0,Partial College,Clerical,1,1
1775,40000,1,0,Partial College,Clerical,1,1
1776,40000,1,0,Partial College,Clerical,1,1
1777,80000,5,0,Graduate Degree,Skilled Manual,0,0
1778,40000,1,0,Partial College,Clerical,1,1
1779,40000,1,0,Partial College,Clerical,1,1
1780,40000,1,0,Partial College,Clerical,1,1
1781,40000,1,0,Partial College,Clerical,1,1
1782,40000,1,0,Partial College,Clerical,1,1
1783,40000,1,0,Partial College,Clerical,1,1
1784,40000,1,0,Partial College,Clerical,1,1
1785,40000,1,0,Partial College,Clerical,1,1
1786,40000,1,0,Partial College,Clerical,1,1
1787,40000,1,0,Partial College,Clerical,1,1
1788,70000,5,0,Graduate Degree,Skilled Manual,1,0
1789,40000,1,0,Partial College,Clerical,1,1
1790,40000,1,0,Partial College,Clerical,1,1
1791,60000,4,0,Graduate Degree,Skilled Manual,1,0
1792,60000,4,0,Graduate Degree,Skilled Manual,1,0
1793,60000,4,0,Graduate Degree,Skilled Manual,1,0
1794,60000,4,0,Graduate Degree,Skilled Manual,1,0
1795,60000,4,0,Graduate Degree,Skilled Manual,1,0
1796,60000,4,0,Graduate Degree,Skilled Manual,1,0
1797,60000,4,0,Graduate Degree,Skilled Manual,0,0
1798,60000,4,0,Graduate Degree,Skilled Manual,1,0
1799,20000,1,1,Partial College,Manual,1,1
1800,30000,1,0,Bachellors,Clerical,1,0
1801,30000,1,0,Bachellors,Clerical,1,0
1802,30000,1,0,Bachellors,Clerical,1,0
1803,30000,1,0,Bachellors,Clerical,1,0
1804,30000,1,0,Bachellors,Clerical,1,0
1805,30000,1,1,Bachellors,Clerical,0,0
1806,40000,0,0,Graduate Degree,Clerical,1,0
1807,40000,0,0,Graduate Degree,Clerical,1,0
1808,40000,0,0,Graduate Degree,Clerical,1,0
1809,40000,0,0,Bachellors,Clerical,1,0
1810,20000,1,1,Partial College,Manual,1,1
1811,30000,1,0,Bachellors,Clerical,1,1
1812,20000,1,1,Partial College,Manual,0,1
1813,20000,1,1,High School,Manual,1,1
1814,30000,1,1,Bachellors,Clerical,1,0
1815,30000,1,1,Bachellors,Clerical,0,0
1816,30000,1,1,Bachellors,Clerical,1,1
1817,10000,5,4,Partial High School,Manual,1,2
1818,10000,5,4,Partial High School,Manual,1,2
1819,20000,1,1,High School,Manual,1,1
1820,20000,2,2,High School,Manual,1,0
1821,20000,2,2,High School,Manual,1,0
1822,40000,0,0,Bachellors,Clerical,1,0
1823,40000,0,0,Bachellors,Clerical,0,0
1824,10000,4,0,High School,Manual,0,2
1825,30000,1,1,Bachellors,Clerical,0,1
1826,30000,1,1,Bachellors,Skilled Manual,1,1
1827,10000,5,3,Partial High School,Manual,1,2
1828,20000,2,2,High School,Manual,1,1
1829,10000,5,2,Partial High School,Manual,1,1
1830,20000,2,2,High School,Manual,1,2
1831,20000,3,3,High School,Manual,1,0
1832,20000,3,3,High School,Manual,1,0
1833,20000,3,3,High School,Manual,1,0
1834,20000,3,3,High School,Manual,1,1
1835,30000,1,1,Bachellors,Skilled Manual,1,2
1836,10000,3,2,Partial High School,Manual,1,2
1837,20000,3,3,High School,Manual,1,2
1838,20000,2,0,Partial College,Manual,1,1
1839,40000,0,0,Bachellors,Professional,1,0
1840,60000,0,0,Graduate Degree,Skilled Manual,0,0
1841,40000,1,0,Graduate Degree,Skilled Manual,1,0
1842,30000,2,2,Partial College,Clerical,1,1
1843,30000,2,2,Partial College,Clerical,1,1
1844,30000,2,2,Partial College,Clerical,1,1
1845,40000,1,0,Bachellors,Skilled Manual,1,0
1846,40000,1,0,Bachellors,Skilled Manual,1,0
1847,30000,2,2,Partial College,Clerical,1,2
1848,40000,1,0,Bachellors,Skilled Manual,1,0
1849,40000,1,0,Bachellors,Skilled Manual,1,0
1850,30000,2,2,Partial College,Clerical,1,2
1851,20000,0,0,High School,Manual,0,1
1852,20000,4,4,High School,Manual,1,2
1853,30000,3,3,Partial College,Clerical,1,1
1854,40000,1,0,Bachellors,Skilled Manual,1,0
1855,40000,1,0,Bachellors,Skilled Manual,1,0
1856,40000,1,0,Bachellors,Skilled Manual,1,0
1857,40000,1,0,Bachellors,Skilled Manual,1,0
1858,40000,1,0,Bachellors,Skilled Manual,1,0
1859,30000,1,0,Partial College,Clerical,1,1
1860,30000,1,0,Partial College,Clerical,1,1
1861,40000,1,0,Bachellors,Skilled Manual,1,1
1862,40000,1,0,Bachellors,Skilled Manual,1,1
1863,30000,3,3,Partial College,Clerical,1,2
1864,30000,4,4,Partial College,Clerical,1,1
1865,30000,4,4,Partial College,Clerical,1,2
1866,20000,0,0,High School,Manual,0,1
1867,10000,0,0,Partial High School,Manual,1,2
1868,10000,0,0,Partial High School,Manual,1,2
1869,20000,0,0,High School,Manual,0,1
1870,20000,0,0,High School,Manual,0,1
1871,20000,0,0,Partial High School,Manual,0,1
1872,30000,0,0,Partial College,Clerical,0,1
1873,30000,0,0,Partial College,Clerical,0,1
1874,20000,0,0,Partial High School,Manual,0,2
1875,20000,0,0,Partial High School,Manual,0,2
1876,60000,4,0,Graduate Degree,Skilled Manual,1,0
1877,60000,4,0,Graduate Degree,Skilled Manual,1,0
1878,60000,4,0,Graduate Degree,Skilled Manual,1,0
1879,40000,4,4,High School,Skilled Manual,1,3
1880,40000,0,0,Graduate Degree,Skilled Manual,1,0
1881,50000,0,0,Graduate Degree,Skilled Manual,0,0
1882,50000,1,0,Graduate Degree,Skilled Manual,1,0
1883,50000,1,0,Graduate Degree,Skilled Manual,1,0
1884,60000,1,0,Graduate Degree,Skilled Manual,1,0
1885,60000,1,0,Graduate Degree,Skilled Manual,1,0
1886,60000,1,0,Graduate Degree,Skilled Manual,1,0
1887,60000,1,0,Graduate Degree,Skilled Manual,1,0
1888,60000,1,1,Graduate Degree,Skilled Manual,1,0
1889,60000,1,1,Graduate Degree,Skilled Manual,1,0
1890,60000,1,1,Graduate Degree,Skilled Manual,1,0
1891,60000,1,1,Graduate Degree,Skilled Manual,1,0
1892,60000,1,1,Graduate Degree,Skilled Manual,1,0
1893,40000,1,1,Graduate Degree,Skilled Manual,1,0
1894,70000,2,0,Graduate Degree,Professional,1,0
1895,70000,2,0,Graduate Degree,Professional,1,0
1896,50000,1,1,Bachellors,Skilled Manual,1,0
1897,50000,1,1,Bachellors,Skilled Manual,1,0
1898,50000,1,1,Bachellors,Skilled Manual,1,0
1899,50000,1,1,Bachellors,Skilled Manual,1,0
1900,50000,1,1,Bachellors,Skilled Manual,1,1
1901,60000,1,0,Graduate Degree,Professional,1,0
1902,50000,2,2,Bachellors,Skilled Manual,1,0
1903,50000,2,2,Bachellors,Skilled Manual,1,0
1904,50000,2,2,Bachellors,Skilled Manual,1,0
1905,50000,2,2,Bachellors,Skilled Manual,1,0
1906,60000,1,0,Graduate Degree,Professional,1,0
1907,60000,1,0,Graduate Degree,Professional,1,0
1908,60000,1,0,Graduate Degree,Professional,1,0
1909,60000,1,0,Graduate Degree,Professional,1,0
1910,60000,1,0,Graduate Degree,Professional,1,0
1911,60000,1,0,Graduate Degree,Professional,1,0
1912,60000,1,0,Graduate Degree,Professional,1,0
1913,40000,4,4,High School,Skilled Manual,1,3
1914,60000,2,2,Bachellors,Skilled Manual,1,0
1915,40000,0,0,Bachellors,Professional,0,1
1916,40000,0,0,Bachellors,Professional,0,1
1917,60000,1,0,Graduate Degree,Professional,1,0
1918,70000,4,0,Graduate Degree,Professional,1,0
1919,80000,2,0,Graduate Degree,Professional,1,0
1920,70000,2,2,Bachellors,Skilled Manual,0,1
1921,70000,2,2,Bachellors,Skilled Manual,1,1
1922,60000,3,3,Bachellors,Skilled Manual,0,0
1923,60000,3,3,Bachellors,Skilled Manual,1,0
1924,60000,3,3,Bachellors,Skilled Manual,1,0
1925,60000,3,3,Bachellors,Skilled Manual,1,0
1926,60000,0,0,Graduate Degree,Professional,1,0
1927,70000,4,0,Graduate Degree,Professional,1,0
1928,70000,4,0,Graduate Degree,Professional,1,0
1929,60000,2,0,Graduate Degree,Professional,1,0
1930,70000,5,0,Graduate Degree,Professional,1,0
1931,70000,5,0,Graduate Degree,Professional,1,0
1932,70000,5,5,Graduate Degree,Professional,1,2
1933,70000,5,5,Graduate Degree,Professional,1,3
1934,70000,5,5,Graduate Degree,Professional,0,3
1935,80000,3,0,Graduate Degree,Professional,1,0
1936,80000,3,0,Graduate Degree,Professional,1,0
1937,40000,0,0,Bachellors,Professional,1,1
1938,40000,0,0,Bachellors,Professional,0,1
1939,40000,0,0,Bachellors,Professional,0,1
1940,80000,3,3,Bachellors,Skilled Manual,1,1
1941,80000,3,3,Bachellors,Skilled Manual,1,2
1942,80000,3,3,Bachellors,Skilled Manual,1,2
1943,80000,3,3,Bachellors,Skilled Manual,1,2
1944,80000,3,3,Bachellors,Skilled Manual,1,3
1945,80000,4,4,Bachellors,Skilled Manual,1,0
1946,60000,0,0,Graduate Degree,Professional,1,1
1947,60000,0,0,Graduate Degree,Professional,1,1
1948,40000,0,0,Bachellors,Professional,0,1
1949,50000,5,5,Bachellors,Skilled Manual,1,2
1950,50000,5,5,Bachellors,Skilled Manual,1,3
1951,50000,5,5,Bachellors,Skilled Manual,1,3
1952,40000,0,0,Bachellors,Professional,0,1
1953,60000,0,0,Bachellors,Professional,0,1
1954,60000,3,2,Graduate Degree,Professional,1,0
1955,70000,1,0,Bachellors,Professional,0,1
1956,70000,1,0,Bachellors,Professional,1,1
1957,70000,1,0,Bachellors,Professional,1,1
1958,70000,1,0,Bachellors,Professional,0,1
1959,70000,1,0,Bachellors,Professional,0,1
1960,70000,1,0,Bachellors,Professional,1,1
1961,70000,1,0,Bachellors,Professional,0,1
1962,70000,1,0,Partial College,Skilled Manual,1,1
1963,70000,1,0,Partial College,Skilled Manual,1,1
1964,70000,1,0,Partial College,Skilled Manual,1,1
1965,70000,1,0,Partial College,Skilled Manual,1,1
1966,40000,4,3,High School,Skilled Manual,1,3
1967,40000,4,3,High School,Skilled Manual,1,3
1968,40000,4,2,High School,Skilled Manual,1,2
1969,60000,1,0,Partial College,Skilled Manual,1,1
1970,40000,4,2,High School,Skilled Manual,0,2
1971,40000,4,2,High School,Skilled Manual,1,2
1972,40000,0,0,Bachellors,Professional,0,1
1973,70000,0,0,Partial College,Skilled Manual,0,1
1974,70000,0,0,Partial College,Skilled Manual,1,1
1975,60000,0,0,Graduate Degree,Professional,1,1
1976,60000,0,0,Graduate Degree,Professional,0,1
1977,60000,0,0,Graduate Degree,Professional,0,1
1978,60000,0,0,Graduate Degree,Professional,0,1
1979,20000,3,0,High School,Skilled Manual,0,2
1980,60000,1,0,Partial College,Skilled Manual,1,1
1981,80000,2,0,Graduate Degree,Professional,1,0
1982,80000,3,0,Graduate Degree,Professional,1,0
1983,80000,1,0,Partial College,Skilled Manual,1,1
1984,60000,1,0,Bachellors,Professional,1,1
1985,60000,1,0,Bachellors,Professional,1,1
1986,70000,5,4,Graduate Degree,Professional,1,0
1987,80000,5,0,Graduate Degree,Professional,1,0
1988,90000,1,0,Graduate Degree,Management,0,0
1989,90000,1,0,Graduate Degree,Management,1,0
1990,100000,1,0,Graduate Degree,Management,1,0
1991,100000,1,0,Graduate Degree,Management,1,0
1992,60000,2,2,Bachellors,Professional,1,1
1993,60000,2,2,Bachellors,Professional,1,1
1994,60000,2,2,Bachellors,Professional,1,1
1995,80000,4,4,Graduate Degree,Management,1,1
1996,80000,5,5,Graduate Degree,Management,1,2
1997,90000,2,0,Bachellors,Professional,1,0
1998,60000,2,2,Bachellors,Professional,1,1
1999,60000,2,2,Bachellors,Professional,0,1
2000,70000,5,5,Bachellors,Professional,1,3
2001,110000,1,0,Graduate Degree,Management,1,1
2002,130000,1,0,Graduate Degree,Management,1,1
2003,80000,5,5,Graduate Degree,Management,0,2
2004,80000,5,5,Graduate Degree,Management,1,2
2005,80000,5,5,Graduate Degree,Management,0,2
2006,80000,5,5,Graduate Degree,Management,0,3
2007,90000,0,0,Bachellors,Professional,0,0
2008,60000,2,2,Bachellors,Professional,0,1
2009,60000,3,3,Bachellors,Professional,1,1
2010,60000,3,3,Bachellors,Professional,1,1
2011,60000,3,3,Bachellors,Professional,1,2
2012,70000,0,0,Bachellors,Professional,0,1
2013,70000,0,0,Bachellors,Professional,0,1
2014,60000,4,4,Bachellors,Professional,0,1
2015,100000,2,0,Bachellors,Management,1,2
2016,100000,2,0,Bachellors,Management,0,3
2017,110000,1,1,Graduate Degree,Management,1,2
2018,30000,0,0,Partial College,Skilled Manual,1,1
2019,10000,5,0,High School,Skilled Manual,1,4
2020,60000,0,0,Partial College,Skilled Manual,1,1
2021,10000,2,1,Partial High School,Clerical,1,2
2022,30000,2,0,Partial College,Clerical,1,2
2023,10000,2,1,Partial High School,Clerical,1,2
2024,20000,4,0,High School,Skilled Manual,1,2
2025,30000,2,0,Partial College,Clerical,0,2
2026,30000,2,0,Partial College,Clerical,0,2
2027,10000,2,1,Partial High School,Clerical,1,2
2028,40000,0,0,Partial High School,Clerical,1,2
2029,30000,0,0,Partial College,Skilled Manual,1,1
2030,30000,0,0,Partial College,Skilled Manual,0,1
2031,60000,0,0,Partial College,Skilled Manual,1,2
2032,60000,0,0,Partial College,Skilled Manual,0,2
2033,70000,0,0,Partial College,Skilled Manual,1,2
2034,60000,0,0,Partial College,Skilled Manual,0,2
2035,20000,2,1,Partial High School,Clerical,1,2
2036,30000,3,0,Partial College,Clerical,0,2
2037,30000,3,0,Partial College,Clerical,1,2
2038,30000,3,0,High School,Skilled Manual,0,2
2039,40000,2,0,Bachellors,Management,0,2
2040,20000,0,0,Partial College,Skilled Manual,0,2
2041,30000,3,0,High School,Skilled Manual,1,2
2042,30000,3,0,High School,Skilled Manual,0,2
2043,30000,3,0,High School,Skilled Manual,1,2
2044,30000,3,0,High School,Skilled Manual,0,2
2045,30000,3,0,High School,Skilled Manual,0,2
2046,30000,3,0,High School,Skilled Manual,1,2
2047,30000,3,0,High School,Skilled Manual,1,2
2048,40000,2,0,Partial College,Clerical,0,2
2049,40000,2,0,Partial College,Skilled Manual,1,2
2050,40000,3,0,Partial College,Skilled Manual,0,2
2051,40000,3,0,Partial College,Skilled Manual,0,2
2052,80000,2,0,Partial College,Skilled Manual,0,2
2053,40000,0,0,Partial College,Skilled Manual,0,2
2054,40000,0,0,Partial College,Skilled Manual,0,2
2055,40000,0,0,Partial College,Skilled Manual,1,2
2056,30000,0,0,High School,Skilled Manual,1,2
2057,30000,0,0,High School,Skilled Manual,1,2
2058,30000,0,0,High School,Skilled Manual,1,2
2059,30000,0,0,High School,Skilled Manual,1,2
2060,30000,0,0,High School,Skilled Manual,1,2
2061,30000,0,0,High School,Skilled Manual,1,2
2062,40000,0,0,High School,Skilled Manual,0,2
2063,40000,0,0,High School,Skilled Manual,1,2
2064,40000,0,0,High School,Skilled Manual,1,2
2065,40000,0,0,High School,Skilled Manual,0,2
2066,30000,0,0,High School,Skilled Manual,0,2
2067,30000,0,0,High School,Skilled Manual,0,2
2068,30000,0,0,High School,Skilled Manual,1,2
2069,30000,0,0,High School,Skilled Manual,0,2
2070,30000,0,0,High School,Skilled Manual,1,2
2071,60000,0,0,Partial College,Skilled Manual,1,2
2072,60000,0,0,Partial College,Skilled Manual,1,2
2073,70000,0,0,Partial College,Professional,1,2
2074,60000,0,0,Partial College,Professional,1,2
2075,60000,0,0,Partial College,Professional,1,2
2076,80000,2,0,High School,Skilled Manual,0,2
2077,80000,2,0,High School,Skilled Manual,0,2
2078,70000,2,0,High School,Skilled Manual,0,2
2079,70000,2,0,High School,Skilled Manual,1,2
2080,80000,2,0,High School,Professional,0,2
2081,80000,2,0,High School,Professional,0,2
2082,80000,2,0,High School,Professional,0,2
2083,130000,0,1,Graduate Degree,Management,1,0
2084,70000,0,0,Partial College,Professional,1,2
2085,30000,0,0,High School,Professional,0,2
2086,30000,0,0,Partial High School,Skilled Manual,1,2
2087,60000,0,0,Partial College,Professional,1,2
2088,60000,0,0,Partial College,Professional,1,2
2089,60000,0,0,Partial College,Professional,0,2
2090,120000,1,2,Bachellors,Management,1,2
2091,130000,0,1,Graduate Degree,Management,0,3
2092,130000,0,1,Graduate Degree,Management,0,3
2093,130000,0,1,Graduate Degree,Management,1,4
2094,80000,2,0,Partial High School,Skilled Manual,0,2
2095,60000,2,0,High School,Professional,0,2
2096,60000,2,0,High School,Professional,1,2
2097,60000,2,0,High School,Professional,0,2
2098,60000,2,0,High School,Professional,0,2
2099,60000,2,0,High School,Professional,0,2
2100,70000,3,2,Partial College,Professional,0,0
2101,80000,2,1,Bachellors,Management,0,0
2102,90000,2,0,Partial College,Professional,1,1
2103,90000,2,0,Partial College,Professional,1,1
2104,70000,0,0,Bachellors,Professional,0,1
2105,70000,0,0,Bachellors,Professional,0,1
2106,60000,1,0,Bachellors,Professional,1,1
2107,60000,1,0,Bachellors,Professional,1,1
2108,60000,1,0,Bachellors,Professional,1,1
2109,60000,1,0,Bachellors,Professional,1,1
2110,60000,1,0,Bachellors,Professional,1,1
2111,60000,1,0,Partial College,Skilled Manual,1,1
2112,60000,1,0,Partial College,Skilled Manual,1,1
2113,60000,1,0,Partial College,Skilled Manual,1,1
2114,100000,0,0,Bachellors,Professional,0,1
2115,100000,0,0,Bachellors,Professional,0,1
2116,110000,0,0,Graduate Degree,Management,1,1
2117,110000,0,0,Graduate Degree,Management,0,2
2118,110000,0,0,Graduate Degree,Management,0,3
2119,60000,1,0,Partial College,Skilled Manual,1,1
2120,70000,0,0,Bachellors,Professional,0,1
2121,80000,5,5,Bachellors,Professional,1,4
2122,80000,5,5,Bachellors,Professional,1,4
2123,80000,0,0,Bachellors,Professional,1,1
2124,70000,0,0,Bachellors,Professional,0,1
2125,70000,0,0,Bachellors,Professional,0,1
2126,70000,0,0,Bachellors,Professional,0,1
2127,70000,0,0,Bachellors,Professional,0,1
2128,70000,0,0,Bachellors,Professional,0,1
2129,70000,0,0,Bachellors,Professional,0,1
2130,70000,0,0,Bachellors,Professional,1,1
2131,90000,1,0,Bachellors,Professional,1,1
2132,90000,1,0,Bachellors,Professional,1,1
2133,90000,1,0,Bachellors,Professional,1,1
2134,100000,5,0,Bachellors,Professional,1,1
2135,50000,1,0,Graduate Degree,Management,1,1
2136,80000,1,0,Partial College,Skilled Manual,1,1
2137,30000,2,0,Partial College,Clerical,0,2
2138,70000,5,4,Partial College,Skilled Manual,0,3
2139,70000,5,4,Partial College,Skilled Manual,1,3
2140,70000,1,0,Partial College,Skilled Manual,0,1
2141,40000,2,0,Bachellors,Management,1,1
2142,40000,2,0,Bachellors,Management,1,1
2143,40000,0,0,High School,Skilled Manual,1,1
2144,40000,0,0,High School,Skilled Manual,1,2
2145,40000,0,0,High School,Skilled Manual,0,2
2146,40000,0,0,High School,Skilled Manual,1,2
2147,40000,0,0,High School,Skilled Manual,0,2
2148,30000,0,0,High School,Skilled Manual,0,2
2149,30000,0,0,High School,Skilled Manual,1,2
2150,10000,5,0,High School,Skilled Manual,1,2
2151,30000,2,0,Partial College,Clerical,1,2
2152,40000,0,0,High School,Skilled Manual,1,2
2153,40000,0,0,High School,Skilled Manual,1,2
2154,40000,0,0,High School,Skilled Manual,1,2
2155,40000,0,0,High School,Skilled Manual,0,2
2156,60000,2,0,Graduate Degree,Management,1,1
2157,30000,2,0,Partial College,Clerical,0,2
2158,30000,2,0,Partial College,Clerical,0,2
2159,40000,2,0,Bachellors,Management,1,2
2160,40000,2,0,Bachellors,Management,1,2
2161,70000,2,0,Graduate Degree,Management,1,1
2162,40000,0,0,High School,Skilled Manual,1,2
2163,40000,0,0,Partial College,Skilled Manual,1,1
2164,40000,0,0,Partial College,Skilled Manual,1,1
2165,40000,0,0,Partial College,Skilled Manual,1,1
2166,40000,0,0,Partial College,Skilled Manual,0,1
2167,40000,0,0,Partial College,Skilled Manual,0,1
2168,30000,0,0,Partial College,Skilled Manual,0,1
2169,30000,0,0,Partial College,Skilled Manual,1,1
2170,80000,0,0,Bachellors,Management,0,1
2171,80000,0,0,Bachellors,Management,1,1
2172,80000,0,0,Bachellors,Management,1,1
2173,80000,0,0,Bachellors,Management,0,1
2174,80000,0,0,Bachellors,Management,0,1
2175,80000,0,0,Bachellors,Management,0,1
2176,90000,4,4,Bachellors,Management,1,1
2177,130000,0,0,Graduate Degree,Management,0,2
2178,70000,0,0,Partial College,Skilled Manual,0,2
2179,80000,4,3,Bachellors,Management,1,0
2180,80000,5,0,Bachellors,Management,1,2
2181,80000,5,0,Bachellors,Management,1,2
2182,90000,5,0,Bachellors,Management,1,2
2183,90000,5,0,Bachellors,Management,0,2
2184,90000,5,0,Bachellors,Management,1,2
2185,90000,5,0,Bachellors,Management,1,2
2186,100000,2,3,Graduate Degree,Management,1,3
2187,110000,2,4,Graduate Degree,Management,0,2
2188,110000,2,4,Graduate Degree,Management,1,2
2189,120000,2,4,Graduate Degree,Management,1,3
2190,120000,2,4,Graduate Degree,Management,1,3
2191,120000,2,4,Graduate Degree,Management,1,3
2192,90000,5,0,Bachellors,Management,1,2
2193,110000,2,4,Bachellors,Management,1,2
2194,110000,2,4,Bachellors,Management,1,2
2195,110000,2,4,Bachellors,Management,1,2
2196,110000,2,4,Bachellors,Management,1,2
2197,110000,2,4,Bachellors,Management,0,3
2198,120000,2,4,Graduate Degree,Management,1,3
2199,120000,2,4,Bachellors,Management,1,4
2200,130000,2,3,Bachellors,Management,0,4
2201,130000,2,3,Bachellors,Management,0,4
2202,70000,4,0,Bachellors,Management,1,2
2203,70000,4,0,Bachellors,Management,0,2
2204,70000,4,0,Bachellors,Management,1,2
2205,70000,4,0,Bachellors,Management,1,2
2206,70000,5,0,Bachellors,Management,1,2
2207,70000,5,0,Bachellors,Management,1,2
2208,70000,5,0,Bachellors,Management,1,2
2209,70000,5,0,Bachellors,Management,1,3
2210,60000,4,0,Bachellors,Management,1,2
2211,60000,4,0,Bachellors,Management,1,2
2212,60000,4,0,Bachellors,Management,1,2
2213,60000,4,0,Bachellors,Management,1,2
2214,60000,4,0,Bachellors,Management,1,2
2215,60000,4,0,Bachellors,Management,1,3
2216,60000,5,0,Bachellors,Management,1,3
2217,60000,5,0,Bachellors,Management,1,3
2218,60000,5,0,Bachellors,Management,1,3
2219,60000,5,0,Bachellors,Management,1,3
2220,60000,5,0,Bachellors,Management,1,3
2221,70000,3,1,Bachellors,Management,1,1
2222,70000,3,1,Bachellors,Management,1,1
2223,70000,4,1,Bachellors,Management,0,1
2224,70000,4,1,Bachellors,Management,1,1
2225,70000,4,1,Bachellors,Management,1,1
2226,60000,5,0,Bachellors,Management,0,3
2227,60000,5,0,Bachellors,Management,1,3
2228,60000,5,0,Bachellors,Management,1,3
2229,60000,5,0,Bachellors,Management,1,3
2230,70000,4,1,Bachellors,Management,1,1
2231,70000,4,1,Bachellors,Management,1,1
2232,40000,2,1,High School,Professional,1,2
2233,60000,2,1,Partial College,Professional,1,1
2234,60000,2,1,Partial College,Professional,1,1
2235,60000,2,1,Partial College,Professional,1,1
2236,60000,2,1,Partial College,Professional,1,2
2237,60000,2,1,Partial College,Professional,1,2
2238,70000,4,1,Bachellors,Management,0,2
2239,70000,4,1,Bachellors,Management,1,2
2240,40000,2,1,Partial High School,Skilled Manual,1,2
2241,60000,2,1,Bachellors,Management,1,0
2242,40000,2,1,Partial High School,Skilled Manual,1,2
2243,70000,4,2,Partial College,Professional,1,1
2244,70000,2,1,High School,Professional,1,2
2245,70000,2,1,High School,Professional,1,2
2246,60000,2,1,Partial College,Professional,0,1
2247,60000,3,1,High School,Professional,1,2
2248,60000,3,1,High School,Professional,1,2
2249,60000,3,1,High School,Professional,1,2
2250,70000,4,2,Partial College,Professional,1,2
2251,70000,4,2,Partial College,Professional,1,2
2252,130000,2,3,Partial College,Professional,1,4
2253,130000,2,4,Partial College,Professional,1,2
2254,130000,2,4,Partial College,Professional,1,2
2255,150000,1,3,Partial College,Professional,1,3
2256,130000,2,4,Partial College,Professional,1,2
2257,130000,2,4,Partial College,Professional,0,2
2258,130000,2,4,Partial College,Professional,1,2
2259,130000,2,4,Partial College,Professional,1,2
2260,130000,2,4,Partial College,Professional,0,2
2261,130000,3,4,Partial College,Professional,1,2
2262,130000,3,4,Partial College,Professional,0,2
2263,150000,2,3,High School,Professional,1,4
2264,110000,2,4,Partial College,Professional,1,4
2265,120000,3,4,High School,Professional,1,4
2266,120000,3,4,High School,Professional,1,4
2267,70000,3,0,Partial College,Professional,0,2
2268,30000,4,0,High School,Professional,0,2
2269,40000,3,0,Partial College,Professional,0,2
2270,50000,2,0,Graduate Degree,Management,0,2
2271,50000,2,0,Graduate Degree,Management,1,2
2272,50000,2,0,Graduate Degree,Management,1,2
2273,90000,3,0,Graduate Degree,Management,1,1
2274,110000,1,2,Graduate Degree,Management,1,2
2275,90000,4,4,Partial College,Professional,1,3
2276,100000,3,1,Bachellors,Management,1,4
2277,100000,3,1,Bachellors,Management,1,4
2278,100000,4,1,Partial College,Professional,1,4
2279,110000,2,2,Bachellors,Management,1,3
2280,130000,1,1,Graduate Degree,Management,1,4
2281,90000,5,5,Partial College,Professional,1,3
2282,110000,4,2,Bachellors,Management,1,4
2283,120000,4,2,Partial College,Professional,1,4
2284,80000,3,0,Partial College,Professional,0,2
2285,80000,3,0,Partial College,Professional,0,2
2286,80000,4,3,Partial College,Professional,1,2
2287,90000,0,0,Partial College,Professional,0,1
2288,110000,4,2,Bachellors,Management,1,4
2289,120000,4,3,Partial College,Professional,1,3
2290,70000,5,4,Partial College,Professional,1,3
2291,80000,5,4,Partial College,Professional,1,3
2292,80000,5,4,Partial College,Professional,1,3
2293,90000,5,4,Partial College,Professional,1,4
2294,110000,1,3,Bachellors,Management,1,2
2295,80000,5,4,Partial College,Professional,1,3
2296,90000,4,3,High School,Professional,1,2
2297,110000,1,3,Bachellors,Management,1,3
2298,110000,1,3,Partial College,Professional,1,4
2299,130000,1,3,Bachellors,Management,0,3
2300,130000,1,3,Bachellors,Management,1,3
2301,60000,2,0,High School,Professional,0,2
2302,60000,2,0,High School,Professional,1,2
2303,60000,2,0,High School,Professional,1,2
2304,70000,4,3,High School,Professional,1,0
2305,70000,4,3,High School,Professional,1,0
2306,70000,4,3,High School,Professional,1,0
2307,70000,4,3,High School,Professional,0,0
2308,100000,2,2,Graduate Degree,Management,1,4
2309,60000,2,0,Graduate Degree,Management,1,2
2310,90000,4,0,Bachellors,Management,1,2
2311,100000,0,3,Partial College,Professional,1,0
2312,100000,0,3,Partial College,Professional,1,1
2313,110000,3,3,Partial College,Professional,1,4
2314,120000,1,3,High School,Professional,0,4
2315,120000,1,3,High School,Professional,1,4
2316,80000,2,0,Partial High School,Skilled Manual,1,2
2317,80000,3,0,Partial High School,Skilled Manual,1,2
2318,60000,2,0,High School,Professional,1,2
2319,60000,2,0,Partial High School,Skilled Manual,1,2
2320,70000,3,1,High School,Professional,1,1
2321,70000,3,0,Graduate Degree,Management,0,2
2322,70000,3,0,Graduate Degree,Management,0,2
2323,70000,3,0,Graduate Degree,Management,1,2
2324,70000,3,0,Graduate Degree,Management,0,2
2325,130000,2,3,Bachellors,Management,1,3
2326,90000,5,0,Bachellors,Management,0,2
2327,130000,2,3,Bachellors,Management,0,4
2328,170000,1,1,Graduate Degree,Management,1,4
2329,80000,4,0,Graduate Degree,Management,1,2
2330,90000,5,0,Bachellors,Management,1,2
2331,100000,2,3,Graduate Degree,Management,1,3
2332,130000,2,3,Bachellors,Management,1,4
2333,90000,5,0,Bachellors,Management,1,2
2334,90000,5,0,Bachellors,Management,0,2
2335,90000,5,0,Bachellors,Management,1,2
2336,90000,5,0,Bachellors,Management,1,2
2337,100000,2,3,Graduate Degree,Management,1,3
2338,80000,5,0,Bachellors,Management,1,2
2339,90000,5,0,Bachellors,Management,1,2
2340,90000,5,0,Bachellors,Management,1,2
2341,90000,5,0,Bachellors,Management,1,2
2342,90000,5,0,Bachellors,Management,1,2
2343,90000,5,0,Bachellors,Management,1,2
2344,90000,5,0,Bachellors,Management,1,2
2345,110000,2,4,Bachellors,Management,1,2
2346,130000,2,3,Bachellors,Management,1,4
2347,110000,2,4,Bachellors,Management,1,3
2348,120000,2,4,Bachellors,Management,1,4
2349,130000,2,3,Bachellors,Management,1,4
2350,130000,2,3,Bachellors,Management,1,4
2351,170000,2,3,Graduate Degree,Management,0,2
2352,70000,4,0,Bachellors,Management,1,2
2353,70000,4,0,Bachellors,Management,1,2
2354,60000,4,0,Graduate Degree,Management,1,2
2355,70000,5,0,Bachellors,Management,1,2
2356,70000,5,0,Bachellors,Management,1,2
2357,60000,4,0,Bachellors,Management,1,2
2358,60000,4,0,Bachellors,Management,1,2
2359,60000,4,0,Bachellors,Management,1,2
2360,60000,4,0,Bachellors,Management,1,2
2361,60000,5,0,Bachellors,Management,1,3
2362,60000,5,0,Bachellors,Management,1,3
2363,60000,5,0,Bachellors,Management,1,3
2364,70000,3,1,Bachellors,Management,1,1
2365,70000,4,1,Bachellors,Management,1,1
2366,70000,4,1,Bachellors,Management,1,1
2367,70000,4,1,Bachellors,Management,1,1
2368,70000,4,1,Bachellors,Management,1,1
2369,70000,4,1,Bachellors,Management,0,1
2370,80000,5,0,Bachellors,Management,1,2
2371,60000,2,1,Partial College,Professional,1,1
2372,60000,2,1,Partial College,Professional,1,1
2373,60000,2,1,Partial College,Professional,1,2
2374,60000,2,1,Partial College,Professional,1,2
2375,60000,2,1,Partial College,Professional,0,2
2376,60000,2,1,Partial College,Professional,1,2
2377,60000,2,1,Partial College,Professional,1,2
2378,70000,4,1,Bachellors,Management,1,2
2379,70000,4,1,Partial College,Professional,1,2
2380,60000,2,1,Partial College,Professional,1,2
2381,60000,2,1,Bachellors,Management,0,0
2382,60000,2,1,Bachellors,Management,1,0
2383,70000,5,1,Partial College,Professional,1,2
2384,60000,2,1,Partial College,Professional,1,2
2385,60000,2,1,Partial College,Professional,1,2
2386,60000,2,1,Partial College,Professional,1,2
2387,60000,2,1,Partial College,Professional,0,2
2388,60000,2,1,Partial College,Professional,1,1
2389,60000,2,1,Partial College,Professional,1,1
2390,70000,4,2,Partial College,Professional,0,1
2391,70000,4,2,Partial College,Professional,0,1
2392,40000,2,1,Partial High School,Skilled Manual,1,3
2393,70000,2,1,High School,Professional,1,2
2394,70000,2,1,High School,Professional,1,2
2395,70000,2,1,High School,Professional,1,2
2396,70000,2,1,High School,Professional,1,2
2397,70000,2,1,High School,Professional,1,2
2398,60000,2,1,Partial College,Professional,1,1
2399,60000,2,1,Partial College,Professional,1,1
2400,60000,2,1,Partial College,Professional,0,2
2401,60000,2,1,Partial College,Professional,0,2
2402,60000,3,1,High School,Professional,1,2
2403,60000,3,1,High School,Professional,0,2
2404,70000,5,2,Partial College,Professional,1,2
2405,130000,2,4,Partial College,Professional,1,2
2406,110000,2,4,Partial College,Professional,1,3
2407,130000,2,4,Partial College,Professional,1,2
2408,150000,2,4,High School,Professional,0,2
2409,170000,2,3,Bachellors,Management,1,3
2410,110000,3,4,Partial College,Professional,1,4
2411,110000,3,4,Partial College,Professional,1,4
2412,130000,3,4,Partial College,Professional,0,3
2413,130000,3,4,Partial College,Professional,1,3
2414,60000,2,0,Graduate Degree,Management,1,2
2415,80000,3,0,Graduate Degree,Management,1,1
2416,100000,1,1,Graduate Degree,Management,1,3
2417,110000,1,2,Graduate Degree,Management,0,2
2418,110000,1,2,Graduate Degree,Management,1,3
2419,90000,4,4,Partial College,Professional,1,3
2420,90000,5,5,Partial College,Professional,1,3
2421,120000,3,2,Bachellors,Management,1,4
2422,130000,2,2,Graduate Degree,Management,1,2
2423,160000,0,0,Graduate Degree,Management,0,4
2424,80000,4,3,Bachellors,Management,1,0
2425,90000,5,5,Partial College,Professional,1,3
2426,90000,5,5,Partial College,Professional,1,3
2427,110000,3,2,Bachellors,Management,1,4
2428,130000,2,2,Bachellors,Management,0,3
2429,130000,3,2,Bachellors,Management,1,3
2430,150000,2,0,Bachellors,Management,1,3
2431,150000,2,0,Bachellors,Management,1,4
2432,70000,3,2,Partial College,Professional,1,0
2433,80000,3,0,Partial College,Professional,1,1
2434,90000,2,1,Partial College,Professional,1,1
2435,50000,2,0,Graduate Degree,Management,1,2
2436,70000,4,0,Graduate Degree,Management,1,2
2437,90000,0,0,Partial College,Professional,1,1
2438,90000,0,0,Partial College,Professional,1,1
2439,90000,0,0,Partial College,Professional,0,2
2440,110000,4,2,Bachellors,Management,1,4
2441,80000,5,4,Partial College,Professional,1,3
2442,90000,5,4,Partial College,Professional,1,4
2443,90000,5,4,Partial College,Professional,0,4
2444,100000,1,2,Partial College,Professional,1,3
2445,110000,1,3,Bachellors,Management,0,2
2446,120000,1,3,Partial College,Professional,0,4
2447,120000,1,3,Partial College,Professional,1,4
2448,130000,1,2,Bachellors,Management,1,4
2449,130000,1,2,Bachellors,Management,1,4
2450,80000,5,4,Partial College,Professional,1,3
2451,90000,4,3,High School,Professional,1,1
2452,110000,1,3,Partial College,Professional,0,4
2453,130000,1,3,Bachellors,Management,1,1
2454,130000,1,3,Bachellors,Management,1,3
2455,130000,1,3,Bachellors,Management,1,3
2456,130000,3,3,Bachellors,Management,1,3
2457,80000,2,0,Partial High School,Skilled Manual,1,2
2458,60000,2,0,High School,Professional,0,2
2459,60000,2,0,High School,Professional,0,2
2460,60000,2,0,High School,Professional,0,2
2461,80000,2,0,Partial High School,Skilled Manual,0,2
2462,130000,2,3,Graduate Degree,Management,0,3
2463,50000,2,0,Graduate Degree,Management,1,2
2464,60000,2,0,Graduate Degree,Management,1,2
2465,70000,4,0,Graduate Degree,Management,1,2
2466,100000,2,2,Graduate Degree,Management,1,4
2467,80000,5,4,Partial College,Professional,1,3
2468,90000,4,3,High School,Professional,0,2
2469,100000,3,2,Partial College,Professional,1,4
2470,100000,0,3,Partial College,Professional,1,1
2471,100000,0,3,Partial College,Professional,1,2
2472,120000,1,3,High School,Professional,1,4
2473,80000,2,0,Partial High School,Skilled Manual,1,2
2474,80000,3,0,Partial High School,Skilled Manual,0,2
2475,60000,2,0,Partial High School,Skilled Manual,0,2
2476,60000,2,0,Partial High School,Skilled Manual,1,2
2477,60000,2,0,Partial High School,Skilled Manual,0,2
2478,70000,3,1,High School,Professional,1,0
2479,70000,3,1,High School,Professional,1,0
2480,70000,3,0,Graduate Degree,Management,1,2
2481,70000,3,0,Graduate Degree,Management,1,2
2482,70000,3,0,Graduate Degree,Management,1,2
2483,40000,3,0,Partial College,Professional,0,2
2484,40000,3,0,Partial College,Professional,0,2
2485,110000,2,3,Graduate Degree,Management,1,4
2486,130000,2,3,Graduate Degree,Management,1,3
2487,130000,2,3,Bachellors,Management,0,4
2488,150000,1,3,Graduate Degree,Management,1,2
2489,120000,2,4,Graduate Degree,Management,1,3
2490,90000,5,0,Bachellors,Management,1,2
2491,120000,2,4,Graduate Degree,Management,1,3
2492,120000,2,4,Graduate Degree,Management,1,3
2493,130000,2,3,Bachellors,Management,1,4
2494,10000,1,0,Graduate Degree,Manual,1,0
2495,10000,1,0,Graduate Degree,Manual,1,0
2496,20000,1,0,Graduate Degree,Clerical,1,0
2497,20000,1,0,Graduate Degree,Clerical,1,0
2498,20000,1,0,Graduate Degree,Clerical,1,0
2499,30000,4,0,Graduate Degree,Clerical,1,0
2500,30000,4,0,Graduate Degree,Clerical,1,0
2501,10000,1,0,Bachellors,Manual,1,0
2502,10000,1,0,Bachellors,Manual,1,0
2503,10000,1,0,Bachellors,Manual,1,0
2504,10000,1,0,Partial College,Manual,1,0
2505,10000,2,0,Partial College,Manual,1,0
2506,10000,2,0,Partial College,Manual,1,0
2507,10000,2,0,Partial College,Manual,1,0
2508,10000,2,0,Partial College,Manual,1,0
2509,20000,1,0,Graduate Degree,Clerical,1,0
2510,30000,1,0,Graduate Degree,Clerical,1,0
2511,10000,2,0,Partial College,Manual,1,1
2512,10000,2,0,Partial College,Manual,1,1
2513,10000,2,0,Partial College,Manual,1,1
2514,30000,1,0,Bachellors,Clerical,1,0
2515,10000,3,0,Partial College,Manual,1,1
2516,20000,1,0,Partial College,Manual,1,0
2517,30000,1,0,Bachellors,Clerical,1,0
2518,30000,1,0,Bachellors,Clerical,1,0
2519,10000,0,0,Partial College,Manual,0,1
2520,10000,0,0,Partial College,Manual,1,1
2521,10000,0,0,Partial College,Manual,1,1
2522,10000,0,0,Partial College,Manual,1,1
2523,10000,0,0,High School,Manual,1,2
2524,10000,0,0,High School,Manual,1,2
2525,20000,0,0,Bachellors,Clerical,0,0
2526,20000,0,0,Bachellors,Clerical,1,0
2527,20000,0,0,Bachellors,Clerical,1,0
2528,20000,0,0,Partial College,Manual,1,0
2529,20000,0,0,Partial College,Manual,1,0
2530,20000,0,0,Partial College,Manual,0,0
2531,40000,1,0,Graduate Degree,Clerical,1,0
2532,30000,4,0,Graduate Degree,Clerical,1,0
2533,30000,4,0,Graduate Degree,Clerical,1,0
2534,30000,4,0,Graduate Degree,Clerical,1,0
2535,30000,3,0,Graduate Degree,Clerical,1,0
2536,20000,1,1,Partial College,Manual,0,0
2537,10000,1,1,High School,Manual,0,1
2538,10000,1,1,High School,Manual,0,1
2539,20000,2,0,Partial College,Manual,1,1
2540,30000,3,0,Graduate Degree,Clerical,1,0
2541,40000,3,0,Graduate Degree,Clerical,1,0
2542,40000,3,0,Graduate Degree,Clerical,1,0
2543,30000,1,0,Bachellors,Clerical,1,0
2544,30000,1,0,Bachellors,Clerical,1,0
2545,20000,0,0,Partial College,Manual,1,1
2546,30000,0,0,Bachellors,Clerical,1,0
2547,30000,0,0,Bachellors,Clerical,1,0
2548,10000,2,2,High School,Manual,1,0
2549,30000,0,0,Bachellors,Clerical,1,0
2550,10000,2,2,High School,Manual,1,0
2551,20000,0,0,Partial College,Manual,0,1
2552,30000,0,0,Bachellors,Clerical,1,0
2553,30000,0,0,Bachellors,Clerical,1,0
2554,30000,1,0,Bachellors,Clerical,1,0
2555,30000,1,0,Bachellors,Clerical,1,0
2556,40000,0,0,Graduate Degree,Clerical,1,0
2557,40000,0,0,Graduate Degree,Clerical,1,0
2558,40000,0,0,Graduate Degree,Clerical,1,0
2559,40000,0,0,Graduate Degree,Clerical,1,0
2560,50000,0,0,Graduate Degree,Skilled Manual,1,0
2561,50000,0,0,Graduate Degree,Skilled Manual,1,0
2562,50000,0,0,Graduate Degree,Skilled Manual,1,0
2563,50000,0,0,Graduate Degree,Skilled Manual,1,0
2564,50000,0,0,Graduate Degree,Skilled Manual,0,0
2565,10000,3,0,Partial College,Manual,0,2
2566,10000,3,0,Partial College,Manual,0,2
2567,10000,3,0,High School,Manual,1,2
2568,10000,4,0,High School,Manual,0,2
2569,10000,4,0,High School,Manual,0,2
2570,10000,2,2,High School,Manual,1,1
2571,10000,2,2,High School,Manual,1,1
2572,10000,2,2,High School,Manual,0,1
2573,10000,3,3,High School,Manual,1,0
2574,20000,1,1,Partial College,Manual,1,0
2575,20000,1,1,Partial College,Manual,0,0
2576,70000,5,1,High School,Professional,1,2
2577,160000,3,4,Bachellors,Management,0,3
2578,70000,5,1,High School,Professional,1,2
2579,70000,5,1,High School,Professional,1,3
2580,110000,3,4,Bachellors,Management,1,4
2581,110000,3,4,Bachellors,Management,0,4
2582,130000,4,4,Partial College,Professional,1,4
2583,130000,4,4,Partial College,Professional,1,4
2584,90000,3,1,High School,Professional,1,2
2585,70000,4,3,High School,Professional,1,1
2586,80000,4,2,Partial College,Professional,0,1
2587,80000,4,2,Partial College,Professional,1,2
2588,100000,3,4,High School,Professional,1,3
2589,130000,3,4,Partial College,Professional,1,4
2590,90000,4,2,Partial College,Professional,1,2
2591,170000,0,5,Bachellors,Management,0,3
2592,170000,0,5,Bachellors,Management,1,3
2593,70000,5,2,Partial High School,Skilled Manual,1,2
2594,100000,3,4,Partial College,Professional,1,4
2595,100000,3,4,Partial College,Professional,1,4
2596,70000,5,2,Partial High School,Skilled Manual,1,2
2597,80000,4,1,High School,Professional,0,3
2598,90000,4,1,High School,Professional,1,3
2599,120000,4,5,Partial College,Professional,1,3
2600,120000,4,5,Partial College,Professional,1,3
2601,170000,4,5,Partial College,Professional,0,4
2602,100000,3,4,Partial College,Management,1,4
2603,110000,4,5,Partial College,Management,1,2
2604,120000,4,5,Partial College,Management,1,3
2605,130000,4,5,High School,Management,0,3
2606,80000,5,1,High School,Management,0,3
2607,100000,3,4,Partial College,Management,1,4
2608,110000,4,5,High School,Management,1,3
2609,120000,4,5,High School,Management,1,3
2610,150000,5,5,High School,Management,1,4
2611,80000,5,1,High School,Management,1,4
2612,90000,4,1,High School,Management,1,3
2613,130000,5,5,Partial High School,Professional,0,4
2614,60000,0,0,Bachellors,Professional,1,3
2615,60000,0,0,Bachellors,Professional,1,4
2616,60000,0,0,Bachellors,Professional,0,4
2617,70000,0,0,Bachellors,Professional,1,2
2618,70000,0,0,Bachellors,Professional,1,3
2619,70000,0,0,Bachellors,Professional,0,3
2620,70000,0,0,Bachellors,Professional,1,3
2621,70000,0,0,Bachellors,Professional,0,3
2622,60000,0,0,Bachellors,Professional,1,4
2623,70000,0,0,Partial High School,Professional,1,4
2624,80000,0,0,Bachellors,Professional,1,3
2625,80000,0,0,Bachellors,Professional,1,3
2626,90000,0,0,Bachellors,Professional,1,3
2627,90000,0,0,Bachellors,Professional,0,3
2628,80000,0,0,Bachellors,Professional,1,3
2629,110000,0,5,Partial College,Management,1,3
2630,90000,0,0,Bachellors,Professional,1,3
2631,90000,0,0,Bachellors,Professional,0,3
2632,90000,0,0,Bachellors,Professional,1,3
2633,90000,0,0,Bachellors,Professional,0,3
2634,90000,0,0,Bachellors,Professional,1,3
2635,100000,0,5,High School,Management,1,3
2636,80000,0,0,Bachellors,Professional,1,4
2637,90000,0,0,Bachellors,Professional,0,3
2638,110000,0,5,Partial College,Management,1,3
2639,110000,0,5,High School,Management,1,4
2640,100000,0,5,High School,Management,1,3
2641,100000,0,5,High School,Management,0,4
2642,90000,0,0,Bachellors,Professional,0,4
2643,100000,0,5,High School,Management,0,4
2644,100000,0,5,Partial High School,Professional,1,4
2645,100000,0,5,Partial High School,Professional,1,4
2646,100000,0,5,Partial High School,Professional,1,4
2647,110000,0,5,High School,Management,1,4
2648,120000,0,5,Partial High School,Professional,1,4
2649,120000,0,5,Partial High School,Professional,1,4
2650,110000,0,5,Partial High School,Professional,1,4
2651,110000,0,5,Partial High School,Management,1,4
2652,120000,0,5,Partial High School,Management,1,4
2653,90000,5,0,Bachellors,Management,1,2
2654,90000,5,0,Bachellors,Management,1,2
2655,100000,2,3,Graduate Degree,Management,1,3
2656,100000,2,3,Graduate Degree,Management,1,3
2657,110000,2,4,Graduate Degree,Management,1,2
2658,110000,2,4,Graduate Degree,Management,1,2
2659,130000,2,3,Bachellors,Management,1,4
2660,130000,2,3,Bachellors,Management,1,4
2661,70000,5,0,Bachellors,Management,1,2
2662,40000,1,1,Bachellors,Skilled Manual,1,0
2663,20000,0,0,Partial High School,Manual,1,2
2664,10000,0,0,Partial High School,Manual,0,2
2665,10000,0,0,Partial High School,Manual,0,2
2666,10000,0,0,Partial High School,Manual,0,2
2667,20000,0,0,Partial High School,Manual,0,2
2668,20000,0,0,Partial High School,Manual,0,2
2669,60000,5,5,Bachellors,Professional,1,2
2670,60000,3,2,Bachellors,Professional,1,2
2671,60000,3,2,Bachellors,Professional,0,2
2672,30000,0,0,Partial College,Clerical,0,1
2673,20000,0,0,Partial High School,Manual,0,2
2674,20000,0,0,Partial High School,Manual,0,2
2675,20000,0,0,Partial High School,Manual,1,2
2676,20000,0,0,Partial High School,Manual,0,2
2677,20000,0,0,Partial High School,Manual,0,2
2678,30000,0,0,High School,Manual,0,1
2679,40000,1,1,Bachellors,Skilled Manual,1,0
2680,40000,1,1,Bachellors,Skilled Manual,1,0
2681,40000,1,1,Bachellors,Skilled Manual,1,0
2682,30000,0,0,High School,Manual,1,1
2683,30000,0,0,High School,Manual,0,1
2684,30000,0,0,High School,Manual,0,1
2685,10000,0,0,Partial High School,Manual,0,2
2686,40000,1,1,Bachellors,Skilled Manual,1,0
2687,40000,1,1,Bachellors,Skilled Manual,1,1
2688,40000,1,1,Bachellors,Skilled Manual,1,1
2689,50000,0,0,Graduate Degree,Skilled Manual,0,0
2690,50000,0,0,Graduate Degree,Skilled Manual,0,0
2691,20000,0,0,Partial High School,Manual,0,2
2692,40000,2,2,Partial College,Clerical,1,0
2693,40000,2,2,Partial College,Clerical,0,0
2694,20000,0,0,Partial High School,Manual,0,2
2695,30000,0,0,High School,Manual,1,1
2696,30000,0,0,High School,Manual,0,1
2697,40000,2,2,Partial College,Clerical,1,1
2698,40000,2,2,Partial College,Clerical,1,1
2699,40000,2,2,Partial College,Clerical,1,2
2700,40000,3,3,Partial College,Clerical,1,0
2701,40000,3,3,Partial College,Clerical,1,1
2702,40000,3,3,Partial College,Clerical,1,1
2703,40000,3,3,Partial College,Clerical,1,2
2704,30000,0,0,Graduate Degree,Skilled Manual,1,0
2705,30000,0,0,Graduate Degree,Skilled Manual,1,0
2706,30000,0,0,Graduate Degree,Skilled Manual,1,0
2707,40000,3,3,Partial College,Clerical,1,2
2708,40000,4,4,Partial College,Clerical,0,1
2709,60000,0,0,Graduate Degree,Skilled Manual,0,0
2710,60000,0,0,Graduate Degree,Skilled Manual,0,0
2711,60000,0,0,Graduate Degree,Skilled Manual,1,0
2712,60000,0,0,Graduate Degree,Skilled Manual,0,0
2713,60000,0,0,Graduate Degree,Skilled Manual,1,0
2714,60000,0,0,Graduate Degree,Skilled Manual,0,0
2715,20000,2,0,High School,Manual,0,2
2716,30000,1,0,Bachellors,Skilled Manual,1,1
2717,30000,1,0,Bachellors,Skilled Manual,1,1
2718,30000,1,0,Bachellors,Skilled Manual,1,1
2719,30000,1,0,Bachellors,Skilled Manual,1,1
2720,20000,2,0,Partial High School,Manual,0,2
2721,20000,3,0,Partial High School,Manual,0,2
2722,20000,3,0,Partial High School,Clerical,1,2
2723,30000,1,0,High School,Manual,1,1
2724,30000,1,0,High School,Clerical,1,1
2725,40000,1,0,Partial College,Clerical,1,1
2726,40000,1,0,Partial College,Clerical,1,1
2727,40000,1,0,Partial College,Clerical,1,1
2728,40000,1,0,Partial College,Clerical,1,1
2729,40000,1,0,Partial College,Clerical,1,1
2730,40000,1,0,Partial College,Clerical,1,1
2731,40000,1,0,Partial College,Clerical,1,1
2732,80000,5,0,Graduate Degree,Skilled Manual,1,0
2733,80000,5,0,Graduate Degree,Skilled Manual,1,0
2734,40000,1,0,Partial College,Clerical,1,1
2735,40000,1,0,Partial College,Clerical,1,1
2736,40000,1,0,Partial College,Clerical,1,1
2737,40000,1,0,Partial College,Clerical,1,1
2738,40000,1,0,Partial College,Clerical,1,1
2739,40000,1,0,Partial College,Clerical,1,1
2740,40000,1,0,Partial College,Clerical,1,1
2741,40000,1,0,Partial College,Clerical,1,1
2742,40000,1,0,Partial College,Clerical,1,1
2743,40000,1,0,Partial College,Clerical,1,1
2744,40000,1,0,Partial College,Clerical,1,1
2745,40000,1,0,Partial College,Clerical,1,1
2746,40000,1,0,Partial College,Clerical,1,1
2747,40000,1,0,Partial College,Clerical,1,1
2748,40000,1,0,Partial College,Clerical,1,1
2749,80000,4,0,Graduate Degree,Skilled Manual,1,0
2750,80000,4,0,Graduate Degree,Skilled Manual,1,0
2751,80000,4,0,Graduate Degree,Skilled Manual,0,0
2752,80000,4,0,Graduate Degree,Skilled Manual,1,0
2753,80000,4,0,Graduate Degree,Skilled Manual,1,0
2754,80000,4,0,Graduate Degree,Skilled Manual,1,0
2755,80000,4,0,Graduate Degree,Skilled Manual,1,0
2756,60000,4,0,Graduate Degree,Skilled Manual,1,0
2757,60000,4,0,Graduate Degree,Skilled Manual,1,0
2758,60000,4,0,Graduate Degree,Skilled Manual,0,0
2759,60000,4,0,Graduate Degree,Skilled Manual,1,0
2760,60000,4,0,Graduate Degree,Skilled Manual,1,0
2761,60000,4,0,Graduate Degree,Skilled Manual,0,0
2762,60000,4,0,Graduate Degree,Skilled Manual,1,0
2763,60000,4,0,Graduate Degree,Skilled Manual,1,0
2764,60000,4,0,Graduate Degree,Skilled Manual,1,0
2765,20000,1,1,Partial College,Manual,1,1
2766,30000,1,0,Bachellors,Clerical,1,0
2767,30000,1,1,Bachellors,Clerical,1,0
2768,30000,1,1,Bachellors,Clerical,0,0
2769,40000,0,0,Graduate Degree,Clerical,1,0
2770,40000,0,0,Graduate Degree,Clerical,1,0
2771,40000,0,0,Graduate Degree,Clerical,1,0
2772,40000,0,0,Graduate Degree,Clerical,1,0
2773,40000,0,0,Bachellors,Clerical,1,0
2774,10000,3,3,Partial High School,Manual,0,1
2775,10000,3,3,Partial High School,Manual,1,1
2776,10000,4,4,Partial High School,Manual,1,0
2777,30000,1,0,Bachellors,Clerical,1,1
2778,30000,1,1,Bachellors,Clerical,1,0
2779,30000,1,1,Bachellors,Clerical,1,0
2780,10000,4,4,Partial High School,Manual,1,1
2781,20000,1,1,High School,Manual,1,1
2782,40000,0,0,Bachellors,Clerical,1,0
2783,40000,0,0,Bachellors,Clerical,1,0
2784,40000,0,0,Bachellors,Clerical,1,0
2785,20000,2,2,High School,Manual,1,0
2786,30000,1,1,Bachellors,Clerical,0,1
2787,30000,1,1,Bachellors,Clerical,0,1
2788,30000,1,1,Bachellors,Clerical,1,1
2789,30000,1,1,Bachellors,Clerical,1,1
2790,10000,4,3,Partial High School,Manual,1,2
2791,20000,2,2,High School,Manual,1,0
2792,20000,2,2,High School,Manual,1,1
2793,20000,2,2,High School,Manual,1,2
2794,30000,1,1,Bachellors,Skilled Manual,1,2
2795,20000,2,2,High School,Manual,1,2
2796,20000,3,3,High School,Manual,1,1
2797,10000,3,2,Partial High School,Manual,0,2
2798,20000,3,3,High School,Manual,0,1
2799,20000,3,3,High School,Manual,1,2
2800,30000,2,2,Partial College,Manual,1,0
2801,30000,2,2,Partial College,Manual,0,0
2802,30000,2,2,Partial College,Clerical,1,0
2803,20000,2,0,Partial College,Clerical,1,1
2804,40000,1,0,Graduate Degree,Skilled Manual,1,0
2805,40000,1,0,Bachellors,Skilled Manual,1,0
2806,40000,1,0,Bachellors,Skilled Manual,1,0
2807,30000,2,2,Partial College,Clerical,0,2
2808,30000,2,2,Partial College,Clerical,1,2
2809,30000,2,2,Partial College,Clerical,1,2
2810,40000,1,0,Bachellors,Skilled Manual,1,0
2811,40000,1,0,Bachellors,Skilled Manual,1,0
2812,30000,2,2,Partial College,Clerical,1,2
2813,30000,2,2,Partial College,Clerical,1,2
2814,30000,3,3,Partial College,Clerical,0,0
2815,30000,3,3,Partial College,Clerical,1,2
2816,30000,3,3,Partial College,Clerical,1,2
2817,30000,3,3,Partial College,Clerical,1,2
2818,20000,5,5,High School,Manual,1,4
2819,20000,0,0,High School,Manual,1,1
2820,20000,0,0,High School,Manual,0,1
2821,40000,1,0,Bachellors,Skilled Manual,1,0
2822,40000,1,0,Bachellors,Skilled Manual,1,0
2823,40000,1,0,Bachellors,Skilled Manual,1,1
2824,40000,1,0,Bachellors,Skilled Manual,1,1
2825,30000,4,4,Partial College,Clerical,1,2
2826,30000,5,5,Partial College,Clerical,1,2
2827,30000,0,0,Partial College,Clerical,0,1
2828,30000,0,0,Partial College,Clerical,0,1
2829,30000,0,0,Partial College,Clerical,1,1
2830,30000,0,0,Partial College,Clerical,0,1
2831,30000,0,0,Partial College,Clerical,0,1
2832,20000,0,0,High School,Manual,1,1
2833,20000,0,0,High School,Manual,0,1
2834,20000,0,0,High School,Manual,0,1
2835,20000,0,0,High School,Manual,0,1
2836,20000,0,0,High School,Manual,0,1
2837,30000,0,0,Partial College,Clerical,0,1
2838,30000,0,0,Partial College,Clerical,1,1
2839,30000,0,0,Partial College,Clerical,0,1
2840,10000,0,0,Partial High School,Manual,0,2
2841,10000,0,0,Partial High School,Manual,1,2
2842,20000,0,0,Partial High School,Manual,0,2
2843,20000,0,0,Partial High School,Manual,0,2
2844,30000,0,0,Partial College,Clerical,0,1
2845,30000,0,0,Partial College,Clerical,0,1
2846,40000,1,1,Bachellors,Skilled Manual,1,0
2847,40000,1,1,Bachellors,Skilled Manual,1,0
2848,40000,1,1,Bachellors,Skilled Manual,1,0
2849,40000,4,4,Partial College,Clerical,1,2
2850,40000,4,4,Partial College,Clerical,1,2
2851,40000,0,0,Graduate Degree,Skilled Manual,0,0
2852,40000,0,0,Graduate Degree,Skilled Manual,0,0
2853,50000,0,0,Graduate Degree,Skilled Manual,1,0
2854,50000,0,0,Graduate Degree,Skilled Manual,0,0
2855,50000,1,0,Graduate Degree,Skilled Manual,1,0
2856,50000,1,0,Graduate Degree,Skilled Manual,1,0
2857,40000,4,4,High School,Skilled Manual,1,3
2858,60000,1,1,Graduate Degree,Skilled Manual,1,0
2859,60000,1,1,Graduate Degree,Skilled Manual,1,0
2860,60000,1,1,Graduate Degree,Skilled Manual,1,0
2861,40000,1,1,Graduate Degree,Skilled Manual,1,0
2862,60000,1,0,Graduate Degree,Skilled Manual,1,0
2863,60000,1,0,Graduate Degree,Skilled Manual,1,0
2864,60000,1,0,Graduate Degree,Skilled Manual,1,0
2865,60000,1,0,Graduate Degree,Skilled Manual,1,0
2866,70000,2,0,Graduate Degree,Professional,1,0
2867,70000,2,0,Graduate Degree,Professional,1,0
2868,50000,1,1,Bachellors,Skilled Manual,1,0
2869,60000,1,0,Graduate Degree,Professional,1,0
2870,50000,1,1,Bachellors,Skilled Manual,1,1
2871,50000,2,2,Bachellors,Skilled Manual,1,0
2872,50000,2,2,Bachellors,Skilled Manual,1,0
2873,60000,1,0,Graduate Degree,Professional,1,0
2874,70000,3,0,Graduate Degree,Professional,1,0
2875,60000,1,0,Graduate Degree,Professional,1,0
2876,60000,1,0,Graduate Degree,Professional,1,0
2877,60000,1,0,Graduate Degree,Professional,1,0
2878,60000,2,2,Bachellors,Skilled Manual,1,0
2879,60000,2,2,Bachellors,Skilled Manual,1,0
2880,60000,2,2,Bachellors,Skilled Manual,0,1
2881,60000,2,2,Bachellors,Skilled Manual,1,1
2882,60000,2,2,Bachellors,Skilled Manual,1,1
2883,40000,0,0,Bachellors,Professional,1,1
2884,40000,0,0,Bachellors,Professional,1,1
2885,40000,0,0,Bachellors,Professional,0,1
2886,70000,3,0,Graduate Degree,Professional,1,0
2887,70000,4,0,Graduate Degree,Professional,1,0
2888,80000,2,0,Graduate Degree,Professional,1,0
2889,70000,2,2,Bachellors,Skilled Manual,1,1
2890,60000,0,0,Graduate Degree,Professional,1,0
2891,60000,0,0,Graduate Degree,Professional,1,0
2892,60000,0,0,Graduate Degree,Professional,1,0
2893,60000,0,0,Graduate Degree,Professional,1,0
2894,70000,4,0,Graduate Degree,Professional,1,0
2895,70000,5,0,Graduate Degree,Professional,1,0
2896,70000,5,0,Graduate Degree,Professional,1,0
2897,70000,5,0,Graduate Degree,Professional,1,0
2898,70000,5,0,Graduate Degree,Professional,1,0
2899,70000,5,0,Graduate Degree,Professional,1,0
2900,70000,5,5,Graduate Degree,Professional,1,2
2901,70000,5,5,Graduate Degree,Professional,0,2
2902,70000,5,5,Graduate Degree,Professional,0,2
2903,70000,5,5,Graduate Degree,Professional,1,3
2904,80000,2,0,Graduate Degree,Professional,1,0
2905,80000,2,0,Graduate Degree,Professional,1,0
2906,80000,3,0,Graduate Degree,Professional,1,0
2907,40000,0,0,Bachellors,Professional,0,1
2908,80000,3,3,Bachellors,Skilled Manual,1,1
2909,80000,3,3,Bachellors,Skilled Manual,0,1
2910,80000,3,3,Bachellors,Skilled Manual,1,1
2911,80000,3,3,Bachellors,Skilled Manual,1,2
2912,80000,3,3,Bachellors,Skilled Manual,1,2
2913,80000,3,3,Bachellors,Skilled Manual,1,3
2914,80000,4,4,Bachellors,Skilled Manual,1,1
2915,40000,0,0,Bachellors,Professional,0,1
2916,50000,4,4,Bachellors,Skilled Manual,1,2
2917,50000,4,4,Bachellors,Skilled Manual,0,2
2918,50000,4,4,Bachellors,Skilled Manual,0,2
2919,50000,4,4,Bachellors,Skilled Manual,1,3
2920,70000,1,0,Bachellors,Skilled Manual,1,1
2921,50000,4,2,Bachellors,Skilled Manual,1,2
2922,60000,4,2,Bachellors,Professional,1,2
2923,60000,4,2,Bachellors,Professional,1,2
2924,60000,0,0,Bachellors,Professional,0,1
2925,60000,0,0,Bachellors,Professional,1,1
2926,60000,0,0,Bachellors,Professional,1,1
2927,60000,0,0,Bachellors,Professional,0,1
2928,60000,0,0,Bachellors,Professional,0,1
2929,60000,3,2,Graduate Degree,Professional,1,0
2930,40000,3,2,High School,Skilled Manual,1,2
2931,70000,1,0,Partial College,Skilled Manual,1,1
2932,70000,1,0,Partial College,Skilled Manual,1,1
2933,40000,4,3,High School,Skilled Manual,1,3
2934,60000,1,0,Partial College,Skilled Manual,1,1
2935,40000,4,2,High School,Skilled Manual,1,2
2936,40000,4,2,High School,Skilled Manual,1,2
2937,70000,0,0,Partial College,Skilled Manual,0,1
2938,70000,0,0,Partial College,Skilled Manual,1,1
2939,60000,0,0,Graduate Degree,Professional,0,1
2940,60000,0,0,Graduate Degree,Professional,0,1
2941,60000,0,0,Graduate Degree,Professional,0,1
2942,60000,1,0,Partial College,Skilled Manual,1,1
2943,60000,1,0,Partial College,Skilled Manual,1,1
2944,60000,1,0,Partial College,Skilled Manual,1,1
2945,60000,1,0,Partial College,Skilled Manual,1,1
2946,60000,1,0,Partial College,Skilled Manual,1,1
2947,60000,4,3,Bachellors,Professional,1,0
2948,70000,1,0,Graduate Degree,Professional,1,1
2949,80000,2,0,Graduate Degree,Professional,1,0
2950,80000,2,0,Graduate Degree,Professional,1,0
2951,70000,5,4,Graduate Degree,Professional,1,1
2952,60000,1,0,Graduate Degree,Management,1,1
2953,90000,1,0,Graduate Degree,Management,1,0
2954,100000,1,0,Graduate Degree,Management,1,0
2955,60000,2,2,Bachellors,Professional,1,1
2956,90000,2,0,Bachellors,Professional,1,0
11825,80000,4,1,Partial College,Professional,0,2
11826,120000,4,5,Partial College,Professional,1,3
11827,130000,4,5,High School,Professional,1,3
11828,80000,5,2,High School,Professional,1,2
11829,160000,4,5,Partial College,Management,1,3
11830,80000,5,1,High School,Management,1,3
11831,120000,4,5,Partial College,Management,1,3
11832,70000,5,1,Partial High School,Skilled Manual,1,3
11833,70000,5,1,Partial High School,Skilled Manual,1,3
11834,80000,5,1,High School,Management,1,3
11835,100000,3,4,Partial High School,Professional,1,4
11836,100000,4,5,Partial High School,Professional,1,0
11837,110000,4,5,Partial High School,Professional,1,3
11838,120000,5,5,High School,Management,1,4
11839,130000,5,5,Partial High School,Professional,1,4
11840,60000,0,0,Bachellors,Professional,0,3
11841,70000,0,0,Bachellors,Professional,1,2
11842,70000,0,0,Bachellors,Professional,1,3
11843,70000,0,0,Bachellors,Professional,0,3
11844,70000,0,0,Bachellors,Professional,0,3
11845,70000,0,0,Bachellors,Professional,0,3
11846,80000,0,0,Bachellors,Professional,0,2
11847,80000,0,0,Bachellors,Professional,0,3
11848,80000,0,0,Bachellors,Professional,0,3
11849,80000,0,0,Bachellors,Professional,0,3
11850,80000,0,0,Bachellors,Professional,1,3
11851,130000,4,5,High School,Management,0,4
11852,90000,0,0,Bachellors,Professional,0,3
11853,80000,0,0,Bachellors,Professional,1,3
11854,80000,0,0,Bachellors,Professional,1,3
11855,100000,0,5,High School,Management,1,2
11856,110000,0,5,Partial College,Management,0,3
11857,80000,0,0,Bachellors,Professional,0,4
11858,110000,0,5,High School,Management,1,4
11859,130000,4,5,High School,Management,1,4
11860,90000,0,0,Bachellors,Professional,0,4
11861,100000,0,5,High School,Management,1,4
11862,90000,5,5,Partial College,Professional,1,3
11863,110000,3,2,Bachellors,Management,1,4
11864,70000,4,3,Partial College,Professional,1,0
11865,90000,2,1,Partial College,Professional,0,0
11866,80000,4,0,Graduate Degree,Management,1,2
11867,30000,0,0,Partial College,Clerical,1,1
11868,20000,0,0,Partial High School,Manual,0,2
11869,20000,0,0,Partial High School,Manual,0,2
11870,20000,0,0,Partial High School,Manual,0,2
11871,30000,0,0,High School,Manual,1,1
11872,70000,1,0,Partial College,Skilled Manual,1,1
11873,70000,1,0,Partial College,Skilled Manual,1,1
11874,70000,1,0,Partial College,Skilled Manual,1,1
11875,40000,4,3,High School,Skilled Manual,1,3
11876,40000,4,2,High School,Skilled Manual,1,2
11877,40000,4,2,High School,Skilled Manual,1,2
11878,60000,1,0,Partial College,Skilled Manual,1,1
11879,60000,1,0,Partial College,Skilled Manual,1,1
11880,60000,1,0,Partial College,Skilled Manual,1,1
11881,40000,4,2,High School,Skilled Manual,1,2
11882,40000,4,2,High School,Skilled Manual,1,2
11883,50000,0,0,Partial College,Skilled Manual,0,1
11884,50000,0,0,Partial College,Skilled Manual,0,1
11885,50000,0,0,Partial College,Skilled Manual,0,1
11886,60000,0,0,Graduate Degree,Professional,1,1
11887,60000,0,0,Graduate Degree,Professional,1,1
11888,60000,1,0,Partial College,Skilled Manual,1,1
11889,60000,1,0,Partial College,Skilled Manual,1,1
11890,60000,1,0,Partial College,Skilled Manual,1,1
11891,60000,4,3,Bachellors,Professional,1,0
11892,60000,4,3,Bachellors,Professional,1,0
11893,70000,1,0,Graduate Degree,Professional,0,1
11894,70000,2,0,Graduate Degree,Professional,0,1
11895,70000,5,5,Graduate Degree,Professional,1,3
11896,70000,5,5,Graduate Degree,Professional,1,3
11897,60000,3,2,Bachellors,Professional,1,1
11898,60000,1,0,Bachellors,Professional,1,1
11899,60000,1,0,Bachellors,Professional,1,1
11900,60000,1,0,Bachellors,Professional,1,1
11901,60000,1,0,Bachellors,Professional,1,1
11902,60000,1,0,Bachellors,Professional,0,1
11903,70000,5,4,Graduate Degree,Professional,1,1
11904,80000,5,4,Graduate Degree,Professional,1,0
11905,90000,1,0,Graduate Degree,Management,0,0
11906,90000,1,0,Graduate Degree,Management,1,0
11907,90000,1,0,Graduate Degree,Management,0,0
11908,60000,2,2,Bachellors,Professional,1,1
11909,90000,2,0,Bachellors,Professional,1,0
11910,60000,2,2,Bachellors,Professional,0,1
11911,60000,2,2,Bachellors,Professional,1,1
11912,70000,5,5,Bachellors,Professional,1,3
11913,110000,1,0,Graduate Degree,Management,1,1
11914,120000,1,0,Graduate Degree,Management,1,2
11915,70000,5,5,Bachellors,Professional,1,3
11916,70000,5,5,Bachellors,Professional,1,4
11917,70000,5,5,Bachellors,Professional,1,4
11918,80000,5,5,Graduate Degree,Management,1,3
11919,80000,5,5,Graduate Degree,Management,1,3
11920,80000,5,5,Bachellors,Professional,1,3
11921,60000,3,3,Bachellors,Professional,1,1
11922,70000,0,0,Bachellors,Professional,1,1
11923,70000,0,0,Bachellors,Professional,0,1
11924,60000,3,3,Bachellors,Professional,1,2
11925,60000,4,4,Bachellors,Professional,1,3
11926,60000,4,4,Bachellors,Professional,1,3
11927,60000,3,2,Bachellors,Professional,1,2
11928,60000,3,2,Bachellors,Professional,0,2
11929,70000,0,0,Bachellors,Professional,0,1
11930,90000,2,0,Bachellors,Professional,0,0
11931,90000,4,4,Bachellors,Professional,1,0
11932,100000,5,0,Graduate Degree,Management,0,1
11933,70000,1,0,Partial College,Skilled Manual,0,1
11934,60000,1,0,Bachellors,Professional,0,1
11935,60000,1,0,Bachellors,Professional,1,1
11936,60000,1,0,Partial College,Skilled Manual,0,1
11937,60000,1,0,Partial College,Skilled Manual,0,1
11938,60000,1,0,Bachellors,Professional,0,1
11939,60000,1,0,Partial College,Skilled Manual,1,1
11940,60000,1,0,Partial College,Skilled Manual,1,1
11941,100000,0,0,Graduate Degree,Management,0,1
11942,100000,0,0,Bachellors,Professional,0,1
11943,60000,1,0,Partial College,Skilled Manual,1,1
11944,60000,1,0,Partial College,Skilled Manual,0,1
11945,90000,1,0,Bachellors,Professional,1,1
11946,90000,1,0,Bachellors,Professional,0,1
11947,90000,1,0,Bachellors,Professional,1,1
11948,40000,2,0,Bachellors,Professional,0,1
11949,70000,0,0,Bachellors,Professional,0,1
11950,50000,1,0,Graduate Degree,Management,1,1
11951,70000,0,0,Bachellors,Professional,0,1
11952,70000,0,0,Bachellors,Professional,1,1
11953,70000,0,0,Bachellors,Professional,0,1
11954,70000,0,0,Bachellors,Professional,1,2
11955,70000,0,0,Bachellors,Professional,0,2
11956,70000,5,4,Bachellors,Professional,0,2
11957,70000,5,4,Partial College,Skilled Manual,1,2
11958,70000,5,4,Partial College,Skilled Manual,1,2
11959,60000,1,0,Partial College,Skilled Manual,0,1
11960,60000,1,0,Partial College,Skilled Manual,0,1
11961,70000,5,4,Partial College,Skilled Manual,1,3
11962,70000,5,4,Partial College,Skilled Manual,1,3
11963,70000,1,0,Partial College,Skilled Manual,1,1
11964,70000,1,0,Partial College,Skilled Manual,1,1
11965,30000,2,0,Partial College,Clerical,0,2
11966,30000,2,0,Partial College,Clerical,0,2
11967,80000,2,0,Partial College,Skilled Manual,0,1
11968,30000,0,0,High School,Skilled Manual,0,2
11969,40000,0,0,High School,Skilled Manual,0,1
11970,40000,0,0,High School,Skilled Manual,0,2
11971,40000,0,0,High School,Skilled Manual,0,2
11972,30000,0,0,High School,Skilled Manual,0,2
11973,40000,0,0,High School,Skilled Manual,0,2
11974,10000,5,0,High School,Skilled Manual,0,2
11975,30000,2,0,Partial College,Clerical,1,2
11976,30000,0,0,Partial High School,Clerical,0,2
11977,40000,0,0,High School,Skilled Manual,0,2
11978,40000,0,0,High School,Skilled Manual,0,2
11979,40000,2,0,Bachellors,Management,1,2
11980,30000,0,0,Partial High School,Clerical,0,2
11981,40000,0,0,High School,Skilled Manual,1,2
11982,40000,0,0,High School,Skilled Manual,0,2
11983,40000,0,0,High School,Skilled Manual,1,2
11984,30000,0,0,Partial High School,Clerical,1,2
11985,40000,0,0,High School,Skilled Manual,1,2
11986,40000,0,0,High School,Skilled Manual,0,2
11987,30000,2,0,Partial College,Clerical,0,2
11988,40000,2,0,Bachellors,Management,1,2
11989,40000,2,0,Bachellors,Management,1,2
11990,40000,0,0,Partial College,Skilled Manual,1,1
11991,40000,0,0,Partial College,Skilled Manual,0,1
11992,50000,0,0,Partial College,Skilled Manual,1,1
11993,60000,0,0,Partial College,Skilled Manual,0,1
11994,70000,0,0,Partial College,Skilled Manual,0,2
11995,80000,0,0,Bachellors,Management,1,1
11996,80000,0,0,Bachellors,Management,1,1
11997,80000,0,0,Bachellors,Management,1,1
11998,80000,0,0,Bachellors,Management,1,1
11999,80000,0,0,Bachellors,Management,1,1
12000,80000,0,0,Bachellors,Management,1,1
12001,110000,0,1,Graduate Degree,Management,1,1
12002,120000,0,1,Bachellors,Management,0,4
12003,90000,4,4,Partial College,Skilled Manual,0,3
12004,100000,2,0,Bachellors,Management,0,3
12005,130000,1,0,Graduate Degree,Management,1,3
12006,40000,0,0,High School,Skilled Manual,0,2
12007,30000,0,0,Partial College,Skilled Manual,1,1
12008,30000,0,0,Partial College,Skilled Manual,1,1
12009,20000,4,0,High School,Skilled Manual,1,2
12010,40000,0,0,High School,Skilled Manual,1,2
12011,40000,0,0,Partial High School,Clerical,1,2
12012,30000,0,0,Partial College,Skilled Manual,1,1
12013,20000,4,0,High School,Skilled Manual,1,2
12014,20000,4,0,High School,Skilled Manual,0,2
12015,20000,4,0,High School,Skilled Manual,1,2
12016,70000,1,1,Graduate Degree,Skilled Manual,1,0
12017,70000,1,1,Graduate Degree,Skilled Manual,1,0
12018,70000,1,1,Graduate Degree,Skilled Manual,1,0
12019,70000,1,1,Graduate Degree,Skilled Manual,1,0
12020,60000,1,0,Graduate Degree,Skilled Manual,1,0
12021,90000,0,0,Partial College,Professional,1,1
12022,100000,0,2,Partial College,Professional,1,2
12023,80000,5,4,Partial College,Professional,1,2
12024,90000,5,4,Partial College,Professional,1,3
12025,100000,1,2,Partial College,Professional,1,3
12026,100000,1,2,Partial College,Professional,1,4
12027,120000,1,3,Partial College,Professional,1,4
12028,130000,1,2,Bachellors,Management,0,4
12029,130000,1,2,Bachellors,Management,1,4
12030,80000,5,4,Partial College,Professional,1,3
12031,90000,4,3,High School,Professional,1,2
12032,90000,4,3,High School,Professional,1,2
12033,130000,1,3,Bachellors,Management,1,3
12034,130000,1,3,Bachellors,Management,1,3
12035,130000,1,3,Bachellors,Management,0,3
12036,130000,1,3,Bachellors,Management,1,3
12037,130000,1,3,Bachellors,Management,0,3
12038,80000,2,0,Partial High School,Skilled Manual,1,2
12039,60000,2,0,High School,Professional,0,2
12040,60000,2,0,High School,Professional,0,2
12041,60000,2,0,High School,Professional,0,2
12042,70000,4,3,High School,Professional,1,0
12043,70000,4,3,High School,Professional,1,0
12044,70000,4,3,High School,Professional,1,1
12045,70000,2,0,Partial High School,Skilled Manual,1,2
12046,70000,2,0,Partial High School,Skilled Manual,0,2
12047,40000,3,0,Partial College,Professional,1,2
12048,70000,4,0,Graduate Degree,Management,1,2
12049,40000,3,0,Partial College,Professional,1,2
12050,50000,2,0,Graduate Degree,Management,0,2
12051,50000,2,0,Graduate Degree,Management,1,2
12052,60000,2,0,Graduate Degree,Management,1,2
12053,130000,2,3,Graduate Degree,Management,1,3
12054,90000,4,3,High School,Professional,1,3
12055,90000,4,3,High School,Professional,1,4
12056,100000,0,3,Partial College,Professional,1,0
12057,120000,1,3,High School,Professional,1,4
12058,60000,2,0,Partial High School,Skilled Manual,0,2
12059,70000,3,0,Graduate Degree,Management,1,2
12060,70000,3,0,Graduate Degree,Management,1,2
12061,40000,3,0,Partial College,Professional,1,2
12062,40000,3,0,Partial College,Professional,1,2
12063,60000,3,0,Graduate Degree,Management,1,2
12064,60000,3,0,Graduate Degree,Management,1,2
12065,60000,3,0,Graduate Degree,Management,1,2
12066,60000,3,0,Graduate Degree,Management,1,2
12067,60000,3,0,Graduate Degree,Management,1,2
12068,60000,3,0,Graduate Degree,Management,1,2
12069,60000,3,0,Graduate Degree,Management,1,2
12070,70000,5,0,Graduate Degree,Management,1,2
12071,70000,5,0,Graduate Degree,Management,0,2
12072,70000,5,0,Graduate Degree,Management,0,2
12073,80000,4,0,Bachellors,Management,1,2
12074,80000,4,0,Bachellors,Management,1,2
12075,50000,4,0,Bachellors,Management,0,2
12076,60000,3,0,Graduate Degree,Management,1,2
12077,60000,3,0,Graduate Degree,Management,1,2
12078,20000,4,0,High School,Skilled Manual,1,2
12079,10000,2,1,Partial High School,Clerical,1,2
12080,30000,2,0,Partial College,Clerical,0,2
12081,60000,0,0,Partial College,Skilled Manual,1,2
12082,70000,0,0,Partial College,Skilled Manual,1,2
12083,70000,0,0,Partial College,Skilled Manual,1,2
12084,40000,0,0,Partial High School,Clerical,0,2
12085,40000,0,0,Partial High School,Clerical,0,2
12086,20000,2,1,High School,Skilled Manual,1,2
12087,20000,2,1,Partial High School,Clerical,1,2
12088,20000,2,1,Partial High School,Clerical,1,2
12089,40000,0,0,Partial High School,Clerical,0,2
12090,40000,0,0,Partial College,Skilled Manual,1,1
12091,40000,0,0,Partial College,Skilled Manual,0,1
12092,60000,0,0,Partial College,Skilled Manual,0,2
12093,70000,0,0,Partial College,Skilled Manual,0,2
12094,70000,0,0,Partial College,Skilled Manual,1,2
12095,20000,2,1,Partial High School,Clerical,1,2
12096,20000,2,1,Partial High School,Clerical,1,2
12097,20000,2,1,Partial High School,Clerical,1,2
12098,30000,3,0,Partial College,Clerical,0,2
12099,30000,3,0,Partial College,Clerical,0,2
12100,30000,3,0,High School,Skilled Manual,0,2
12101,30000,3,0,High School,Skilled Manual,1,2
12102,30000,3,0,High School,Skilled Manual,1,2
12103,30000,3,0,High School,Skilled Manual,1,2
12104,40000,2,0,Partial College,Skilled Manual,0,2
12105,40000,3,0,Partial College,Skilled Manual,1,2
12106,40000,3,0,Partial High School,Clerical,0,2
12107,70000,2,0,Partial College,Skilled Manual,1,2
12108,70000,2,0,Partial College,Skilled Manual,1,2
12109,40000,0,0,Partial College,Skilled Manual,1,2
12110,40000,0,0,High School,Skilled Manual,1,2
12111,60000,0,0,Partial College,Skilled Manual,0,2
12112,60000,0,0,Partial College,Skilled Manual,0,2
12113,50000,0,0,High School,Skilled Manual,0,2
12114,60000,0,0,Partial College,Skilled Manual,1,2
12115,60000,0,0,Partial College,Skilled Manual,0,2
12116,60000,0,0,Partial College,Professional,1,2
12117,80000,2,0,High School,Skilled Manual,0,2
12118,80000,2,0,High School,Skilled Manual,1,2
12119,80000,2,0,High School,Skilled Manual,1,2
12120,70000,2,0,High School,Professional,1,2
12121,70000,2,0,High School,Professional,0,2
12122,70000,2,0,High School,Professional,1,2
12123,110000,4,1,Bachellors,Management,0,4
12124,110000,4,1,Bachellors,Management,0,4
12125,80000,0,0,Bachellors,Management,0,1
12126,80000,0,0,Bachellors,Management,0,1
12127,60000,0,0,Partial College,Professional,0,2
12128,60000,0,0,High School,Professional,0,2
12129,110000,1,2,Bachellors,Management,1,0
12130,120000,4,2,Bachellors,Management,1,1
12131,120000,2,2,Bachellors,Management,0,4
12132,70000,2,0,Partial High School,Skilled Manual,1,2
12133,70000,2,0,Partial High School,Skilled Manual,0,2
12134,60000,2,0,High School,Professional,1,2
12135,60000,2,0,High School,Professional,1,2
12136,70000,3,2,Partial College,Professional,1,0
12137,80000,2,1,Bachellors,Management,0,0
12138,80000,2,1,Bachellors,Management,0,1
12139,90000,2,0,Partial College,Professional,0,1
12140,60000,2,0,High School,Professional,0,2
12141,60000,2,0,High School,Professional,1,2
12142,70000,3,0,Partial College,Professional,1,2
12143,70000,3,0,Partial College,Professional,0,2
12144,50000,1,1,Bachellors,Skilled Manual,1,0
12145,50000,1,1,Bachellors,Skilled Manual,1,0
12146,60000,1,0,Graduate Degree,Professional,1,0
12147,70000,2,0,Graduate Degree,Professional,1,0
12148,40000,1,1,Bachellors,Skilled Manual,1,1
12149,40000,1,1,Bachellors,Skilled Manual,1,1
12150,40000,1,1,Bachellors,Skilled Manual,1,1
12151,40000,1,1,Bachellors,Skilled Manual,1,1
12152,40000,1,1,Bachellors,Skilled Manual,1,1
12153,40000,1,1,Bachellors,Skilled Manual,1,1
12154,50000,1,1,Bachellors,Skilled Manual,1,1
12155,50000,2,2,Bachellors,Skilled Manual,1,0
12156,50000,2,2,Bachellors,Skilled Manual,1,0
12157,60000,1,0,Graduate Degree,Professional,1,0
12158,60000,1,0,Graduate Degree,Professional,1,0
12159,60000,1,0,Graduate Degree,Professional,0,0
12160,70000,2,0,Graduate Degree,Professional,1,0
12161,70000,2,0,Graduate Degree,Professional,1,0
12162,70000,3,0,Graduate Degree,Professional,1,0
12163,70000,3,0,Graduate Degree,Professional,1,0
12164,80000,1,0,Graduate Degree,Professional,1,0
12165,60000,1,0,Graduate Degree,Professional,0,0
12166,60000,1,0,Graduate Degree,Professional,1,0
12167,40000,4,4,High School,Skilled Manual,1,3
12168,70000,2,2,Bachellors,Skilled Manual,1,0
12169,70000,2,2,Bachellors,Skilled Manual,1,1
12170,70000,2,2,Bachellors,Skilled Manual,1,1
12171,70000,2,2,Bachellors,Skilled Manual,0,1
12172,40000,0,0,Bachellors,Professional,0,1
12173,60000,1,0,Graduate Degree,Professional,1,0
12174,60000,2,0,Graduate Degree,Professional,0,0
12175,70000,4,0,Graduate Degree,Professional,0,0
12176,80000,1,0,Graduate Degree,Professional,1,0
12177,50000,2,2,Bachellors,Skilled Manual,1,1
12178,50000,2,2,Bachellors,Skilled Manual,0,1
12179,50000,2,2,Bachellors,Skilled Manual,0,1
12180,60000,2,2,Bachellors,Skilled Manual,1,1
12181,60000,0,0,Graduate Degree,Professional,0,0
12182,60000,0,0,Graduate Degree,Professional,1,0
12183,60000,0,0,Graduate Degree,Professional,0,0
12184,60000,0,0,Graduate Degree,Professional,1,0
12185,60000,0,0,Graduate Degree,Professional,0,0
12186,70000,4,0,Graduate Degree,Professional,1,0
12187,70000,4,0,Graduate Degree,Professional,1,0
12188,70000,5,0,Graduate Degree,Professional,0,0
12189,70000,5,5,Graduate Degree,Professional,1,2
12190,80000,3,0,Graduate Degree,Professional,0,0
12191,20000,3,0,Partial High School,Clerical,0,2
12192,40000,0,0,Bachellors,Professional,0,1
12193,40000,0,0,Bachellors,Professional,0,1
12194,50000,3,3,Bachellors,Skilled Manual,1,1
12195,50000,3,3,Bachellors,Skilled Manual,1,2
12196,50000,3,3,Bachellors,Skilled Manual,1,2
12197,50000,3,3,Bachellors,Skilled Manual,0,2
12198,50000,3,3,Bachellors,Skilled Manual,1,2
12199,50000,3,3,Bachellors,Skilled Manual,0,2
12200,50000,3,3,Bachellors,Skilled Manual,1,2
12201,50000,3,3,Bachellors,Skilled Manual,1,2
12202,50000,3,3,Bachellors,Skilled Manual,0,2
12203,50000,3,3,Bachellors,Skilled Manual,1,3
12204,50000,4,4,Bachellors,Skilled Manual,0,1
12205,40000,0,0,Bachellors,Professional,0,1
12206,40000,0,0,Bachellors,Professional,0,1
12207,40000,0,0,Bachellors,Professional,0,1
12208,60000,4,4,Bachellors,Skilled Manual,1,3
12209,50000,1,0,Graduate Degree,Professional,1,1
12210,60000,4,2,Bachellors,Skilled Manual,1,2
12211,70000,4,2,Bachellors,Professional,1,2
12212,70000,4,2,Bachellors,Professional,1,2
12213,70000,0,0,Bachellors,Professional,0,1
12214,70000,0,0,Bachellors,Professional,0,1
12215,70000,4,2,Bachellors,Professional,1,2
12216,70000,4,2,Bachellors,Professional,0,4
12217,60000,3,2,Graduate Degree,Professional,0,0
12218,60000,3,2,Graduate Degree,Professional,1,0
12219,30000,0,0,High School,Manual,1,1
12220,30000,0,0,High School,Manual,0,1
12221,30000,0,0,High School,Manual,0,1
12222,20000,0,0,Partial High School,Manual,1,2
12223,30000,0,0,High School,Manual,1,1
12224,40000,1,1,Bachellors,Skilled Manual,1,1
12225,40000,1,1,Bachellors,Skilled Manual,1,1
12226,40000,0,0,Graduate Degree,Skilled Manual,1,0
12227,30000,0,0,High School,Manual,0,1
12228,30000,0,0,High School,Manual,0,1
12229,20000,0,0,Partial High School,Manual,0,2
12230,20000,0,0,Partial High School,Manual,0,2
12231,30000,0,0,High School,Manual,0,1
12232,30000,0,0,High School,Manual,0,1
12233,30000,0,0,High School,Manual,0,1
12234,40000,2,2,Partial College,Clerical,1,1
12235,40000,2,2,Partial College,Clerical,1,1
12236,40000,2,2,Partial College,Clerical,1,2
12237,40000,2,2,Partial College,Clerical,1,2
12238,40000,2,2,Partial College,Clerical,1,2
12239,40000,3,3,Partial College,Clerical,1,0
12240,40000,3,3,Partial College,Clerical,1,2
12241,40000,3,3,Partial College,Clerical,1,2
12242,40000,3,3,Partial College,Clerical,1,2
12243,50000,0,0,Graduate Degree,Skilled Manual,1,0
12244,40000,1,0,Graduate Degree,Skilled Manual,1,1
12245,60000,0,0,Graduate Degree,Skilled Manual,0,0
12246,60000,0,0,Graduate Degree,Skilled Manual,0,0
12247,60000,0,0,Graduate Degree,Skilled Manual,0,0
12248,60000,0,0,Graduate Degree,Skilled Manual,0,0
12249,10000,2,1,High School,Manual,1,2
12250,20000,2,0,High School,Manual,0,2
12251,20000,2,0,High School,Manual,1,2
12252,20000,2,0,High School,Manual,0,2
12253,20000,2,0,High School,Manual,0,2
12254,20000,2,0,High School,Manual,0,2
12255,20000,2,0,High School,Manual,0,2
12256,20000,2,0,Partial High School,Manual,0,2
12257,30000,1,0,High School,Clerical,0,1
12258,40000,1,0,Partial College,Clerical,1,1
12259,30000,1,0,High School,Clerical,0,2
12260,30000,2,0,High School,Clerical,1,2
12261,30000,2,0,High School,Clerical,1,2
12262,30000,2,0,High School,Clerical,0,2
12263,30000,2,0,High School,Clerical,0,2
12264,30000,2,0,High School,Skilled Manual,0,2
12265,40000,1,0,Partial College,Clerical,1,1
12266,40000,1,0,Partial College,Clerical,1,1
12267,40000,1,0,Partial College,Clerical,1,1
12268,40000,1,0,Partial College,Clerical,1,1
12269,40000,1,0,Partial College,Clerical,0,1
12270,40000,1,0,Partial College,Clerical,1,1
12271,40000,1,0,Partial College,Clerical,1,1
12272,30000,2,0,High School,Skilled Manual,0,2
12273,30000,2,0,High School,Skilled Manual,1,2
12274,30000,2,0,High School,Skilled Manual,1,2
12275,30000,2,0,High School,Skilled Manual,1,2
12276,30000,2,0,High School,Skilled Manual,1,2
12277,30000,2,0,High School,Skilled Manual,1,2
12278,30000,2,0,High School,Skilled Manual,1,2
12279,30000,2,0,High School,Skilled Manual,0,2
12280,30000,2,0,High School,Skilled Manual,0,2
12281,30000,2,0,High School,Skilled Manual,1,2
12282,40000,1,0,Partial College,Clerical,1,1
12283,40000,1,0,Partial College,Clerical,0,1
12284,40000,2,0,Partial College,Clerical,1,1
12285,80000,5,0,Graduate Degree,Skilled Manual,0,0
12286,80000,4,0,Graduate Degree,Skilled Manual,0,0
12287,80000,4,0,Graduate Degree,Skilled Manual,1,0
12288,40000,2,0,Partial College,Clerical,0,1
12289,60000,4,0,Graduate Degree,Skilled Manual,1,0
12290,60000,4,0,Graduate Degree,Skilled Manual,1,0
12291,60000,4,0,Graduate Degree,Skilled Manual,1,0
12292,60000,4,0,Graduate Degree,Skilled Manual,1,0
12293,60000,4,0,Graduate Degree,Skilled Manual,0,0
12294,60000,4,0,Graduate Degree,Skilled Manual,0,0
12295,60000,4,0,Graduate Degree,Skilled Manual,1,0
12296,60000,4,0,Graduate Degree,Skilled Manual,0,0
12297,40000,4,4,Partial College,Clerical,1,2
12298,40000,4,4,Partial College,Clerical,0,2
12299,40000,0,0,Graduate Degree,Skilled Manual,0,0
12300,90000,4,4,Partial College,Skilled Manual,1,3
12301,100000,3,0,Bachellors,Management,0,3
12302,120000,2,1,Bachellors,Management,1,4
12303,40000,0,0,High School,Skilled Manual,0,2
12304,40000,0,0,High School,Skilled Manual,1,2
12305,40000,0,0,Partial College,Skilled Manual,1,1
12306,10000,5,0,High School,Skilled Manual,1,2
12307,40000,0,0,High School,Skilled Manual,0,2
12308,10000,2,1,High School,Skilled Manual,1,2
12309,20000,4,0,High School,Skilled Manual,0,2
12310,20000,4,0,High School,Skilled Manual,1,2
12311,40000,2,0,Bachellors,Management,0,2
12312,40000,2,0,Bachellors,Management,1,2
12313,20000,4,0,High School,Skilled Manual,0,2
12314,20000,4,0,High School,Skilled Manual,1,2
12315,30000,2,0,Partial College,Clerical,0,2
12316,30000,2,0,Partial College,Clerical,1,2
12317,30000,3,0,Partial College,Clerical,0,2
12318,10000,2,1,Partial High School,Clerical,1,2
12319,60000,0,0,Partial College,Skilled Manual,1,2
12320,70000,0,0,Partial College,Skilled Manual,1,2
12321,20000,2,1,Partial High School,Clerical,1,2
12322,20000,2,1,Partial High School,Clerical,1,2
12323,20000,2,1,Partial High School,Clerical,1,2
12324,20000,2,1,Partial High School,Clerical,1,2
12325,20000,2,1,Partial High School,Clerical,1,2
12326,20000,2,1,Partial High School,Clerical,1,2
12327,40000,0,0,Partial High School,Clerical,0,2
12328,30000,0,0,Partial College,Skilled Manual,0,2
12329,30000,0,0,Partial College,Skilled Manual,1,2
12330,20000,2,1,Partial High School,Clerical,1,3
12331,40000,2,0,Partial College,Skilled Manual,0,2
12332,80000,2,0,Partial College,Skilled Manual,1,2
12333,80000,2,0,Partial College,Skilled Manual,1,2
12334,40000,0,0,Partial College,Skilled Manual,0,2
12335,40000,0,0,High School,Skilled Manual,0,2
12336,40000,0,0,High School,Skilled Manual,1,2
12337,40000,0,0,High School,Skilled Manual,1,2
12338,60000,0,0,Partial College,Skilled Manual,1,2
12339,60000,0,0,Partial College,Skilled Manual,1,2
12340,60000,0,0,Partial College,Skilled Manual,1,2
12341,70000,0,0,Partial College,Professional,1,2
12342,70000,0,0,Partial College,Professional,0,2
12343,70000,0,0,Partial College,Professional,1,2
12344,70000,2,0,High School,Skilled Manual,1,2
12345,70000,2,0,High School,Skilled Manual,0,2
12346,100000,1,1,Bachellors,Management,0,1
12347,100000,1,1,Bachellors,Management,1,3
12348,100000,1,1,Bachellors,Management,1,3
12349,100000,1,1,Bachellors,Management,0,3
12350,80000,0,0,Bachellors,Management,0,1
12351,80000,0,0,Bachellors,Management,1,1
12352,50000,0,0,High School,Professional,0,2
12353,60000,0,0,Partial College,Professional,0,2
12354,60000,0,0,Partial College,Professional,1,2
12355,60000,0,0,Partial College,Professional,1,2
12356,60000,0,0,Partial College,Professional,0,2
12357,60000,0,0,Partial College,Professional,0,2
12358,60000,0,0,Partial College,Professional,1,2
12359,60000,0,0,High School,Professional,1,2
12360,130000,0,1,Graduate Degree,Management,0,3
12361,130000,1,1,Graduate Degree,Management,0,4
12362,130000,1,1,Graduate Degree,Management,0,4
12363,70000,2,0,Partial High School,Skilled Manual,1,2
12364,70000,2,0,Partial High School,Skilled Manual,1,2
12365,40000,0,0,Bachellors,Professional,0,1
12366,40000,0,0,Bachellors,Professional,1,1
12367,60000,4,4,Bachellors,Skilled Manual,0,2
12368,60000,4,4,Bachellors,Skilled Manual,1,2
12369,60000,5,5,Bachellors,Skilled Manual,1,3
12370,60000,4,2,Bachellors,Skilled Manual,0,2
12371,70000,4,2,Bachellors,Professional,0,2
12372,60000,3,2,Graduate Degree,Professional,1,0
12373,60000,3,2,Graduate Degree,Professional,1,0
12374,60000,3,2,Graduate Degree,Professional,1,0
12375,70000,1,0,Bachellors,Professional,1,1
12376,70000,1,0,Bachellors,Professional,0,1
12377,70000,1,0,Bachellors,Professional,1,1
12378,70000,1,0,Partial College,Skilled Manual,1,1
12379,70000,1,0,Partial College,Skilled Manual,1,1
12380,30000,0,0,Bachellors,Professional,0,2
12381,40000,4,3,High School,Skilled Manual,1,3
12382,40000,4,3,High School,Skilled Manual,1,3
12383,60000,1,0,Partial College,Skilled Manual,1,1
12384,60000,1,0,Partial College,Skilled Manual,1,1
12385,60000,1,0,Partial College,Skilled Manual,1,1
12386,60000,1,0,Partial College,Skilled Manual,1,1
12387,40000,4,2,High School,Skilled Manual,1,2
12388,40000,0,0,Bachellors,Professional,0,1
12389,40000,0,0,Bachellors,Professional,0,1
12390,40000,0,0,Bachellors,Professional,0,1
12391,60000,0,0,Graduate Degree,Professional,0,1
12392,60000,0,0,Graduate Degree,Professional,1,1
12393,60000,0,0,Graduate Degree,Professional,1,1
12394,60000,0,0,Graduate Degree,Professional,1,1
12395,60000,0,0,Graduate Degree,Professional,0,1
12396,60000,0,0,Graduate Degree,Professional,1,1
12397,60000,1,0,Partial College,Skilled Manual,1,1
12398,60000,1,0,Partial College,Skilled Manual,1,1
12399,60000,1,0,Partial College,Skilled Manual,1,1
12400,60000,1,0,Partial College,Skilled Manual,1,1
12401,60000,4,3,Bachellors,Professional,1,0
12402,60000,4,3,Bachellors,Professional,1,1
12403,60000,4,3,Bachellors,Professional,1,1
12404,60000,1,0,Bachellors,Professional,0,1
12405,60000,1,0,Bachellors,Professional,1,1
12406,70000,5,4,Graduate Degree,Professional,1,1
12407,70000,5,4,Graduate Degree,Professional,1,1
12408,80000,5,0,Graduate Degree,Professional,0,0
12409,90000,1,0,Graduate Degree,Management,1,0
12410,90000,1,0,Graduate Degree,Management,1,0
12411,100000,1,0,Graduate Degree,Management,1,0
12412,60000,2,2,Bachellors,Professional,0,1
12413,60000,2,2,Bachellors,Professional,1,1
12414,60000,2,2,Bachellors,Professional,1,1
12415,60000,2,2,Bachellors,Professional,1,1
12416,60000,2,2,Bachellors,Professional,1,1
12417,60000,2,2,Bachellors,Professional,1,1
12418,60000,2,2,Bachellors,Professional,0,1
12419,60000,2,2,Bachellors,Professional,1,1
12420,70000,5,5,Bachellors,Professional,1,3
12421,110000,1,0,Graduate Degree,Management,1,1
12422,110000,1,0,Graduate Degree,Management,1,1
12423,120000,1,0,Graduate Degree,Management,0,1
12424,70000,5,5,Bachellors,Professional,1,4
12425,70000,5,5,Bachellors,Professional,0,4
12426,80000,5,5,Graduate Degree,Management,0,3
12427,80000,5,5,Graduate Degree,Management,1,3
12428,80000,5,5,Bachellors,Professional,1,3
12429,80000,5,5,Bachellors,Professional,0,4
12430,90000,0,0,Bachellors,Professional,1,0
12431,70000,5,5,Bachellors,Professional,1,4
12432,70000,5,5,Bachellors,Professional,1,4
12433,70000,0,0,Bachellors,Professional,1,1
12434,70000,0,0,Bachellors,Professional,0,1
12435,70000,0,0,Bachellors,Professional,1,1
12436,70000,0,0,Bachellors,Professional,0,1
12437,70000,0,0,Bachellors,Professional,1,1
12438,70000,0,0,Bachellors,Professional,0,1
12439,70000,0,0,Bachellors,Professional,0,1
12440,70000,0,0,Bachellors,Professional,0,1
12441,10000,0,0,Partial High School,Manual,0,2
12442,20000,0,0,Partial High School,Manual,0,2
12443,20000,0,0,Partial High School,Manual,0,2
12444,30000,0,0,Partial College,Clerical,1,1
12445,30000,0,0,Partial College,Clerical,0,1
12446,30000,0,0,Partial College,Clerical,1,1
12447,30000,0,0,Partial College,Clerical,0,1
12448,30000,0,0,Partial College,Clerical,0,1
12449,70000,2,0,Partial High School,Skilled Manual,1,2
12450,60000,2,0,High School,Professional,1,2
12451,60000,2,0,High School,Professional,0,2
12452,60000,2,0,High School,Professional,1,2
12453,60000,2,0,High School,Professional,1,2
12454,70000,3,2,Partial College,Professional,1,0
12455,90000,2,0,Partial College,Professional,0,1
12456,80000,2,0,Partial High School,Skilled Manual,0,2
12457,80000,2,0,Partial High School,Skilled Manual,1,2
12458,80000,2,0,Partial High School,Skilled Manual,0,2
12459,80000,2,0,Partial High School,Skilled Manual,0,2
12460,60000,2,0,High School,Professional,1,2
12461,90000,4,4,Partial College,Professional,1,3
12462,90000,5,5,Partial College,Professional,1,3
12463,100000,4,1,Bachellors,Management,1,4
12464,120000,3,2,Bachellors,Management,0,4
12465,130000,1,2,Graduate Degree,Management,1,0
12466,80000,4,3,Partial College,Professional,1,2
12467,90000,0,0,Partial College,Professional,1,1
12468,90000,0,0,Partial College,Professional,0,1
12469,130000,2,2,Graduate Degree,Management,0,2
12470,130000,2,2,Graduate Degree,Management,0,2
12471,130000,2,2,Graduate Degree,Management,0,3
12472,70000,3,2,Partial College,Professional,1,0
12473,70000,3,2,Partial College,Professional,1,1
12474,70000,3,2,Partial College,Professional,1,1
12475,80000,3,0,Partial College,Professional,1,2
12476,50000,2,0,Graduate Degree,Management,1,2
12477,80000,4,3,Partial College,Professional,0,2
12478,90000,0,0,Partial College,Professional,1,1
12479,90000,0,0,Partial College,Professional,1,2
12480,90000,0,0,Partial College,Professional,0,2
12481,90000,0,0,Partial College,Professional,0,2
12482,100000,0,2,Partial College,Professional,1,2
12483,110000,5,3,Bachellors,Management,1,0
12484,110000,5,3,Bachellors,Management,1,1
12485,120000,4,3,Partial College,Professional,1,4
12486,80000,5,4,Partial College,Professional,1,2
12487,80000,5,4,Partial College,Professional,1,3
12488,70000,5,4,Partial College,Professional,1,3
12489,70000,5,4,Partial College,Professional,1,3
12490,80000,5,4,Partial College,Professional,1,3
12491,90000,4,3,High School,Professional,1,2
12492,100000,3,2,Partial College,Professional,0,4
12493,110000,1,3,Partial College,Professional,1,4
12494,130000,1,3,Bachellors,Management,1,3
12495,70000,4,3,High School,Professional,1,0
12496,70000,4,3,High School,Professional,1,0
12497,70000,4,3,High School,Professional,1,0
12498,70000,4,3,High School,Professional,1,0
12499,70000,2,0,Partial High School,Skilled Manual,1,2
12500,70000,4,0,Graduate Degree,Management,1,2
12501,80000,4,0,Graduate Degree,Management,1,2
12502,90000,4,0,Bachellors,Management,1,2
12503,110000,2,3,Graduate Degree,Management,1,4
12504,80000,5,4,Partial College,Professional,1,3
12505,80000,5,4,Partial College,Professional,1,4
12506,110000,3,3,Partial College,Professional,0,4
12507,150000,1,2,Partial College,Professional,0,4
12508,70000,3,1,High School,Professional,1,0
12509,70000,3,1,High School,Professional,1,1
12510,70000,3,0,Graduate Degree,Management,0,2
12511,60000,3,0,Graduate Degree,Management,1,2
12512,60000,3,0,Graduate Degree,Management,1,2
12513,40000,3,0,Partial College,Professional,1,2
12514,40000,3,0,Partial College,Professional,1,2
12515,40000,3,0,Partial College,Professional,1,2
12516,40000,4,0,Partial College,Professional,0,2
12517,40000,4,0,Partial College,Professional,0,2
12518,30000,4,0,High School,Professional,0,2
12519,30000,4,0,High School,Professional,0,2
12520,30000,4,0,High School,Professional,0,2
12521,40000,4,0,Partial College,Professional,1,2
12522,60000,5,5,Bachellors,Professional,1,3
12523,60000,5,5,Bachellors,Professional,1,3
12524,60000,3,2,Bachellors,Professional,1,2
12525,60000,1,0,Bachellors,Professional,1,1
12526,60000,1,0,Bachellors,Professional,1,1
12527,60000,1,0,Bachellors,Professional,0,1
12528,60000,1,0,Partial College,Skilled Manual,1,1
12529,60000,1,0,Partial College,Skilled Manual,1,1
12530,60000,1,0,Partial College,Skilled Manual,0,1
12531,100000,0,0,Bachellors,Professional,0,1
12532,60000,1,0,Partial College,Skilled Manual,0,1
12533,60000,1,0,Partial College,Skilled Manual,1,1
12534,90000,1,0,Bachellors,Professional,1,1
12535,70000,0,0,Bachellors,Professional,0,1
12536,80000,5,5,Bachellors,Professional,1,4
12537,80000,5,5,Bachellors,Professional,1,4
12538,90000,2,0,Bachellors,Professional,1,1
12539,70000,0,0,Bachellors,Professional,0,2
12540,70000,0,0,Bachellors,Professional,1,2
12541,60000,1,0,Partial College,Skilled Manual,0,1
12542,60000,1,0,Partial College,Skilled Manual,0,1
12543,60000,1,0,Partial College,Skilled Manual,0,1
12544,70000,5,4,Partial College,Skilled Manual,1,3
12545,90000,2,0,Bachellors,Professional,1,1
12546,70000,1,0,Partial College,Skilled Manual,0,1
12547,60000,3,2,Partial College,Skilled Manual,1,2
12548,40000,2,0,Bachellors,Management,1,1
12549,30000,0,0,High School,Skilled Manual,0,2
12550,30000,0,0,High School,Skilled Manual,1,2
12551,40000,0,0,High School,Skilled Manual,1,2
12552,40000,0,0,High School,Skilled Manual,0,2
12553,40000,0,0,High School,Skilled Manual,1,2
12554,40000,0,0,High School,Skilled Manual,0,2
12555,40000,0,0,High School,Skilled Manual,0,2
12556,40000,0,0,High School,Skilled Manual,1,2
12557,40000,0,0,High School,Skilled Manual,1,2
12558,30000,0,0,High School,Skilled Manual,1,2
12559,30000,0,0,High School,Skilled Manual,1,2
12560,30000,0,0,Partial High School,Clerical,0,2
12561,40000,0,0,High School,Skilled Manual,0,2
12562,40000,0,0,High School,Skilled Manual,1,2
12563,30000,2,0,Partial College,Clerical,0,2
12564,40000,2,0,Bachellors,Management,1,2
12565,30000,0,0,Partial High School,Clerical,0,2
12566,40000,0,0,High School,Skilled Manual,0,2
12567,30000,0,0,Partial High School,Clerical,0,2
12568,30000,0,0,Partial High School,Clerical,1,2
12569,40000,0,0,High School,Skilled Manual,0,2
12570,30000,2,0,Partial College,Clerical,0,2
12571,40000,2,0,Bachellors,Management,0,2
12572,40000,2,0,Bachellors,Management,1,2
12573,40000,2,0,Bachellors,Management,1,2
12574,40000,2,0,Bachellors,Management,1,2
12575,40000,2,0,Bachellors,Management,1,2
12576,40000,2,0,Bachellors,Management,0,2
12577,10000,5,0,High School,Skilled Manual,1,2
12578,40000,0,0,High School,Skilled Manual,1,2
12579,40000,0,0,Partial College,Skilled Manual,1,1
12580,40000,0,0,High School,Skilled Manual,1,2
12581,50000,0,0,Partial College,Skilled Manual,0,1
12582,50000,0,0,Partial College,Skilled Manual,0,1
12583,60000,0,0,Partial College,Skilled Manual,1,1
12584,60000,0,0,Partial College,Skilled Manual,1,1
12585,70000,0,0,Partial College,Skilled Manual,0,2
12586,70000,0,0,Partial College,Skilled Manual,0,2
12587,80000,0,0,Bachellors,Management,1,1
12588,80000,0,0,Bachellors,Management,0,1
12589,90000,4,4,Bachellors,Management,1,0
12590,100000,1,0,Bachellors,Management,1,2
12591,120000,0,0,Bachellors,Management,0,3
12592,80000,4,3,Bachellors,Management,1,0
12593,80000,4,3,Bachellors,Management,1,0
12594,120000,0,5,Partial High School,Management,0,4
12595,70000,4,3,Partial College,Professional,1,1
12596,110000,2,4,Partial College,Professional,1,3
12597,110000,2,4,Partial College,Professional,1,3
12598,150000,1,3,Partial College,Professional,0,3
12599,150000,2,3,Partial College,Professional,0,4
12600,150000,2,3,High School,Professional,0,4
12601,100000,2,3,High School,Professional,1,4
12602,120000,3,4,High School,Professional,0,4
12603,120000,3,4,High School,Professional,1,4
12604,90000,2,1,High School,Professional,1,2
12605,110000,3,4,Partial College,Professional,0,4
12606,130000,3,4,Partial College,Professional,1,3
12607,130000,3,4,Partial College,Professional,1,3
12608,130000,3,4,Partial College,Professional,1,3
12609,150000,3,4,High School,Professional,1,3
12610,70000,5,1,High School,Professional,1,2
12611,70000,5,1,High School,Professional,1,2
12612,80000,5,0,Bachellors,Management,1,2
12613,90000,5,0,Partial College,Professional,0,2
12614,130000,3,4,Bachellors,Management,1,4
12615,130000,4,4,Partial College,Professional,0,4
12616,160000,3,4,Bachellors,Management,1,4
12617,120000,4,4,Bachellors,Management,1,4
12618,130000,4,4,Partial College,Professional,0,4
12619,170000,4,4,Bachellors,Management,1,3
12620,110000,3,5,Bachellors,Management,1,1
12621,160000,3,4,Bachellors,Management,0,4
12622,70000,5,2,Partial High School,Skilled Manual,1,2
12623,110000,4,5,Partial College,Professional,1,2
12624,80000,4,1,High School,Professional,1,3
12625,90000,4,1,High School,Professional,1,2
12626,130000,4,5,High School,Professional,0,3
12627,90000,4,1,High School,Management,1,3
12628,100000,3,4,Partial College,Management,0,4
12629,120000,4,5,Partial College,Management,0,3
12630,130000,4,5,High School,Management,1,3
12631,160000,3,5,Partial College,Management,0,3
12632,80000,5,1,High School,Management,0,3
12633,120000,4,5,High School,Management,0,3
12634,120000,4,5,High School,Management,1,3
12635,130000,4,5,High School,Management,0,4
12636,160000,4,5,High School,Management,1,4
12637,160000,5,5,High School,Management,0,4
12638,80000,5,1,High School,Management,1,3
12639,120000,4,5,High School,Management,1,3
12640,120000,5,5,High School,Management,1,4
12641,70000,0,0,Bachellors,Professional,1,2
12642,70000,0,0,Bachellors,Professional,0,2
12643,70000,0,0,Bachellors,Professional,0,3
12644,70000,0,0,Bachellors,Professional,0,3
12645,70000,0,0,Bachellors,Professional,1,4
12646,90000,0,0,Bachellors,Professional,1,2
12647,80000,0,0,Bachellors,Professional,1,3
12648,80000,0,0,Bachellors,Professional,0,3
12649,90000,0,0,Bachellors,Professional,0,3
12650,90000,0,0,Bachellors,Professional,0,3
12651,120000,5,5,Partial High School,Professional,1,4
12652,90000,0,0,Bachellors,Professional,0,3
12653,90000,0,0,Bachellors,Professional,0,3
12654,100000,0,5,High School,Management,1,2
12655,130000,4,5,High School,Management,0,4
12656,90000,0,0,Bachellors,Professional,1,3
12657,90000,0,0,Bachellors,Professional,1,3
12658,80000,0,0,Bachellors,Professional,0,4
12659,110000,0,5,High School,Management,1,3
12660,110000,0,5,High School,Management,1,4
12661,160000,2,5,High School,Management,1,4
12662,90000,0,0,Bachellors,Professional,0,3
12663,100000,0,5,Partial High School,Professional,1,4
12664,100000,0,5,Partial High School,Professional,1,4
12665,110000,0,5,High School,Management,0,4
12666,120000,0,5,Partial High School,Professional,0,4
12667,30000,4,0,High School,Professional,1,2
12668,30000,4,0,High School,Professional,1,2
12669,40000,4,0,High School,Professional,1,2
12670,50000,3,0,Graduate Degree,Management,1,2
12671,60000,3,0,Graduate Degree,Management,1,2
12672,60000,3,0,Graduate Degree,Management,1,2
12673,60000,3,0,Graduate Degree,Management,1,2
12674,60000,3,0,Graduate Degree,Management,1,2
12675,60000,3,0,Graduate Degree,Management,0,2
12676,60000,3,0,Bachellors,Management,1,2
12677,60000,3,0,Bachellors,Management,1,2
12678,60000,3,0,Bachellors,Management,1,2
12679,60000,3,0,Bachellors,Management,1,2
12680,50000,3,0,Bachellors,Management,1,2
12681,50000,3,0,Bachellors,Management,1,2
12682,50000,4,0,Bachellors,Management,1,2
12683,50000,4,0,Bachellors,Management,1,2
12684,50000,4,0,Bachellors,Management,1,2
12685,50000,4,0,Bachellors,Management,1,2
12686,60000,4,0,Bachellors,Management,1,2
12687,60000,4,0,Bachellors,Management,1,2
12688,30000,5,0,Partial High School,Clerical,0,2
12689,30000,5,0,Partial High School,Clerical,1,2
12690,40000,4,0,High School,Professional,1,2
12691,40000,4,0,High School,Professional,0,2
12692,20000,5,0,Partial High School,Clerical,1,3
12693,20000,5,0,Partial High School,Clerical,0,3
12694,20000,5,0,Partial High School,Clerical,0,4
12695,20000,5,0,Partial High School,Clerical,0,4
12696,30000,5,0,Partial High School,Skilled Manual,0,3
12697,30000,5,0,Partial High School,Skilled Manual,1,3
12698,30000,5,0,Partial High School,Skilled Manual,1,3
12699,30000,2,1,Partial High School,Skilled Manual,1,2
12700,30000,2,1,Partial High School,Skilled Manual,1,2
12701,30000,2,1,Partial High School,Skilled Manual,0,3
12702,40000,5,0,High School,Professional,1,3
12703,40000,5,0,High School,Professional,1,3
12704,40000,5,0,High School,Professional,1,3
12705,40000,5,0,High School,Professional,1,4
12706,40000,2,1,High School,Professional,1,1
12707,70000,5,0,Bachellors,Management,1,3
12708,70000,5,0,Bachellors,Management,1,3
12709,70000,5,0,Bachellors,Management,1,3
12710,70000,5,0,Bachellors,Management,1,3
12711,40000,2,1,High School,Professional,1,2
12712,70000,2,1,Bachellors,Management,1,1
12713,70000,2,1,Bachellors,Management,1,1
12714,70000,2,1,Bachellors,Management,1,1
12715,70000,2,1,Bachellors,Management,1,1
12716,70000,2,1,Bachellors,Management,0,1
12717,70000,2,1,Partial College,Professional,1,1
12718,60000,2,1,Partial College,Professional,1,1
12719,60000,2,1,Partial College,Professional,1,2
12720,40000,2,1,Partial High School,Skilled Manual,1,2
12721,60000,2,1,Partial College,Professional,1,2
12722,60000,2,1,Partial College,Professional,0,0
12723,60000,2,1,Partial College,Professional,1,0
12724,60000,2,1,Partial College,Professional,1,1
12725,70000,5,1,Partial College,Professional,1,2
12726,40000,2,1,Partial High School,Skilled Manual,1,3
12727,60000,2,1,Partial College,Professional,0,2
12728,60000,2,1,Partial College,Professional,1,1
12729,60000,2,1,Partial College,Professional,1,1
12730,70000,4,2,Partial College,Professional,1,1
12731,60000,2,1,High School,Professional,1,2
12732,60000,2,1,High School,Professional,1,2
12733,60000,2,1,High School,Professional,1,2
12734,60000,2,1,High School,Professional,1,2
12735,60000,2,1,Partial College,Professional,0,1
12736,60000,2,1,Partial College,Professional,0,1
12737,60000,2,1,Partial College,Professional,1,1
12738,60000,2,1,Partial College,Professional,1,2
12739,70000,2,1,High School,Professional,1,2
12740,70000,2,1,High School,Professional,1,2
12741,70000,2,1,Partial High School,Skilled Manual,1,2
12742,70000,2,1,Partial High School,Skilled Manual,1,2
12743,60000,3,1,Partial High School,Skilled Manual,1,3
12744,20000,0,0,Partial High School,Manual,0,2
12745,20000,0,0,Partial High School,Manual,1,2
12746,20000,0,0,Partial High School,Manual,0,2
12747,20000,0,0,Partial High School,Manual,0,2
12748,20000,0,0,Partial High School,Manual,1,2
12749,30000,0,0,Partial College,Clerical,0,1
12750,30000,0,0,High School,Manual,0,1
12751,40000,1,1,Bachellors,Skilled Manual,1,0
12752,40000,1,1,Bachellors,Skilled Manual,1,0
12753,40000,1,1,Bachellors,Skilled Manual,1,0
12754,30000,0,0,High School,Manual,0,1
12755,10000,0,0,Partial High School,Manual,0,2
12756,20000,0,0,Partial High School,Manual,1,2
12757,20000,0,0,Partial High School,Manual,0,2
12758,20000,0,0,Partial High School,Manual,0,2
12759,40000,1,1,Bachellors,Skilled Manual,1,0
12760,40000,1,1,Bachellors,Skilled Manual,1,1
12761,40000,1,1,Bachellors,Skilled Manual,1,1
12762,20000,0,0,Partial High School,Manual,1,2
12763,30000,0,0,High School,Manual,0,1
12764,40000,1,1,Bachellors,Skilled Manual,1,1
12765,40000,2,2,Partial College,Clerical,1,0
12766,40000,2,2,Partial College,Clerical,1,0
12767,40000,2,2,Partial College,Clerical,1,0
12768,10000,0,0,Partial High School,Manual,0,2
12769,10000,0,0,Partial High School,Manual,1,2
12770,10000,0,0,Partial High School,Manual,1,2
12771,20000,0,0,Partial High School,Manual,0,2
12772,20000,0,0,Partial High School,Manual,0,2
12773,20000,0,0,Partial High School,Manual,0,2
12774,20000,0,0,Partial High School,Manual,1,2
12775,30000,0,0,High School,Manual,1,1
12776,40000,2,2,Partial College,Clerical,1,0
12777,40000,2,2,Partial College,Clerical,1,0
12778,40000,2,2,Partial College,Clerical,1,0
12779,30000,0,0,High School,Manual,0,1
12780,40000,2,2,Partial College,Clerical,1,2
12781,40000,2,2,Partial College,Clerical,0,2
12782,40000,3,3,Partial College,Clerical,1,0
12783,40000,3,3,Partial College,Clerical,1,1
12784,30000,1,0,Bachellors,Skilled Manual,1,1
12785,60000,0,0,Graduate Degree,Skilled Manual,0,0
12786,60000,0,0,Graduate Degree,Skilled Manual,0,0
12787,20000,3,0,Partial High School,Manual,1,2
12788,30000,1,0,High School,Clerical,0,1
12789,30000,1,0,High School,Clerical,1,1
12790,30000,1,0,High School,Clerical,1,1
12791,20000,3,0,Partial High School,Clerical,1,2
12792,20000,3,0,Partial High School,Clerical,0,2
12793,20000,3,0,Partial High School,Clerical,0,2
12794,30000,1,0,High School,Clerical,0,1
12795,30000,1,0,High School,Clerical,1,1
12796,30000,1,0,High School,Clerical,0,1
12797,30000,1,0,High School,Clerical,0,1
12798,20000,3,0,Partial High School,Clerical,0,2
12799,30000,2,0,High School,Skilled Manual,1,2
12800,20000,2,1,Partial High School,Clerical,0,2
12801,20000,2,1,Partial High School,Clerical,1,2
12802,20000,2,1,Partial High School,Clerical,1,2
12803,20000,2,1,Partial High School,Clerical,1,2
12804,20000,2,1,Partial High School,Clerical,0,2
12805,30000,2,0,High School,Skilled Manual,1,2
12806,30000,2,0,High School,Skilled Manual,1,2
12807,30000,2,0,High School,Skilled Manual,1,2
12808,40000,1,0,Partial College,Clerical,1,1
12809,40000,1,0,Partial College,Clerical,1,1
12810,40000,1,0,Partial College,Clerical,1,1
12811,40000,1,0,Partial College,Clerical,0,1
12812,40000,2,0,Partial College,Clerical,1,1
12813,40000,2,0,Partial College,Clerical,0,1
12814,40000,2,0,Partial College,Clerical,1,1
12815,40000,2,0,Partial College,Clerical,0,1
12816,40000,2,0,Partial College,Clerical,0,1
12817,40000,2,0,Partial College,Clerical,0,1
12818,40000,2,0,Partial College,Clerical,0,1
12819,50000,0,0,Graduate Degree,Skilled Manual,1,0
12820,40000,0,0,Graduate Degree,Skilled Manual,1,0
12821,40000,0,0,Graduate Degree,Skilled Manual,1,0
12822,40000,0,0,Graduate Degree,Skilled Manual,1,0
12823,40000,1,0,Graduate Degree,Skilled Manual,1,0
12824,40000,1,0,Graduate Degree,Skilled Manual,1,0
12825,40000,1,0,Graduate Degree,Skilled Manual,1,0
12826,40000,1,0,Graduate Degree,Skilled Manual,1,0
12827,40000,1,0,Graduate Degree,Skilled Manual,1,0
12828,50000,1,0,Graduate Degree,Skilled Manual,1,0
12829,70000,1,1,Graduate Degree,Skilled Manual,1,0
12830,50000,1,1,Graduate Degree,Skilled Manual,1,0
12831,50000,1,1,Graduate Degree,Skilled Manual,1,0
12832,50000,1,1,Bachellors,Skilled Manual,1,0
12833,50000,1,1,Bachellors,Skilled Manual,1,0
12834,50000,1,1,Bachellors,Skilled Manual,1,0
12835,60000,1,0,Graduate Degree,Skilled Manual,1,0
12836,70000,1,0,Graduate Degree,Professional,0,0
12837,70000,1,0,Graduate Degree,Professional,1,0
12838,40000,1,1,Bachellors,Skilled Manual,1,0
12839,40000,1,1,Bachellors,Skilled Manual,1,0
12840,40000,1,1,Bachellors,Skilled Manual,1,1
12841,40000,1,1,Bachellors,Skilled Manual,1,1
12842,40000,1,1,Bachellors,Skilled Manual,1,1
12843,40000,1,1,Bachellors,Skilled Manual,1,1
12844,60000,1,0,Graduate Degree,Professional,0,0
12845,60000,2,2,Bachellors,Skilled Manual,1,0
12846,60000,2,2,Bachellors,Skilled Manual,0,0
12847,60000,2,2,Bachellors,Skilled Manual,1,0
12848,60000,2,2,Bachellors,Skilled Manual,0,0
12849,60000,2,2,Bachellors,Skilled Manual,1,0
12850,60000,1,0,Graduate Degree,Professional,0,0
12851,60000,1,0,Graduate Degree,Professional,1,0
12852,60000,1,0,Graduate Degree,Professional,0,0
12853,60000,1,0,Graduate Degree,Professional,0,0
12854,60000,1,0,Graduate Degree,Professional,1,0
12855,60000,1,0,Graduate Degree,Professional,1,0
12856,60000,1,0,Graduate Degree,Professional,1,0
12857,60000,1,0,Graduate Degree,Professional,0,0
12858,60000,1,0,Graduate Degree,Professional,1,0
12859,70000,2,2,Bachellors,Skilled Manual,1,0
12860,70000,2,2,Bachellors,Skilled Manual,1,0
12861,70000,2,2,Bachellors,Skilled Manual,1,0
12862,70000,2,2,Bachellors,Skilled Manual,1,1
12863,40000,5,5,High School,Skilled Manual,1,3
12864,40000,0,0,Bachellors,Professional,0,1
12865,40000,0,0,Bachellors,Professional,0,1
12866,60000,1,0,Graduate Degree,Professional,1,0
12867,60000,1,0,Graduate Degree,Professional,1,0
12868,60000,1,0,Graduate Degree,Professional,1,0
12869,60000,1,0,Graduate Degree,Professional,0,0
12870,60000,2,0,Graduate Degree,Professional,1,0
12871,70000,3,0,Graduate Degree,Professional,0,0
12872,70000,3,0,Graduate Degree,Professional,0,0
12873,70000,4,0,Graduate Degree,Professional,1,0
12874,80000,2,0,Graduate Degree,Professional,1,0
12875,50000,2,2,Bachellors,Skilled Manual,1,1
12876,60000,3,3,Bachellors,Skilled Manual,1,0
12877,80000,3,3,Bachellors,Skilled Manual,1,0
12878,60000,0,0,Graduate Degree,Professional,0,0
12879,60000,0,0,Graduate Degree,Professional,1,0
12880,60000,0,0,Graduate Degree,Professional,0,0
12881,60000,0,0,Graduate Degree,Professional,1,0
12882,80000,3,0,Graduate Degree,Professional,1,0
12883,80000,3,0,Graduate Degree,Professional,1,0
12884,80000,3,0,Graduate Degree,Professional,0,0
12885,80000,3,0,Graduate Degree,Professional,1,0
12886,80000,3,0,Graduate Degree,Professional,1,0
12887,80000,3,0,Graduate Degree,Professional,1,0
12888,40000,0,0,Bachellors,Professional,0,1
12889,50000,3,3,Bachellors,Skilled Manual,1,1
12890,50000,3,3,Bachellors,Skilled Manual,0,2
12891,50000,3,3,Bachellors,Skilled Manual,1,2
12892,50000,3,3,Bachellors,Skilled Manual,1,2
12893,50000,3,3,Bachellors,Skilled Manual,1,2
12894,50000,3,3,Bachellors,Skilled Manual,1,3
12895,50000,3,3,Bachellors,Skilled Manual,1,3
12896,60000,0,0,Graduate Degree,Professional,1,0
12897,40000,0,0,Bachellors,Professional,0,1
12898,10000,3,3,Partial High School,Manual,1,1
12899,10000,4,4,Partial High School,Manual,1,0
12900,10000,4,4,Partial High School,Manual,1,0
12901,20000,1,1,Partial College,Manual,0,1
12902,30000,1,1,Bachellors,Clerical,1,0
12903,30000,1,1,Bachellors,Clerical,1,0
12904,30000,1,1,Bachellors,Clerical,1,0
12905,30000,1,1,Bachellors,Clerical,1,1
12906,30000,1,1,Bachellors,Clerical,0,1
12907,40000,0,0,Bachellors,Clerical,0,0
12908,40000,0,0,Bachellors,Clerical,0,0
12909,30000,1,1,Bachellors,Clerical,0,1
12910,30000,1,1,Bachellors,Skilled Manual,1,1
12911,10000,4,3,Partial High School,Manual,1,2
12912,20000,2,2,High School,Manual,1,0
12913,20000,2,2,High School,Manual,1,1
12914,20000,2,2,High School,Manual,1,2
12915,20000,2,2,High School,Manual,1,2
12916,20000,2,2,High School,Manual,1,2
12917,10000,4,2,Partial High School,Manual,1,2
12918,20000,3,3,High School,Manual,1,1
12919,20000,3,3,High School,Manual,1,2
12920,10000,4,0,High School,Manual,1,2
12921,40000,0,0,Bachellors,Professional,0,0
12922,40000,0,0,Bachellors,Professional,0,0
12923,40000,0,0,Bachellors,Professional,0,0
12924,40000,0,0,Bachellors,Professional,1,0
12925,40000,0,0,Bachellors,Professional,0,0
12926,40000,1,0,Bachellors,Skilled Manual,0,0
12927,40000,1,0,Bachellors,Skilled Manual,1,0
12928,30000,2,2,Partial College,Clerical,1,2
12929,30000,2,2,Partial College,Clerical,1,2
12930,30000,2,2,Partial College,Clerical,1,2
12931,40000,1,0,Bachellors,Skilled Manual,1,0
12932,30000,2,2,Partial College,Clerical,1,2
12933,30000,3,3,Partial College,Clerical,1,0
12934,30000,3,3,Partial College,Clerical,1,0
12935,20000,0,0,High School,Manual,0,1
12936,10000,0,0,Partial High School,Manual,0,2
12937,20000,4,4,High School,Manual,1,2
12938,20000,5,5,High School,Manual,1,2
12939,40000,1,0,Bachellors,Skilled Manual,1,0
12940,40000,1,0,Bachellors,Skilled Manual,1,1
12941,40000,1,0,Bachellors,Skilled Manual,1,1
12942,30000,3,3,Partial College,Clerical,1,2
12943,30000,4,4,Partial College,Clerical,1,0
12944,30000,4,4,Partial College,Clerical,1,2
12945,30000,4,4,Partial College,Clerical,0,3
12946,30000,5,5,Partial College,Clerical,1,1
12947,30000,0,0,Partial College,Clerical,1,1
12948,30000,0,0,Partial College,Clerical,0,1
12949,20000,0,0,High School,Manual,1,1
12950,20000,0,0,High School,Manual,0,1
12951,10000,0,0,Partial High School,Manual,0,2
12952,10000,0,0,Partial High School,Manual,1,2
12953,20000,0,0,High School,Manual,0,1
12954,20000,0,0,Partial High School,Manual,0,1
12955,30000,0,0,Partial College,Clerical,0,1
12956,20000,0,0,Partial High School,Manual,0,1
12957,20000,0,0,Partial High School,Manual,0,1
12958,10000,0,0,Partial High School,Manual,1,2
12959,30000,0,0,Partial College,Clerical,0,1
12960,30000,0,0,Partial College,Clerical,0,1
12961,30000,0,0,Partial College,Clerical,0,1
12962,30000,0,0,Partial College,Clerical,0,1
12963,10000,0,0,Partial High School,Manual,1,2
12964,10000,0,0,Partial High School,Manual,0,2
12965,10000,1,0,Graduate Degree,Manual,1,0
12966,10000,1,0,Graduate Degree,Manual,0,0
12967,20000,1,0,Graduate Degree,Manual,0,0
12968,20000,1,0,Graduate Degree,Clerical,1,0
12969,10000,1,0,Bachellors,Manual,1,0
12970,10000,1,0,Bachellors,Manual,0,0
12971,20000,1,0,Graduate Degree,Clerical,1,0
12972,20000,1,0,Graduate Degree,Clerical,0,0
12973,20000,1,0,Graduate Degree,Clerical,0,0
12974,10000,1,0,Graduate Degree,Clerical,0,0
12975,10000,1,0,Bachellors,Manual,0,0
12976,10000,1,0,Bachellors,Manual,1,0
12977,20000,1,0,Bachellors,Manual,1,0
12978,20000,1,0,Bachellors,Manual,1,0
12979,10000,1,0,Partial College,Manual,0,0
12980,10000,2,0,Partial College,Manual,0,0
12981,20000,1,0,Bachellors,Clerical,1,0
12982,10000,2,0,Partial College,Manual,1,0
12983,10000,2,0,Partial College,Manual,0,1
12984,10000,2,0,Partial College,Manual,1,1
12985,10000,2,0,Partial College,Manual,0,1
12986,20000,1,0,Bachellors,Clerical,1,0
12987,20000,1,0,Bachellors,Clerical,1,0
12988,30000,1,0,Bachellors,Clerical,1,0
12989,30000,1,0,Bachellors,Clerical,1,0
12990,30000,1,0,Bachellors,Clerical,0,0
12991,10000,3,0,Partial College,Manual,0,1
12992,10000,3,0,Partial College,Manual,0,1
12993,10000,0,0,Partial College,Manual,0,1
12994,10000,0,0,Partial College,Manual,0,1
12995,10000,0,0,Partial College,Manual,0,1
12996,20000,0,0,Bachellors,Clerical,0,0
12997,10000,0,0,Partial College,Manual,0,1
12998,10000,0,0,Partial College,Manual,0,1
12999,10000,0,0,Partial College,Manual,1,1
13000,10000,0,0,Partial College,Manual,1,1
13001,10000,0,0,Partial College,Manual,0,1
13002,10000,0,0,High School,Manual,0,2
13003,10000,0,0,High School,Manual,0,2
13004,10000,0,0,High School,Manual,1,2
13005,10000,0,0,High School,Manual,1,2
13006,20000,0,0,Bachellors,Clerical,0,0
13007,20000,0,0,Bachellors,Clerical,1,0
13008,20000,0,0,Bachellors,Clerical,0,0
13009,20000,0,0,Bachellors,Clerical,0,0
13010,20000,0,0,Partial College,Manual,0,0
13011,20000,1,1,Partial College,Manual,0,0
13012,30000,3,0,Graduate Degree,Clerical,1,0
13013,10000,1,1,High School,Manual,0,0
13014,10000,1,1,High School,Manual,1,1
13015,20000,1,1,Partial College,Manual,1,0
13016,20000,1,1,Partial College,Manual,0,0
13017,10000,1,1,High School,Manual,1,1
13018,20000,2,0,Partial College,Manual,1,1
13019,20000,2,0,Partial College,Manual,1,1
13020,20000,2,0,Partial College,Manual,0,1
13021,20000,2,0,Partial College,Manual,0,1
13022,20000,2,0,Partial College,Manual,0,1
13023,20000,2,0,Partial College,Manual,0,1
13024,20000,2,0,Partial College,Manual,0,1
13025,30000,1,0,Graduate Degree,Clerical,1,0
13026,30000,3,0,Graduate Degree,Clerical,1,0
13027,30000,3,0,Bachellors,Clerical,0,0
13028,30000,3,0,Bachellors,Clerical,1,0
13029,20000,0,0,Partial College,Manual,0,1
13030,20000,0,0,Partial College,Manual,1,1
13031,20000,0,0,Partial College,Manual,0,1
13032,20000,0,0,Partial College,Manual,0,1
13033,10000,2,2,High School,Manual,1,0
13034,30000,0,0,Bachellors,Clerical,1,0
13035,30000,0,0,Bachellors,Clerical,1,0
13036,10000,3,0,Bachellors,Clerical,0,2
13037,20000,0,0,Partial College,Manual,0,1
13038,20000,0,0,Partial College,Manual,0,1
13039,30000,0,0,Bachellors,Clerical,0,0
13040,40000,0,0,Graduate Degree,Clerical,0,0
13041,60000,0,0,Graduate Degree,Skilled Manual,1,0
13042,10000,4,0,High School,Manual,1,2
13043,10000,2,2,High School,Manual,1,1
13044,10000,2,2,High School,Manual,1,1
13045,10000,3,3,High School,Manual,1,0
13046,10000,3,3,High School,Manual,1,0
13047,10000,3,3,High School,Manual,1,0
13048,20000,1,1,Partial College,Manual,0,0
13049,20000,1,1,Partial College,Manual,1,0
13050,20000,1,1,Partial College,Manual,1,0
13051,20000,1,1,Partial College,Manual,0,1
13052,30000,1,1,Bachellors,Clerical,1,0
13053,30000,1,1,Bachellors,Clerical,0,0
13054,40000,0,0,Bachellors,Clerical,1,0
13055,10000,3,3,Partial High School,Manual,1,1
13056,10000,3,3,Partial High School,Manual,1,1
13057,20000,1,1,Partial College,Manual,0,1
13058,20000,1,1,Partial College,Manual,1,1
13059,30000,1,1,Bachellors,Clerical,0,0
13060,30000,1,1,Bachellors,Clerical,0,1
13061,30000,1,1,Bachellors,Clerical,0,1
13062,10000,4,4,Partial High School,Manual,1,1
13063,10000,5,5,Partial High School,Manual,1,0
13064,20000,1,1,High School,Manual,1,1
13065,20000,1,1,High School,Manual,1,2
13066,20000,2,2,High School,Manual,1,0
13067,40000,0,0,Bachellors,Clerical,0,0
13068,40000,0,0,Bachellors,Clerical,0,0
13069,40000,0,0,Bachellors,Clerical,0,0
13070,40000,0,0,Bachellors,Clerical,1,0
13071,20000,2,0,High School,Manual,0,1
13072,30000,1,1,Bachellors,Skilled Manual,1,2
13073,30000,1,1,Bachellors,Skilled Manual,1,2
13074,10000,5,3,Partial High School,Manual,1,2
13075,10000,4,3,Partial High School,Manual,0,2
13076,10000,4,3,Partial High School,Manual,1,2
13077,10000,4,3,Partial High School,Manual,1,2
13078,20000,2,2,High School,Manual,1,1
13079,30000,1,1,Bachellors,Skilled Manual,1,2
13080,10000,3,2,Partial High School,Manual,1,2
13081,10000,3,2,Partial High School,Manual,1,2
13082,10000,4,0,High School,Manual,0,2
13083,20000,2,2,High School,Manual,1,2
13084,20000,3,3,High School,Manual,1,0
13085,20000,3,3,High School,Manual,1,0
13086,30000,1,1,Bachellors,Skilled Manual,1,2
13087,30000,2,2,Partial College,Manual,1,0
13088,30000,2,2,Partial College,Manual,0,0
13089,20000,3,3,High School,Manual,1,1
13090,40000,0,0,Bachellors,Professional,1,0
13091,40000,0,0,Bachellors,Professional,0,0
13092,40000,0,0,Bachellors,Professional,1,0
13093,40000,0,0,Bachellors,Professional,1,0
13094,80000,0,0,Graduate Degree,Skilled Manual,0,0
13095,30000,1,0,Partial College,Clerical,1,1
13096,30000,1,0,Partial College,Clerical,0,1
13097,30000,1,0,Bachellors,Skilled Manual,1,1
13098,30000,1,0,Bachellors,Skilled Manual,1,1
13099,30000,2,2,Partial College,Clerical,1,1
13100,30000,2,2,Partial College,Clerical,1,1
13101,40000,1,0,Bachellors,Skilled Manual,1,0
13102,40000,1,0,Bachellors,Skilled Manual,1,0
13103,40000,1,0,Bachellors,Skilled Manual,0,0
13104,40000,1,0,Bachellors,Skilled Manual,1,0
13105,40000,1,0,Bachellors,Skilled Manual,1,0
13106,30000,3,3,Partial College,Clerical,1,0
13107,30000,3,3,Partial College,Clerical,0,0
13108,30000,3,3,Partial College,Clerical,1,1
13109,20000,0,0,High School,Manual,0,1
13110,20000,0,0,High School,Manual,0,1
13111,20000,4,4,High School,Manual,1,2
13112,20000,0,0,High School,Manual,0,1
13113,40000,1,0,Bachellors,Skilled Manual,1,0
13114,30000,1,0,Partial College,Clerical,0,1
13115,30000,1,0,Partial College,Clerical,0,1
13116,40000,1,0,Bachellors,Skilled Manual,1,1
13117,40000,1,0,Bachellors,Skilled Manual,1,1
13118,30000,3,3,Partial College,Clerical,1,2
13119,30000,0,0,Partial College,Clerical,0,1
13120,30000,0,0,Partial College,Clerical,0,1
13121,30000,0,0,Partial College,Clerical,0,1
13122,30000,0,0,Partial College,Clerical,0,1
13123,20000,0,0,High School,Manual,0,1
13124,20000,0,0,High School,Manual,0,1
13125,20000,0,0,High School,Manual,0,1
13126,20000,0,0,High School,Manual,0,1
13127,20000,0,0,High School,Manual,0,1
13128,30000,0,0,Partial College,Clerical,0,1
13129,30000,0,0,Partial College,Clerical,0,1
13130,10000,0,0,Partial High School,Manual,1,2
13131,10000,0,0,Partial High School,Manual,1,2
13132,20000,0,0,Partial High School,Manual,0,2
13133,20000,0,0,Partial High School,Manual,0,2
13134,20000,0,0,Partial High School,Manual,1,2
13135,20000,0,0,Partial High School,Manual,0,2
13136,30000,0,0,Partial College,Clerical,0,1
13137,30000,0,0,Partial College,Clerical,0,1
13138,30000,0,0,Partial College,Clerical,1,1
13139,40000,1,1,Bachellors,Skilled Manual,1,0
13140,10000,0,0,Partial High School,Manual,1,2
13141,10000,0,0,Graduate Degree,Manual,0,0
13142,10000,1,0,Graduate Degree,Manual,1,0
13143,10000,1,0,Graduate Degree,Manual,1,0
13144,10000,1,0,Graduate Degree,Manual,1,0
13145,20000,1,0,Graduate Degree,Clerical,1,0
13146,20000,1,0,Graduate Degree,Clerical,1,0
13147,20000,1,0,Graduate Degree,Clerical,1,0
13148,20000,1,0,Graduate Degree,Clerical,0,0
13149,10000,2,0,Partial College,Manual,0,0
13150,10000,2,0,Partial College,Manual,1,0
13151,10000,2,0,Partial College,Manual,1,0
13152,20000,1,0,Bachellors,Clerical,0,0
13153,20000,1,0,Bachellors,Clerical,0,0
13154,20000,1,0,Bachellors,Clerical,1,0
13155,30000,1,0,Bachellors,Clerical,0,0
13156,20000,1,0,Partial College,Manual,1,0
13157,20000,1,0,Partial College,Manual,0,0
13158,10000,3,0,Partial College,Manual,0,1
13159,10000,3,0,Partial College,Manual,0,1
13160,10000,0,0,Partial College,Manual,0,1
13161,10000,0,0,Partial College,Manual,1,1
13162,10000,0,0,Partial College,Manual,1,1
13163,10000,0,0,Partial College,Manual,0,1
13164,10000,0,0,Partial College,Manual,0,1
13165,10000,0,0,High School,Manual,0,2
13166,10000,0,0,High School,Manual,0,2
13167,10000,0,0,High School,Manual,0,2
13168,10000,0,0,High School,Manual,1,2
13169,10000,0,0,High School,Manual,1,2
13170,10000,1,1,High School,Manual,0,0
13171,10000,1,1,High School,Manual,1,0
13172,10000,1,1,High School,Manual,0,0
13173,10000,1,1,High School,Manual,1,0
13174,20000,0,0,Bachellors,Clerical,1,0
13175,20000,0,0,Bachellors,Clerical,1,0
13176,20000,0,0,Bachellors,Clerical,0,0
13177,20000,0,0,Bachellors,Clerical,1,0
13178,20000,0,0,Bachellors,Clerical,1,0
13179,20000,0,0,Partial College,Manual,0,0
13180,20000,0,0,Partial College,Manual,1,0
13181,20000,2,0,Partial College,Manual,1,0
13182,20000,2,0,Partial College,Manual,0,0
13183,30000,1,0,Bachellors,Clerical,1,0
13184,30000,4,0,Graduate Degree,Clerical,1,0
13185,30000,3,0,Graduate Degree,Clerical,1,0
13186,10000,1,1,High School,Manual,0,1
13187,20000,1,1,Partial College,Manual,0,0
13188,30000,3,0,Graduate Degree,Clerical,0,0
13189,20000,2,0,Partial College,Manual,1,1
13190,30000,3,0,Graduate Degree,Clerical,1,0
13191,20000,2,0,Partial College,Manual,1,1
13192,30000,3,0,Graduate Degree,Clerical,1,0
13193,30000,3,0,Graduate Degree,Clerical,1,0
13194,30000,0,0,Bachellors,Clerical,0,0
13195,30000,0,0,Bachellors,Clerical,0,0
13196,10000,2,2,High School,Manual,1,0
13197,10000,2,2,High School,Manual,1,0
13198,20000,0,0,Partial College,Manual,0,1
13199,30000,0,0,Bachellors,Clerical,1,0
13200,40000,0,0,Graduate Degree,Clerical,0,0
13201,40000,0,0,Graduate Degree,Clerical,0,0
13202,10000,2,2,High School,Manual,1,0
13203,20000,0,0,Partial College,Manual,0,1
13204,30000,0,0,Bachellors,Clerical,0,0
13205,30000,0,0,Bachellors,Clerical,0,0
13206,30000,1,0,Bachellors,Clerical,0,0
13207,40000,0,0,Graduate Degree,Clerical,1,0
13208,10000,2,2,High School,Manual,1,1
13209,40000,0,0,Graduate Degree,Clerical,1,0
13210,60000,0,0,Graduate Degree,Skilled Manual,1,0
13211,60000,0,0,Graduate Degree,Skilled Manual,1,0
13212,60000,0,0,Graduate Degree,Skilled Manual,0,0
13213,10000,3,0,Partial College,Manual,0,2
13214,10000,3,0,Partial College,Manual,0,2
13215,20000,2,0,Partial College,Manual,1,1
13216,10000,2,1,High School,Manual,1,2
13217,10000,2,1,High School,Manual,1,2
13218,10000,2,2,High School,Manual,0,1
13219,20000,1,1,Partial College,Manual,0,0
13220,30000,1,0,Bachellors,Clerical,1,0
13221,90000,4,4,Bachellors,Management,1,2
13222,130000,1,0,Graduate Degree,Management,0,2
13223,40000,0,0,High School,Skilled Manual,1,2
13224,40000,0,0,High School,Skilled Manual,1,2
13225,40000,0,0,High School,Skilled Manual,0,2
13226,40000,0,0,Partial College,Skilled Manual,1,1
13227,40000,0,0,Partial College,Skilled Manual,0,1
13228,40000,0,0,Partial College,Skilled Manual,0,1
13229,20000,3,0,High School,Skilled Manual,0,2
13230,20000,4,0,High School,Skilled Manual,1,2
13231,20000,4,0,High School,Skilled Manual,1,2
13232,60000,0,0,Partial College,Skilled Manual,1,1
13233,60000,0,0,Partial College,Skilled Manual,1,2
13234,70000,0,0,Partial College,Skilled Manual,1,2
13235,70000,0,0,Partial College,Skilled Manual,1,2
13236,40000,0,0,High School,Skilled Manual,0,2
13237,30000,0,0,Partial College,Skilled Manual,1,1
13238,30000,0,0,Partial College,Skilled Manual,0,1
13239,60000,0,0,Partial College,Skilled Manual,1,2
13240,60000,0,0,Partial College,Skilled Manual,1,2
13241,10000,2,1,Partial High School,Clerical,1,2
13242,20000,4,0,High School,Skilled Manual,0,2
13243,30000,2,0,Partial College,Clerical,0,2
13244,30000,2,0,Partial College,Clerical,1,2
13245,40000,2,0,Bachellors,Management,1,2
13246,10000,2,1,Partial High School,Clerical,1,2
13247,10000,2,1,Partial High School,Clerical,1,2
13248,20000,4,0,High School,Skilled Manual,1,2
13249,20000,4,0,High School,Skilled Manual,0,2
13250,30000,2,0,Partial College,Clerical,0,2
13251,30000,2,0,Partial College,Clerical,1,2
13252,30000,2,0,Partial College,Clerical,0,2
13253,30000,2,0,Partial College,Clerical,0,2
13254,10000,2,1,Partial High School,Clerical,1,2
13255,70000,0,0,Partial College,Skilled Manual,0,2
13256,40000,0,0,Partial High School,Clerical,0,2
13257,40000,0,0,Partial High School,Clerical,0,2
13258,20000,2,1,Partial High School,Clerical,0,2
13259,40000,0,0,Bachellors,Professional,0,2
13260,40000,0,0,Bachellors,Professional,1,2
13261,40000,0,0,Partial College,Skilled Manual,0,2
13262,60000,0,0,Partial College,Skilled Manual,1,2
13263,60000,0,0,Partial College,Skilled Manual,0,2
13264,60000,0,0,Partial College,Skilled Manual,1,2
13265,70000,0,0,Partial College,Skilled Manual,0,2
13266,70000,0,0,Partial College,Skilled Manual,0,2
13267,20000,2,1,Partial High School,Clerical,1,2
13268,10000,2,1,Partial High School,Clerical,1,2
13269,10000,2,1,Partial High School,Clerical,1,3
13270,10000,2,1,Partial High School,Clerical,1,3
13271,20000,2,1,Partial High School,Clerical,1,2
13272,20000,2,1,Partial High School,Clerical,1,2
13273,20000,2,1,Partial High School,Clerical,1,2
13274,20000,2,1,Partial High School,Clerical,1,2
13275,20000,2,1,Partial High School,Clerical,1,2
13276,30000,0,0,Partial College,Skilled Manual,0,2
13277,20000,2,1,Partial High School,Clerical,1,3
13278,20000,3,1,Partial High School,Clerical,1,4
13279,40000,2,0,Partial College,Skilled Manual,0,2
13280,40000,2,0,Partial College,Skilled Manual,0,2
13281,40000,3,0,Partial High School,Clerical,0,2
13282,40000,3,0,Partial High School,Clerical,0,2
13283,80000,2,0,Partial College,Skilled Manual,1,2
13284,80000,2,0,Partial College,Skilled Manual,0,2
13285,40000,0,0,Partial College,Skilled Manual,0,2
13286,40000,0,0,Partial College,Skilled Manual,1,2
13287,40000,0,0,High School,Skilled Manual,0,2
13288,40000,0,0,High School,Skilled Manual,1,2
13289,40000,0,0,High School,Skilled Manual,1,2
13290,60000,0,0,Partial College,Skilled Manual,1,2
13291,50000,0,0,High School,Skilled Manual,1,2
13292,50000,0,0,High School,Skilled Manual,0,2
13293,50000,0,0,High School,Skilled Manual,1,2
13294,50000,0,0,High School,Skilled Manual,1,2
13295,50000,0,0,High School,Skilled Manual,0,2
13296,60000,0,0,Partial College,Skilled Manual,0,2
13297,70000,0,0,Partial College,Professional,0,2
13298,60000,0,0,Partial College,Professional,1,2
13299,60000,0,0,Partial College,Professional,1,2
13300,60000,0,0,Partial College,Professional,1,2
13301,80000,2,0,High School,Skilled Manual,1,2
13302,70000,2,0,High School,Skilled Manual,1,2
13303,70000,2,0,High School,Skilled Manual,1,2
13304,70000,2,0,High School,Skilled Manual,0,2
13305,100000,1,0,Bachellors,Management,0,3
13306,100000,1,1,Bachellors,Management,0,3
13307,100000,1,1,Bachellors,Management,1,3
13308,100000,1,1,Bachellors,Management,0,3
13309,80000,0,0,Bachellors,Management,1,1
13310,50000,0,0,High School,Professional,0,2
13311,50000,0,0,High School,Professional,0,2
13312,60000,0,0,Partial College,Professional,0,2
13313,60000,0,0,Partial College,Professional,1,2
13314,60000,0,0,Partial College,Professional,1,2
13315,120000,2,2,Bachellors,Management,1,4
13316,130000,0,1,Graduate Degree,Management,1,3
13317,130000,0,1,Graduate Degree,Management,0,3
13318,130000,0,1,Graduate Degree,Management,0,4
13319,130000,1,1,Graduate Degree,Management,1,4
13320,70000,2,0,Partial High School,Skilled Manual,1,2
13321,70000,2,0,Partial High School,Skilled Manual,1,2
13322,40000,0,0,Bachellors,Professional,0,1
13323,60000,4,4,Bachellors,Skilled Manual,1,2
13324,60000,5,5,Bachellors,Skilled Manual,1,3
13325,60000,4,2,Bachellors,Skilled Manual,1,2
13326,60000,4,2,Bachellors,Skilled Manual,0,2
13327,60000,4,2,Bachellors,Skilled Manual,1,2
13328,60000,4,2,Bachellors,Skilled Manual,1,2
13329,60000,4,2,Bachellors,Skilled Manual,0,2
13330,70000,4,2,Bachellors,Professional,1,2
13331,70000,4,2,Bachellors,Professional,0,2
13332,70000,0,0,Bachellors,Professional,0,1
13333,60000,3,2,Graduate Degree,Professional,1,0
13334,70000,1,0,Bachellors,Professional,1,1
13335,70000,1,0,Bachellors,Professional,1,1
13336,70000,1,0,Bachellors,Professional,1,1
13337,70000,1,0,Bachellors,Professional,1,1
13338,70000,1,0,Partial College,Skilled Manual,1,1
13339,40000,4,3,High School,Skilled Manual,1,3
13340,40000,4,3,High School,Skilled Manual,1,3
13341,40000,4,3,High School,Skilled Manual,0,4
13342,60000,1,0,Partial College,Skilled Manual,1,1
13343,60000,1,0,Partial College,Skilled Manual,1,1
13344,40000,4,2,High School,Skilled Manual,0,2
13345,50000,0,0,Partial College,Skilled Manual,0,1
13346,60000,0,0,Graduate Degree,Professional,0,1
13347,60000,0,0,Graduate Degree,Professional,0,1
13348,60000,0,0,Graduate Degree,Professional,1,1
13349,60000,0,0,Graduate Degree,Professional,0,1
13350,60000,0,0,Graduate Degree,Professional,1,1
13351,40000,2,0,Partial High School,Clerical,0,1
13352,60000,1,0,Partial College,Skilled Manual,1,1
13353,60000,1,0,Partial College,Skilled Manual,1,1
13354,60000,1,0,Partial College,Skilled Manual,1,1
13355,60000,1,0,Partial College,Skilled Manual,1,1
13356,60000,4,3,Bachellors,Professional,1,1
13357,80000,2,0,Graduate Degree,Professional,1,0
13358,60000,3,2,Bachellors,Professional,1,1
13359,60000,1,0,Bachellors,Professional,1,1
13360,60000,1,0,Bachellors,Professional,1,1
13361,60000,2,2,Bachellors,Professional,0,1
13362,60000,2,2,Bachellors,Professional,0,1
13363,60000,2,2,Bachellors,Professional,0,1
13364,80000,4,4,Graduate Degree,Management,0,1
13365,90000,2,0,Bachellors,Professional,0,0
13366,60000,2,2,Bachellors,Professional,1,1
13367,120000,1,0,Graduate Degree,Management,0,1
13368,120000,1,0,Graduate Degree,Management,0,2
13369,120000,1,0,Graduate Degree,Management,0,2
13370,80000,5,5,Graduate Degree,Management,0,2
13371,80000,5,5,Graduate Degree,Management,0,3
13372,90000,2,0,Bachellors,Professional,1,0
13373,60000,2,2,Bachellors,Professional,1,1
13374,60000,2,2,Bachellors,Professional,1,1
13375,60000,3,3,Bachellors,Professional,0,1
13376,60000,3,3,Bachellors,Professional,1,1
13377,70000,5,5,Bachellors,Professional,1,4
13378,70000,0,0,Bachellors,Professional,0,1
13379,70000,0,0,Bachellors,Professional,0,1
13380,70000,0,0,Bachellors,Professional,0,1
13381,70000,0,0,Bachellors,Professional,0,1
13382,70000,0,0,Bachellors,Professional,1,1
13383,60000,3,3,Bachellors,Professional,1,2
13384,30000,0,0,Partial College,Clerical,0,1
13385,30000,0,0,Partial College,Clerical,0,1
13386,70000,3,2,Partial College,Professional,1,0
13387,80000,2,1,Bachellors,Management,0,0
13388,80000,2,1,Bachellors,Management,0,0
13389,80000,2,1,Bachellors,Management,0,0
13390,80000,2,0,Partial High School,Skilled Manual,1,2
13391,60000,2,0,High School,Professional,1,2
13392,60000,2,0,High School,Professional,1,2
13393,60000,2,0,High School,Professional,0,2
13394,50000,2,0,Graduate Degree,Management,1,2
13395,110000,2,2,Bachellors,Management,1,3
13396,110000,3,2,Bachellors,Management,1,4
13397,120000,2,2,Bachellors,Management,1,4
13398,120000,2,2,Bachellors,Management,0,4
13399,130000,1,1,Graduate Degree,Management,1,4
13400,80000,4,3,Bachellors,Management,1,0
13401,100000,5,2,Partial College,Professional,0,1
13402,110000,3,2,Bachellors,Management,0,4
13403,170000,0,0,Graduate Degree,Management,0,3
13404,70000,3,2,Partial College,Professional,1,0
13405,70000,4,0,Graduate Degree,Management,1,2
13406,70000,4,0,Graduate Degree,Management,1,2
13407,110000,4,2,Bachellors,Management,1,4
13408,110000,5,3,Bachellors,Management,1,0
13409,110000,5,3,Bachellors,Management,1,0
13410,120000,4,3,Partial College,Professional,0,3
13411,100000,1,2,Partial College,Professional,0,4
13412,110000,1,3,Bachellors,Management,1,2
13413,120000,1,3,Partial College,Professional,0,4
13414,120000,1,3,High School,Professional,1,4
13415,130000,1,2,Bachellors,Management,0,4
13416,70000,5,4,Partial College,Professional,1,3
13417,90000,4,3,High School,Professional,1,2
13418,130000,3,3,Bachellors,Management,0,3
13419,60000,2,0,High School,Professional,0,2
13420,70000,4,3,High School,Professional,1,0
13421,80000,3,2,Partial College,Professional,1,1
13422,90000,2,1,High School,Professional,1,1
13423,80000,4,0,Graduate Degree,Management,1,2
13424,130000,2,3,Graduate Degree,Management,1,3
13425,130000,2,3,Graduate Degree,Management,1,3
13426,90000,4,3,High School,Professional,1,3
13427,110000,5,3,Partial College,Professional,1,4
13428,110000,3,3,Partial College,Professional,0,4
13429,110000,4,3,Partial College,Professional,1,4
13430,70000,2,0,Partial High School,Skilled Manual,0,2
13431,70000,3,0,Partial High School,Skilled Manual,0,2
13432,60000,2,0,Partial High School,Skilled Manual,1,2
13433,60000,2,0,Partial High School,Skilled Manual,1,2
13434,70000,3,1,High School,Professional,0,1
13435,70000,3,1,High School,Professional,1,1
13436,70000,3,0,Graduate Degree,Management,1,2
13437,70000,3,0,Graduate Degree,Management,1,2
13438,70000,3,0,Graduate Degree,Management,0,2
13439,40000,3,0,Partial College,Professional,1,2
13440,40000,3,0,Partial College,Professional,1,2
13441,40000,3,0,Partial College,Professional,1,2
13442,40000,3,0,Partial College,Professional,0,2
13443,40000,3,0,Partial College,Professional,1,2
13444,40000,3,0,Partial College,Professional,1,2
13445,40000,3,0,Partial College,Professional,0,2
13446,40000,4,0,Partial College,Professional,0,2
13447,40000,4,0,Partial College,Professional,0,2
13448,30000,4,0,High School,Professional,1,2
13449,30000,4,0,High School,Professional,1,2
13450,30000,4,0,High School,Professional,1,2
13451,30000,4,0,High School,Professional,1,2
13452,30000,4,0,High School,Professional,0,2
13453,40000,4,0,High School,Professional,1,2
13454,60000,4,4,Bachellors,Professional,1,1
13455,60000,4,4,Bachellors,Professional,1,2
13456,60000,4,4,Bachellors,Professional,0,3
13457,60000,4,4,Bachellors,Professional,1,3
13458,60000,3,2,Bachellors,Professional,1,2
13459,70000,0,0,Bachellors,Professional,1,1
13460,70000,1,0,Partial College,Skilled Manual,0,1
13461,60000,1,0,Bachellors,Professional,0,1
13462,60000,1,0,Bachellors,Professional,1,1
13463,60000,1,0,Bachellors,Professional,0,1
13464,90000,1,0,Graduate Degree,Management,1,1
13465,100000,0,0,Bachellors,Professional,0,1
13466,60000,1,0,Partial College,Skilled Manual,1,1
13467,60000,1,0,Partial College,Skilled Manual,1,1
13468,60000,1,0,Partial College,Skilled Manual,0,1
13469,70000,0,0,Bachellors,Professional,1,1
13470,80000,5,5,Bachellors,Professional,1,4
13471,80000,5,5,Bachellors,Professional,1,4
13472,70000,0,0,Bachellors,Professional,0,1
13473,70000,0,0,Bachellors,Professional,0,1
13474,70000,0,0,Bachellors,Professional,0,1
13475,70000,0,0,Bachellors,Professional,0,2
13476,70000,0,0,Bachellors,Professional,0,2
13477,60000,1,0,Partial College,Skilled Manual,1,1
13478,60000,1,0,Partial College,Skilled Manual,1,1
13479,60000,1,0,Partial College,Skilled Manual,1,1
13480,70000,5,4,Partial College,Skilled Manual,1,2
13481,90000,2,0,Bachellors,Professional,1,1
13482,90000,2,0,Bachellors,Management,0,1
13483,100000,4,0,Bachellors,Management,1,2
13484,30000,2,0,Partial College,Clerical,0,2
13485,60000,1,0,Partial College,Skilled Manual,1,1
13486,40000,2,0,Bachellors,Management,0,1
13487,40000,0,0,High School,Skilled Manual,1,1
13488,40000,0,0,High School,Skilled Manual,0,2
13489,40000,0,0,High School,Skilled Manual,0,2
13490,40000,0,0,High School,Skilled Manual,1,2
13491,30000,0,0,High School,Skilled Manual,1,2
13492,30000,0,0,High School,Skilled Manual,0,2
13493,30000,0,0,High School,Skilled Manual,0,2
13494,30000,0,0,High School,Skilled Manual,0,2
13495,30000,2,0,Partial College,Clerical,0,2
13496,30000,2,0,Partial College,Clerical,0,2
13497,40000,0,0,High School,Skilled Manual,0,2
13498,40000,0,0,High School,Skilled Manual,0,2
13499,40000,0,0,High School,Skilled Manual,0,2
13500,30000,0,0,Partial High School,Clerical,0,2
13501,40000,0,0,High School,Skilled Manual,0,2
13502,30000,0,0,Partial High School,Clerical,0,2
13503,40000,2,0,Bachellors,Management,1,2
13504,40000,2,0,Bachellors,Management,1,2
13505,40000,2,0,Bachellors,Management,0,2
13506,40000,2,0,Bachellors,Management,1,2
13507,60000,2,0,Graduate Degree,Management,1,1
13508,40000,0,0,High School,Skilled Manual,0,2
13509,40000,0,0,High School,Skilled Manual,0,2
13510,40000,0,0,High School,Skilled Manual,1,2
13511,40000,0,0,High School,Skilled Manual,0,2
13512,40000,0,0,Partial College,Skilled Manual,0,1
13513,40000,0,0,Partial College,Skilled Manual,1,1
13514,40000,0,0,Partial College,Skilled Manual,1,1
13515,40000,0,0,Partial College,Skilled Manual,1,1
13516,40000,0,0,Partial College,Skilled Manual,1,1
13517,40000,0,0,High School,Skilled Manual,1,2
13518,50000,0,0,Partial College,Skilled Manual,0,1
13519,50000,0,0,Partial College,Skilled Manual,0,1
13520,50000,0,0,Partial College,Skilled Manual,1,1
13521,60000,0,0,Partial College,Skilled Manual,1,1
13522,80000,0,0,Bachellors,Management,0,1
13523,80000,0,0,Bachellors,Management,0,1
13524,80000,0,0,Bachellors,Management,0,1
13525,90000,4,4,Bachellors,Management,1,1
13526,90000,4,4,Bachellors,Management,1,1
13527,100000,2,0,Bachellors,Management,1,2
13528,110000,0,1,Graduate Degree,Management,1,0
13529,110000,0,1,Graduate Degree,Management,0,2
13530,130000,0,0,Graduate Degree,Management,0,2
13531,160000,0,0,Graduate Degree,Management,0,0
13532,130000,2,3,Bachellors,Management,0,4
13533,130000,2,3,Bachellors,Management,1,4
13534,130000,2,4,Partial College,Professional,0,0
13535,150000,1,3,Partial College,Professional,1,2
13536,110000,2,4,Partial College,Professional,1,3
13537,130000,2,4,Partial College,Professional,1,2
13538,150000,2,4,High School,Professional,0,3
13539,100000,2,3,Partial College,Professional,1,4
13540,110000,3,4,Partial College,Professional,0,4
13541,120000,3,4,Partial High School,Professional,1,4
13542,170000,3,3,Partial College,Professional,1,4
13543,100000,2,3,High School,Professional,1,4
13544,110000,3,4,Partial College,Professional,0,4
13545,110000,3,4,Partial College,Professional,0,4
13546,170000,3,3,High School,Professional,0,4
13547,80000,4,2,Partial College,Professional,0,1
13548,90000,5,0,Partial College,Professional,1,2
13549,110000,3,4,Bachellors,Management,1,4
13550,130000,3,4,Bachellors,Management,0,3
13551,130000,3,4,Bachellors,Management,0,4
13552,60000,3,1,Partial High School,Skilled Manual,1,3
13553,70000,5,1,High School,Professional,0,2
13554,90000,5,0,Partial College,Professional,1,2
13555,130000,4,4,Bachellors,Management,1,4
13556,130000,4,4,Partial College,Professional,1,4
13557,90000,5,0,Partial College,Professional,1,2
13558,170000,4,4,Bachellors,Management,0,4
13559,90000,3,1,High School,Professional,1,2
13560,80000,4,2,Partial College,Professional,1,2
13561,100000,3,4,High School,Professional,1,2
13562,100000,3,4,High School,Professional,0,3
13563,110000,3,4,Partial College,Professional,1,4
13564,130000,3,4,Partial College,Professional,1,4
13565,110000,3,5,Bachellors,Management,0,0
13566,110000,4,5,Partial College,Professional,0,2
13567,170000,4,5,Partial College,Professional,0,4
13568,80000,4,1,High School,Professional,1,3
13569,130000,4,5,High School,Professional,0,3
13570,130000,4,5,High School,Professional,1,3
13571,90000,4,1,High School,Management,1,3
13572,90000,4,1,High School,Management,1,3
13573,100000,3,4,Partial College,Management,1,4
13574,130000,4,5,High School,Management,1,3
13575,150000,4,5,Partial College,Management,0,4
13576,150000,3,5,High School,Management,0,4
13577,150000,4,5,High School,Management,0,4
13578,170000,0,5,High School,Management,0,4
13579,90000,5,0,Partial High School,Skilled Manual,0,2
13580,100000,3,5,Partial High School,Professional,0,0
13581,110000,4,5,Partial High School,Professional,1,3
13582,130000,5,5,Partial High School,Professional,1,4
13583,160000,5,5,Partial High School,Professional,0,4
13584,170000,5,5,Partial High School,Professional,0,4
13585,60000,0,0,Bachellors,Professional,0,3
13586,60000,0,0,Bachellors,Professional,1,4
13587,70000,0,0,Bachellors,Professional,1,2
13588,70000,0,0,Bachellors,Professional,1,2
13589,70000,0,0,Bachellors,Professional,0,3
13590,70000,0,0,Bachellors,Professional,0,3
13591,70000,0,0,Bachellors,Professional,0,3
13592,70000,0,0,Bachellors,Professional,0,3
13593,90000,0,0,Bachellors,Professional,0,2
13594,70000,0,0,Bachellors,Professional,0,4
13595,70000,0,0,Partial High School,Professional,1,4
13596,80000,0,0,Bachellors,Professional,0,3
13597,80000,0,0,Bachellors,Professional,1,3
13598,90000,0,0,Bachellors,Professional,1,2
13599,100000,0,5,High School,Management,1,2
13600,130000,4,5,High School,Management,1,4
13601,90000,0,0,Bachellors,Professional,0,3
13602,90000,0,0,Bachellors,Professional,0,3
13603,90000,0,0,Bachellors,Professional,0,3
13604,80000,0,0,Bachellors,Professional,0,3
13605,90000,0,0,Bachellors,Professional,1,3
13606,100000,0,5,High School,Management,0,3
13607,100000,0,5,High School,Management,1,3
13608,80000,0,0,Bachellors,Professional,0,4
13609,110000,0,5,High School,Management,1,3
13610,120000,0,5,Partial High School,Professional,0,4
13611,130000,4,5,High School,Management,0,4
13612,90000,0,0,Bachellors,Professional,0,4
13613,90000,0,0,Bachellors,Professional,1,4
13614,100000,0,5,Partial High School,Professional,1,4
13615,120000,0,5,Partial High School,Professional,0,4
13616,110000,0,5,Partial High School,Professional,1,4
13617,40000,4,0,High School,Professional,1,2
13618,30000,4,0,High School,Professional,0,2
13619,30000,4,0,High School,Professional,1,2
13620,30000,4,0,High School,Professional,1,2
13621,30000,4,0,High School,Professional,1,2
13622,40000,4,0,High School,Professional,1,2
13623,50000,3,0,Graduate Degree,Management,1,2
13624,60000,3,0,Graduate Degree,Management,1,2
13625,60000,3,0,Graduate Degree,Management,1,2
13626,60000,3,0,Graduate Degree,Management,0,2
13627,60000,3,0,Graduate Degree,Management,1,2
13628,60000,3,0,Graduate Degree,Management,1,2
13629,60000,3,0,Graduate Degree,Management,1,2
13630,60000,3,0,Graduate Degree,Management,0,2
13631,60000,3,0,Graduate Degree,Management,1,2
13632,60000,3,0,Graduate Degree,Management,1,2
13633,60000,3,0,Bachellors,Management,0,2
13634,60000,3,0,Bachellors,Management,0,2
13635,60000,3,0,Bachellors,Management,1,2
13636,60000,3,0,Bachellors,Management,1,2
13637,60000,3,0,Graduate Degree,Management,1,2
13638,40000,4,0,High School,Professional,1,2
13639,40000,4,0,High School,Professional,0,2
13640,50000,3,0,Bachellors,Management,1,2
13641,50000,4,0,Bachellors,Management,0,2
13642,60000,4,0,Bachellors,Management,1,2
13643,60000,4,0,Bachellors,Management,1,2
13644,60000,4,0,Bachellors,Management,1,2
13645,60000,4,0,Bachellors,Management,0,2
13646,60000,4,0,Bachellors,Management,0,2
13647,30000,4,0,High School,Professional,1,2
13648,30000,5,0,Partial High School,Clerical,0,2
13649,30000,5,0,Partial High School,Clerical,0,2
13650,40000,4,0,High School,Professional,0,2
13651,20000,5,0,Partial High School,Clerical,0,3
13652,20000,5,0,Partial High School,Clerical,0,3
13653,20000,5,0,Partial High School,Clerical,0,4
13654,40000,5,0,High School,Professional,1,3
13655,40000,5,0,High School,Professional,0,4
13656,70000,5,0,Bachellors,Management,1,3
13657,70000,5,0,Bachellors,Management,1,3
13658,40000,2,1,High School,Professional,1,2
13659,40000,2,1,High School,Professional,0,2
13660,70000,2,1,Bachellors,Management,1,1
13661,70000,2,1,Bachellors,Management,0,1
13662,70000,2,1,Bachellors,Management,0,1
13663,70000,2,1,Bachellors,Management,0,1
13664,40000,2,1,High School,Professional,1,2
13665,40000,2,1,High School,Professional,1,2
13666,40000,2,1,High School,Professional,1,2
13667,40000,2,1,High School,Professional,0,2
13668,60000,2,1,Partial College,Professional,1,1
13669,60000,2,1,Partial College,Professional,1,2
13670,70000,4,1,Bachellors,Management,1,2
13671,70000,4,1,Bachellors,Management,1,2
13672,40000,2,1,Partial High School,Skilled Manual,1,2
13673,60000,2,1,Partial College,Professional,1,2
13674,70000,4,1,Partial College,Professional,1,2
13675,70000,5,1,Partial College,Professional,1,2
13676,70000,5,1,Partial College,Professional,1,2
13677,60000,2,1,Partial College,Professional,1,2
13678,60000,2,1,Partial College,Professional,1,1
13679,60000,2,1,Partial College,Professional,1,1
13680,70000,4,2,Partial College,Professional,1,1
13681,80000,3,1,Bachellors,Management,0,1
13682,80000,3,1,Bachellors,Management,0,1
13683,60000,2,1,High School,Professional,1,2
13684,60000,2,1,Partial College,Professional,1,2
13685,60000,2,1,Partial College,Professional,1,2
13686,60000,2,1,Partial College,Professional,1,2
13687,70000,2,1,Partial High School,Skilled Manual,1,2
13688,70000,2,1,Partial High School,Skilled Manual,1,2
13689,60000,3,1,Partial High School,Skilled Manual,0,3
13690,30000,0,0,Partial College,Clerical,0,1
13691,20000,0,0,Partial High School,Manual,1,2
13692,20000,0,0,Partial High School,Manual,1,2
13693,20000,0,0,Partial High School,Manual,1,2
13694,30000,0,0,Partial College,Clerical,1,1
13695,30000,0,0,High School,Manual,0,1
13696,30000,0,0,High School,Manual,0,1
13697,30000,0,0,High School,Manual,0,1
13698,40000,1,1,Bachellors,Skilled Manual,1,0
13699,30000,0,0,High School,Manual,1,1
13700,20000,0,0,Partial High School,Manual,0,2
13701,30000,0,0,High School,Manual,0,1
13702,40000,1,1,Bachellors,Skilled Manual,1,0
13703,40000,0,0,Graduate Degree,Skilled Manual,0,0
13704,20000,0,0,Partial High School,Manual,1,2
13705,20000,0,0,Partial High School,Manual,1,2
13706,30000,0,0,High School,Manual,1,1
13707,30000,0,0,High School,Manual,0,1
13708,30000,0,0,High School,Manual,1,1
13709,30000,0,0,High School,Manual,0,1
13710,40000,1,1,Bachellors,Skilled Manual,1,1
13711,40000,1,1,Bachellors,Skilled Manual,1,1
13712,40000,1,1,Partial College,Clerical,0,1
13713,40000,2,2,Partial College,Clerical,1,0
13714,10000,4,0,Partial High School,Manual,0,2
13715,20000,0,0,Partial High School,Manual,1,2
13716,20000,0,0,Partial High School,Manual,0,2
13717,30000,0,0,High School,Manual,0,1
13718,30000,0,0,High School,Manual,0,1
13719,40000,2,2,Partial College,Clerical,1,1
13720,40000,2,2,Partial College,Clerical,1,1
13721,40000,2,2,Partial College,Clerical,1,2
13722,40000,2,2,Partial College,Clerical,1,2
13723,40000,2,2,Partial College,Clerical,1,2
13724,40000,2,2,Partial College,Clerical,1,2
13725,40000,2,2,Partial College,Clerical,1,2
13726,40000,3,3,Partial College,Clerical,1,0
13727,40000,3,3,Partial College,Clerical,1,1
13728,40000,3,3,Partial College,Clerical,1,2
13729,50000,0,0,Graduate Degree,Skilled Manual,0,0
13730,50000,0,0,Graduate Degree,Skilled Manual,0,0
13731,40000,4,4,Partial College,Clerical,1,1
13732,40000,4,4,Partial College,Clerical,1,1
13733,30000,1,0,Bachellors,Skilled Manual,1,1
13734,80000,0,0,Graduate Degree,Skilled Manual,0,0
13735,80000,0,0,Graduate Degree,Skilled Manual,1,0
13736,80000,0,0,Graduate Degree,Skilled Manual,1,0
13737,20000,3,0,Partial High School,Clerical,1,2
13738,20000,3,0,Partial High School,Clerical,1,2
13739,40000,1,0,Partial College,Clerical,1,1
13740,40000,1,0,Partial College,Clerical,1,1
13741,20000,3,0,Partial High School,Clerical,0,2
13742,20000,3,0,Partial High School,Clerical,0,2
13743,30000,1,0,High School,Clerical,0,2
13744,30000,2,0,High School,Skilled Manual,0,2
13745,30000,2,0,High School,Skilled Manual,1,2
13746,30000,2,0,High School,Skilled Manual,0,2
13747,20000,2,1,Partial High School,Clerical,1,2
13748,20000,2,1,Partial High School,Clerical,1,2
13749,20000,2,1,Partial High School,Clerical,1,2
13750,20000,2,1,Partial High School,Clerical,1,2
13751,20000,2,1,Partial High School,Clerical,1,2
13752,30000,2,0,High School,Skilled Manual,1,2
13753,30000,2,0,High School,Skilled Manual,1,2
13754,30000,2,0,High School,Skilled Manual,1,2
13755,40000,1,0,Partial College,Clerical,1,1
13756,40000,1,0,Partial College,Clerical,1,1
13757,40000,1,0,Partial College,Clerical,1,1
13758,40000,1,0,Partial College,Clerical,1,1
13759,40000,2,0,Partial College,Clerical,0,1
13760,40000,2,0,Partial College,Clerical,0,1
13761,40000,2,0,Partial College,Clerical,1,1
13762,40000,2,0,Partial College,Clerical,1,1
13763,50000,0,0,Graduate Degree,Skilled Manual,1,0
13764,40000,0,0,Graduate Degree,Skilled Manual,0,0
13765,40000,0,0,Graduate Degree,Skilled Manual,1,0
13766,40000,1,0,Graduate Degree,Skilled Manual,1,0
13767,40000,1,0,Graduate Degree,Skilled Manual,1,0
13768,40000,1,0,Graduate Degree,Skilled Manual,1,0
13769,40000,1,0,Graduate Degree,Skilled Manual,0,0
13770,40000,1,0,Graduate Degree,Skilled Manual,1,0
13771,60000,1,0,Graduate Degree,Skilled Manual,1,0
13772,50000,1,0,Graduate Degree,Skilled Manual,1,0
13773,50000,1,0,Graduate Degree,Skilled Manual,1,0
13774,70000,1,0,Graduate Degree,Skilled Manual,1,0
13775,70000,1,0,Graduate Degree,Skilled Manual,1,0
13776,70000,1,0,Graduate Degree,Skilled Manual,1,0
13777,70000,1,0,Graduate Degree,Skilled Manual,1,0
13778,70000,1,0,Graduate Degree,Skilled Manual,0,0
13779,70000,1,1,Graduate Degree,Skilled Manual,1,0
13780,70000,1,1,Graduate Degree,Skilled Manual,1,0
13781,70000,1,1,Graduate Degree,Skilled Manual,1,0
13782,50000,1,1,Graduate Degree,Skilled Manual,1,0
13783,60000,1,0,Graduate Degree,Skilled Manual,1,0
13784,60000,1,0,Graduate Degree,Skilled Manual,1,0
13785,70000,1,0,Graduate Degree,Professional,0,0
13786,40000,1,1,Bachellors,Skilled Manual,1,0
13787,40000,1,1,Bachellors,Skilled Manual,1,0
13788,40000,1,1,Bachellors,Skilled Manual,1,0
13789,40000,1,1,Bachellors,Skilled Manual,1,1
13790,40000,1,1,Bachellors,Skilled Manual,1,1
13791,40000,1,1,Bachellors,Skilled Manual,1,1
13792,40000,1,1,Bachellors,Skilled Manual,1,1
13793,40000,1,1,Bachellors,Skilled Manual,1,1
13794,40000,1,1,Bachellors,Skilled Manual,1,1
13795,60000,1,1,Bachellors,Skilled Manual,1,1
13796,60000,2,2,Bachellors,Skilled Manual,1,0
13797,60000,2,2,Bachellors,Skilled Manual,1,0
13798,60000,2,2,Bachellors,Skilled Manual,0,0
13799,60000,2,2,Bachellors,Skilled Manual,1,0
13800,60000,2,2,Bachellors,Skilled Manual,1,0
13801,60000,1,0,Graduate Degree,Professional,0,0
13802,60000,1,0,Graduate Degree,Professional,1,0
13803,70000,3,0,Graduate Degree,Professional,1,0
13804,40000,4,4,High School,Skilled Manual,1,3
13805,70000,2,2,Bachellors,Skilled Manual,1,1
13806,40000,5,5,High School,Skilled Manual,1,2
13807,70000,4,0,Graduate Degree,Professional,1,0
13808,70000,4,0,Graduate Degree,Professional,0,0
13809,70000,4,0,Graduate Degree,Professional,0,0
13810,70000,4,0,Graduate Degree,Professional,1,0
13811,50000,2,2,Bachellors,Skilled Manual,1,1
13812,50000,2,2,Bachellors,Skilled Manual,0,1
13813,80000,3,3,Bachellors,Skilled Manual,1,1
13814,80000,3,3,Bachellors,Skilled Manual,1,1
13815,60000,0,0,Graduate Degree,Professional,1,0
13816,70000,4,0,Graduate Degree,Professional,1,0
13817,60000,2,0,Graduate Degree,Professional,0,0
13818,60000,2,0,Graduate Degree,Professional,1,0
13819,70000,5,0,Graduate Degree,Professional,1,0
13820,70000,5,0,Graduate Degree,Professional,1,0
13821,70000,5,5,Graduate Degree,Professional,1,2
13822,70000,5,5,Graduate Degree,Professional,1,2
13823,70000,5,5,Graduate Degree,Professional,1,3
13824,70000,5,5,Graduate Degree,Professional,1,3
13825,40000,0,0,Bachellors,Professional,1,1
13826,50000,3,3,Bachellors,Skilled Manual,1,2
13827,50000,3,3,Bachellors,Skilled Manual,0,2
13828,50000,3,3,Bachellors,Skilled Manual,1,3
13829,60000,0,0,Graduate Degree,Professional,1,0
13830,60000,0,0,Graduate Degree,Professional,0,0
13831,60000,0,0,Graduate Degree,Professional,1,1
13832,60000,0,0,Graduate Degree,Professional,1,1
13833,60000,0,0,Graduate Degree,Professional,0,1
13834,40000,0,0,Graduate Degree,Clerical,1,0
13835,40000,0,0,Graduate Degree,Clerical,1,0
13836,40000,0,0,Graduate Degree,Clerical,1,0
13837,10000,4,0,Partial College,Manual,0,2
13838,130000,2,4,Partial College,Professional,0,2
13839,130000,3,4,Partial College,Professional,0,3
13840,120000,3,4,High School,Professional,0,4
13841,120000,3,4,Partial High School,Professional,0,4
13842,90000,2,1,High School,Professional,1,2
13843,90000,3,2,High School,Professional,0,1
13844,130000,3,4,Partial College,Professional,0,3
13845,70000,5,1,High School,Professional,1,2
13846,70000,5,1,High School,Professional,1,2
13847,80000,5,0,Bachellors,Management,0,2
13848,130000,3,4,Bachellors,Management,1,3
13849,70000,5,1,High School,Professional,1,3
13850,100000,2,3,Bachellors,Management,0,4
13851,120000,4,5,Bachellors,Management,1,1
13852,130000,4,4,Partial College,Professional,1,4
13853,170000,4,4,Bachellors,Management,1,3
13854,80000,4,2,Partial College,Professional,1,1
13855,110000,3,4,Partial College,Professional,1,4
13856,130000,3,4,Partial College,Professional,0,4
13857,130000,3,4,Partial College,Professional,0,4
13858,130000,3,4,High School,Professional,1,4
13859,130000,3,4,High School,Professional,1,4
13860,130000,3,5,High School,Professional,0,0
13861,170000,0,5,Partial High School,Professional,0,2
13862,90000,4,2,Partial College,Professional,1,2
13863,100000,3,4,Bachellors,Management,0,3
13864,100000,3,4,Bachellors,Management,0,4
13865,90000,4,1,Partial College,Professional,1,2
13866,160000,4,5,Bachellors,Management,0,2
13867,80000,4,1,High School,Professional,1,3
13868,90000,4,1,High School,Professional,1,3
13869,130000,4,5,High School,Professional,1,3
13870,130000,4,5,High School,Professional,0,3
13871,150000,4,5,Bachellors,Management,1,3
13872,90000,4,1,High School,Management,0,3
13873,90000,4,1,High School,Management,1,3
13874,110000,4,5,Partial College,Management,0,2
13875,90000,4,1,High School,Management,0,3
13876,90000,4,1,High School,Management,1,3
13877,130000,4,5,High School,Management,0,4
13878,80000,5,1,High School,Management,1,4
13879,90000,4,1,High School,Management,1,3
13880,90000,4,1,Partial High School,Skilled Manual,1,4
13881,110000,4,5,High School,Management,1,3
13882,150000,4,5,High School,Management,1,4
13883,90000,5,0,Partial High School,Skilled Manual,0,2
13884,100000,4,5,Partial High School,Professional,0,1
13885,60000,0,0,Bachellors,Professional,1,3
13886,60000,0,0,Bachellors,Professional,1,3
13887,60000,0,0,Bachellors,Professional,1,4
13888,70000,0,0,Bachellors,Professional,0,2
13889,70000,0,0,Bachellors,Professional,0,2
13890,70000,0,0,Bachellors,Professional,1,2
13891,70000,0,0,Bachellors,Professional,1,2
13892,70000,0,0,Bachellors,Professional,1,2
13893,70000,0,0,Bachellors,Professional,0,3
13894,60000,0,0,Bachellors,Professional,0,4
13895,70000,0,0,Bachellors,Professional,0,3
13896,70000,0,0,Bachellors,Professional,0,4
13897,80000,0,0,Bachellors,Professional,1,3
13898,80000,0,0,Bachellors,Professional,1,3
13899,80000,0,0,Bachellors,Professional,1,3
13900,80000,0,0,Bachellors,Professional,0,3
13901,90000,0,0,Bachellors,Professional,1,3
13902,110000,0,5,Partial College,Management,0,3
13903,90000,0,0,Bachellors,Professional,1,3
13904,90000,0,0,Bachellors,Professional,0,3
13905,90000,0,0,Bachellors,Professional,1,3
13906,90000,0,0,Bachellors,Professional,1,3
13907,80000,0,0,Bachellors,Professional,0,3
13908,100000,0,5,High School,Management,1,2
13909,90000,0,0,Bachellors,Professional,1,3
13910,100000,0,5,High School,Management,0,3
13911,100000,0,5,High School,Management,1,3
13912,80000,0,0,Bachellors,Professional,0,4
13913,110000,0,5,High School,Management,0,3
13914,90000,0,0,Bachellors,Professional,0,4
13915,90000,0,0,Bachellors,Professional,0,4
13916,100000,0,5,High School,Management,1,3
13917,90000,0,0,Bachellors,Professional,0,4
13918,90000,0,0,Bachellors,Professional,0,4
13919,90000,0,0,Bachellors,Professional,0,4
13920,100000,0,5,Partial High School,Professional,1,4
13921,110000,0,5,High School,Management,1,4
13922,120000,0,5,Partial High School,Professional,0,4
13923,120000,0,5,Partial High School,Professional,1,4
13924,120000,0,5,Partial High School,Professional,0,4
13925,110000,0,5,High School,Management,0,4
13926,30000,4,0,High School,Professional,0,2
13927,30000,4,0,High School,Professional,0,2
13928,30000,4,0,High School,Professional,0,2
13929,30000,4,0,High School,Professional,0,2
13930,30000,4,0,High School,Professional,1,2
13931,30000,4,0,High School,Professional,1,2
13932,40000,4,0,High School,Professional,1,2
13933,40000,4,0,High School,Professional,1,2
13934,50000,3,0,Graduate Degree,Management,0,2
13935,50000,3,0,Graduate Degree,Management,0,2
13936,60000,3,0,Graduate Degree,Management,1,2
13937,60000,3,0,Graduate Degree,Management,1,2
13938,60000,3,0,Graduate Degree,Management,1,2
13939,60000,3,0,Graduate Degree,Management,1,2
13940,60000,3,0,Graduate Degree,Management,1,2
13941,60000,3,0,Bachellors,Management,1,2
13942,60000,3,0,Bachellors,Management,1,2
13943,60000,3,0,Bachellors,Management,0,2
13944,60000,3,0,Bachellors,Management,1,2
13945,60000,3,0,Bachellors,Management,1,2
13946,60000,3,0,Bachellors,Management,1,2
13947,60000,3,0,Graduate Degree,Management,1,2
13948,40000,4,0,High School,Professional,0,2
13949,50000,3,0,Bachellors,Management,1,2
13950,50000,3,0,Bachellors,Management,1,2
13951,50000,4,0,Bachellors,Management,1,2
13952,60000,4,0,Bachellors,Management,1,2
13953,60000,4,0,Bachellors,Management,0,2
13954,30000,5,0,Partial High School,Clerical,0,2
13955,40000,4,0,High School,Professional,1,2
13956,30000,5,0,Partial High School,Skilled Manual,1,3
13957,30000,5,0,Partial High School,Skilled Manual,1,4
13958,30000,5,0,Partial High School,Skilled Manual,1,4
13959,40000,5,0,High School,Professional,0,3
13960,70000,5,0,Bachellors,Management,1,3
13961,70000,5,0,Bachellors,Management,0,3
13962,40000,2,1,High School,Professional,1,1
13963,40000,2,1,High School,Professional,1,1
13964,40000,2,1,High School,Professional,1,2
13965,40000,2,1,High School,Professional,0,2
13966,40000,2,1,High School,Professional,0,2
13967,70000,2,1,Bachellors,Management,0,1
13968,40000,2,1,High School,Professional,1,2
13969,60000,2,1,Partial College,Professional,1,1
13970,60000,2,1,Partial College,Professional,1,1
13971,60000,2,1,Partial College,Professional,1,1
13972,60000,2,1,Partial College,Professional,1,2
13973,60000,2,1,Bachellors,Management,0,0
13974,60000,2,1,Bachellors,Management,1,0
13975,60000,2,1,Bachellors,Management,1,0
13976,60000,2,1,Partial College,Professional,1,2
13977,60000,2,1,Partial College,Professional,1,2
13978,60000,2,1,Partial College,Professional,1,2
13979,60000,2,1,Partial College,Professional,1,2
13980,60000,2,1,Partial College,Professional,1,2
13981,60000,2,1,Partial College,Professional,1,1
13982,60000,2,1,Partial College,Professional,1,2
13983,60000,2,1,Partial College,Professional,1,1
13984,70000,4,2,Partial College,Professional,1,1
13985,70000,4,2,Partial College,Professional,1,1
13986,80000,3,1,Bachellors,Management,1,1
13987,60000,2,1,High School,Professional,1,2
13988,60000,2,1,Partial College,Professional,1,2
13989,70000,4,2,Partial College,Professional,1,2
13990,70000,2,1,High School,Professional,1,2
13991,70000,2,1,High School,Professional,1,2
13992,70000,2,1,Partial High School,Skilled Manual,1,2
13993,70000,2,1,Partial High School,Skilled Manual,1,2
13994,70000,2,1,Partial High School,Skilled Manual,1,2
13995,60000,3,1,High School,Professional,1,2
13996,60000,3,1,High School,Professional,1,2
13997,60000,3,1,Partial High School,Skilled Manual,1,3
13998,60000,3,1,Partial High School,Skilled Manual,1,3
13999,130000,1,0,Graduate Degree,Management,1,3
14000,150000,1,0,Graduate Degree,Management,0,0
14001,40000,0,0,High School,Skilled Manual,0,2
14002,20000,4,0,High School,Skilled Manual,1,2
14003,40000,0,0,High School,Skilled Manual,1,2
14004,30000,0,0,Partial College,Skilled Manual,0,1
14005,30000,0,0,Partial College,Skilled Manual,0,1
14006,30000,0,0,Partial College,Skilled Manual,0,1
14007,30000,0,0,Partial College,Skilled Manual,1,1
14008,30000,0,0,Partial College,Skilled Manual,0,1
14009,60000,0,0,Partial College,Skilled Manual,0,2
14010,10000,2,1,Partial High School,Clerical,0,2
14011,30000,2,0,Partial College,Clerical,0,2
14012,30000,2,0,Partial College,Clerical,0,2
14013,10000,2,1,Partial High School,Clerical,1,2
14014,10000,2,1,Partial High School,Clerical,1,2
14015,60000,0,0,Partial College,Skilled Manual,0,2
14016,70000,0,0,Partial College,Skilled Manual,0,2
14017,40000,0,0,Bachellors,Professional,0,2
14018,10000,2,1,Partial High School,Clerical,1,2
14019,70000,0,0,Partial College,Skilled Manual,1,2
14020,10000,2,1,Partial High School,Clerical,1,3
14021,20000,2,1,Partial High School,Clerical,1,2
14022,20000,2,1,Partial High School,Clerical,1,2
14023,20000,2,1,Partial High School,Clerical,1,2
14024,40000,0,0,Bachellors,Professional,1,2
14025,40000,0,0,Bachellors,Professional,0,2
14026,70000,0,0,Partial College,Skilled Manual,0,2
14027,20000,2,1,Partial High School,Clerical,1,3
14028,40000,2,0,Partial College,Skilled Manual,0,2
14029,40000,2,0,Partial College,Skilled Manual,1,2
14030,40000,2,0,Partial College,Skilled Manual,1,2
14031,40000,2,0,Partial College,Skilled Manual,1,2
14032,40000,3,0,Partial High School,Clerical,0,2
14033,40000,3,0,Partial High School,Clerical,0,2
14034,40000,3,0,Partial High School,Clerical,0,2
14035,80000,2,0,Partial College,Skilled Manual,1,2
14036,80000,2,0,Partial College,Skilled Manual,0,2
14037,80000,2,0,Partial College,Skilled Manual,0,2
14038,80000,2,0,Partial College,Skilled Manual,0,2
14039,40000,0,0,Partial College,Skilled Manual,0,2
14040,40000,0,0,High School,Skilled Manual,1,2
14041,40000,0,0,High School,Skilled Manual,0,2
14042,40000,0,0,High School,Skilled Manual,1,2
14043,40000,0,0,High School,Skilled Manual,0,2
14044,40000,0,0,High School,Skilled Manual,1,2
14045,60000,0,0,Partial College,Skilled Manual,0,2
14046,50000,0,0,High School,Skilled Manual,1,2
14047,60000,0,0,Partial College,Skilled Manual,1,2
14048,60000,0,0,Partial College,Professional,1,2
14049,70000,0,0,Partial College,Professional,0,2
14050,70000,0,0,Partial College,Professional,1,2
14051,70000,0,0,Partial College,Professional,1,2
14052,80000,2,0,High School,Skilled Manual,1,2
14053,80000,2,0,High School,Skilled Manual,0,2
14054,70000,2,0,High School,Skilled Manual,1,2
14055,100000,1,0,Bachellors,Management,0,4
14056,100000,1,1,Bachellors,Management,0,1
14057,100000,1,1,Bachellors,Management,1,1
14058,100000,1,1,Bachellors,Management,0,3
14059,100000,1,1,Bachellors,Management,1,3
14060,70000,0,0,Partial College,Professional,1,2
14061,80000,0,0,Bachellors,Management,0,1
14062,50000,0,0,High School,Professional,0,2
14063,50000,0,0,High School,Professional,1,2
14064,50000,0,0,Partial High School,Skilled Manual,0,2
14065,150000,0,0,Bachellors,Management,0,2
14066,70000,2,0,Partial High School,Skilled Manual,1,2
14067,70000,2,0,Partial High School,Skilled Manual,0,2
14068,40000,0,0,Bachellors,Professional,0,1
14069,60000,4,4,Bachellors,Skilled Manual,0,2
14070,60000,4,4,Bachellors,Skilled Manual,1,3
14071,60000,4,4,Bachellors,Skilled Manual,1,3
14072,60000,5,5,Bachellors,Skilled Manual,1,3
14073,60000,4,2,Bachellors,Skilled Manual,0,2
14074,60000,4,2,Bachellors,Skilled Manual,1,2
14075,70000,4,2,Bachellors,Professional,1,2
14076,70000,4,2,Bachellors,Professional,1,2
14077,60000,3,2,Graduate Degree,Professional,0,0
14078,60000,3,2,Graduate Degree,Professional,0,0
14079,40000,3,2,High School,Skilled Manual,1,2
14080,70000,1,0,Bachellors,Professional,1,1
14081,70000,1,0,Bachellors,Professional,1,1
14082,30000,0,0,Bachellors,Professional,0,2
14083,40000,4,3,High School,Skilled Manual,1,2
14084,40000,4,3,High School,Skilled Manual,1,3
14085,60000,1,0,Partial College,Skilled Manual,0,1
14086,60000,1,0,Partial College,Skilled Manual,1,1
14087,60000,1,0,Partial College,Skilled Manual,1,1
14088,60000,1,0,Partial College,Skilled Manual,0,1
14089,60000,1,0,Partial College,Skilled Manual,1,1
14090,40000,0,0,Bachellors,Professional,0,1
14091,40000,0,0,Bachellors,Professional,0,1
14092,40000,0,0,Bachellors,Professional,0,1
14093,60000,1,0,Partial College,Skilled Manual,1,1
14094,50000,0,0,Partial College,Skilled Manual,0,1
14095,50000,0,0,Partial College,Skilled Manual,0,1
14096,50000,0,0,Partial College,Skilled Manual,0,1
14097,50000,0,0,Partial College,Skilled Manual,0,1
14098,60000,1,0,Partial College,Skilled Manual,1,1
14099,60000,1,0,Partial College,Skilled Manual,0,1
14100,60000,1,0,Partial College,Skilled Manual,1,1
14101,60000,1,0,Partial College,Skilled Manual,1,1
14102,60000,5,4,Bachellors,Professional,1,1
14103,60000,4,3,Bachellors,Professional,1,0
14104,60000,4,3,Bachellors,Professional,1,0
14105,70000,2,0,Graduate Degree,Professional,0,1
14106,80000,4,0,Graduate Degree,Professional,1,0
14107,90000,1,0,Graduate Degree,Management,1,0
14108,90000,2,0,Bachellors,Professional,0,0
14109,60000,2,2,Bachellors,Professional,0,1
14110,80000,4,4,Graduate Degree,Management,0,1
14111,80000,4,4,Graduate Degree,Management,0,1
14112,90000,2,0,Bachellors,Professional,1,0
14113,60000,2,2,Bachellors,Professional,0,1
14114,60000,2,2,Bachellors,Professional,1,1
14115,60000,2,2,Bachellors,Professional,0,1
14116,70000,5,5,Bachellors,Professional,1,3
14117,70000,5,5,Bachellors,Professional,1,3
14118,70000,5,5,Bachellors,Professional,0,3
14119,70000,5,5,Bachellors,Professional,1,3
14120,110000,1,0,Graduate Degree,Management,1,1
14121,110000,1,0,Graduate Degree,Management,0,1
14122,110000,1,0,Graduate Degree,Management,1,1
14123,80000,5,5,Graduate Degree,Management,1,2
14124,80000,5,5,Graduate Degree,Management,1,3
14125,80000,5,5,Graduate Degree,Management,1,3
14126,80000,5,5,Bachellors,Professional,1,3
14127,90000,0,0,Bachellors,Professional,1,0
14128,90000,2,0,Bachellors,Professional,0,0
14129,60000,3,3,Bachellors,Professional,1,1
14130,60000,3,3,Bachellors,Professional,0,1
14131,70000,5,5,Bachellors,Professional,0,4
14132,70000,5,5,Bachellors,Professional,1,4
14133,70000,5,5,Bachellors,Professional,0,4
14134,70000,0,0,Bachellors,Professional,1,1
14135,80000,5,5,Bachellors,Professional,1,4
14136,80000,5,5,Bachellors,Professional,1,4
14137,80000,5,5,Bachellors,Professional,1,4
14138,80000,5,5,Bachellors,Professional,1,4
14139,80000,5,5,Bachellors,Professional,1,4
14140,60000,3,3,Bachellors,Professional,0,2
14141,60000,3,3,Bachellors,Professional,1,2
14142,20000,0,0,Partial High School,Manual,1,2
14143,30000,0,0,Partial College,Clerical,1,1
14144,30000,0,0,Partial College,Clerical,0,1
14145,30000,0,0,Partial College,Clerical,1,1
14146,30000,0,0,Partial College,Clerical,1,1
14147,60000,3,1,Partial High School,Skilled Manual,1,3
14148,60000,2,0,High School,Professional,1,2
14149,60000,2,0,High School,Professional,0,2
14150,60000,2,0,High School,Professional,1,2
14151,80000,2,1,Bachellors,Management,1,1
14152,80000,2,0,Partial High School,Skilled Manual,0,2
14153,60000,2,0,High School,Professional,1,2
14154,100000,4,1,Bachellors,Management,0,4
14155,110000,2,2,Bachellors,Management,1,3
14156,110000,3,2,Bachellors,Management,1,4
14157,130000,1,1,Graduate Degree,Management,0,4
14158,80000,4,3,Bachellors,Management,1,1
14159,90000,5,5,Partial College,Professional,1,3
14160,100000,5,2,Partial College,Professional,1,0
14161,100000,5,2,Partial College,Professional,1,1
14162,130000,3,2,Bachellors,Management,1,3
14163,160000,1,1,Bachellors,Management,0,3
14164,70000,3,2,Partial College,Professional,1,0
14165,70000,3,2,Partial College,Professional,0,1
14166,70000,4,3,Partial College,Professional,1,0
14167,70000,4,3,Partial College,Professional,1,0
14168,80000,3,0,Partial College,Professional,0,1
14169,80000,2,0,Partial High School,Skilled Manual,1,2
14170,130000,1,2,Graduate Degree,Management,0,3
14171,90000,0,0,Partial College,Professional,1,1
14172,90000,0,0,Partial College,Professional,1,1
14173,130000,3,2,Bachellors,Management,1,4
14174,80000,5,4,Partial College,Professional,1,2
14175,90000,5,4,Partial College,Professional,1,4
14176,100000,1,2,Partial College,Professional,1,3
14177,130000,1,2,Bachellors,Management,0,4
14178,70000,5,4,Partial College,Professional,1,3
14179,80000,5,4,Partial College,Professional,1,3
14180,80000,5,4,Partial College,Professional,1,3
14181,90000,4,3,High School,Professional,1,1
14182,90000,4,3,High School,Professional,1,1
14183,90000,4,3,High School,Professional,1,2
14184,90000,4,3,High School,Professional,1,2
14185,110000,1,3,Partial College,Professional,1,4
14186,130000,1,3,Bachellors,Management,0,3
14187,80000,3,2,Partial College,Professional,1,1
14188,50000,2,0,Graduate Degree,Management,1,2
14189,40000,3,0,Partial College,Professional,1,2
14190,50000,2,0,Graduate Degree,Management,1,2
14191,60000,2,0,Graduate Degree,Management,1,2
14192,120000,1,3,Graduate Degree,Management,0,4
14193,90000,4,3,High School,Professional,1,3
14194,90000,4,3,High School,Professional,1,4
14195,70000,3,0,Partial High School,Skilled Manual,1,2
14196,70000,3,0,Partial High School,Skilled Manual,0,2
14197,60000,2,0,High School,Professional,1,2
14198,60000,2,0,High School,Professional,1,2
14199,60000,2,0,Partial High School,Skilled Manual,1,2
14200,60000,3,0,Graduate Degree,Management,1,2
14201,40000,3,0,Partial College,Professional,1,2
14202,40000,3,0,Partial College,Professional,1,2
14203,40000,3,0,Partial College,Professional,1,2
14204,40000,3,0,Partial College,Professional,0,2
14205,40000,4,0,Partial College,Professional,0,2
14206,30000,4,0,High School,Professional,1,2
14207,30000,4,0,High School,Professional,1,2
14208,30000,4,0,High School,Professional,1,2
14209,30000,4,0,High School,Professional,1,2
14210,30000,4,0,High School,Professional,0,2
14211,60000,4,4,Bachellors,Professional,1,2
14212,60000,4,4,Bachellors,Professional,1,3
14213,60000,5,5,Bachellors,Professional,1,1
14214,70000,0,0,Bachellors,Professional,1,1
14215,70000,0,0,Bachellors,Professional,0,1
14216,70000,0,0,Bachellors,Professional,0,1
14217,70000,0,0,Bachellors,Professional,0,1
14218,80000,5,5,Bachellors,Professional,0,4
14219,90000,2,2,Bachellors,Professional,1,0
14220,90000,4,4,Bachellors,Professional,0,0
14221,60000,1,0,Partial College,Skilled Manual,1,1
14222,60000,1,0,Partial College,Skilled Manual,1,1
14223,60000,1,0,Partial College,Skilled Manual,0,1
14224,110000,0,0,Graduate Degree,Management,0,3
14225,70000,0,0,Bachellors,Professional,0,1
14226,70000,0,0,Bachellors,Professional,1,1
14227,70000,0,0,Bachellors,Professional,1,1
14228,80000,5,5,Bachellors,Professional,1,4
14229,70000,0,0,Bachellors,Professional,1,1
14230,70000,0,0,Bachellors,Professional,1,1
14231,70000,0,0,Bachellors,Professional,0,1
14232,90000,1,0,Bachellors,Professional,0,1
14233,100000,5,0,Bachellors,Professional,1,1
14234,100000,4,0,Bachellors,Professional,1,1
14235,70000,0,0,Bachellors,Professional,1,2
14236,60000,1,0,Partial College,Skilled Manual,1,1
14237,70000,5,4,Bachellors,Professional,1,2
14238,70000,5,4,Partial College,Skilled Manual,1,2
14239,70000,5,4,Partial College,Skilled Manual,1,2
14240,70000,5,4,Partial College,Skilled Manual,1,2
14241,70000,5,4,Partial College,Skilled Manual,1,3
14242,90000,2,0,Bachellors,Professional,1,1
14243,90000,2,0,Bachellors,Management,0,1
14244,100000,4,0,Bachellors,Management,1,2
14245,70000,1,0,Partial College,Skilled Manual,1,1
14246,30000,2,0,Partial College,Clerical,0,2
14247,40000,2,0,Bachellors,Management,1,1
14248,70000,5,4,Partial College,Skilled Manual,1,3
14249,70000,5,4,Partial College,Skilled Manual,1,3
14250,70000,1,0,Partial College,Skilled Manual,0,1
14251,70000,1,0,Partial College,Skilled Manual,0,1
14252,70000,1,0,Partial College,Skilled Manual,1,1
14253,80000,1,0,Partial College,Skilled Manual,0,1
14254,30000,0,0,High School,Skilled Manual,1,2
14255,30000,0,0,High School,Skilled Manual,1,2
14256,40000,0,0,High School,Skilled Manual,1,2
14257,40000,0,0,High School,Skilled Manual,1,2
14258,30000,0,0,High School,Skilled Manual,1,2
14259,30000,0,0,High School,Skilled Manual,1,2
14260,30000,0,0,High School,Skilled Manual,0,2
14261,40000,0,0,High School,Skilled Manual,1,2
14262,40000,0,0,High School,Skilled Manual,1,2
14263,40000,2,0,Bachellors,Management,0,2
14264,40000,2,0,Bachellors,Management,1,2
14265,40000,0,0,High School,Skilled Manual,1,2
14266,30000,0,0,Partial High School,Clerical,0,2
14267,30000,2,0,Partial College,Clerical,0,2
14268,40000,2,0,Bachellors,Management,1,2
14269,60000,2,0,Graduate Degree,Management,0,1
14270,60000,2,0,Graduate Degree,Management,1,1
14271,40000,2,0,Bachellors,Management,0,2
14272,40000,2,0,Bachellors,Management,0,2
14273,60000,2,0,Graduate Degree,Management,0,1
14274,60000,2,0,Graduate Degree,Management,0,1
14275,40000,0,0,High School,Skilled Manual,0,2
14276,40000,0,0,High School,Skilled Manual,0,2
14277,40000,0,0,Partial College,Skilled Manual,0,1
14278,40000,0,0,Partial College,Skilled Manual,1,1
14279,40000,0,0,Partial College,Skilled Manual,1,1
14280,40000,0,0,Partial College,Skilled Manual,0,1
14281,40000,0,0,Partial College,Skilled Manual,0,1
14282,40000,0,0,High School,Skilled Manual,0,2
14283,50000,0,0,Partial College,Skilled Manual,0,1
14284,50000,0,0,Partial College,Skilled Manual,0,1
14285,70000,0,0,Partial College,Skilled Manual,1,2
14286,70000,0,0,Partial College,Skilled Manual,1,2
14287,80000,0,0,Bachellors,Management,0,1
14288,80000,0,0,Bachellors,Management,0,1
14289,80000,0,0,Bachellors,Management,0,1
14290,80000,0,0,Bachellors,Management,0,1
14291,90000,4,4,Bachellors,Management,1,1
14292,90000,4,4,Bachellors,Management,1,1
14293,120000,0,1,Bachellors,Management,1,3
14294,80000,4,3,Bachellors,Management,1,0
14295,130000,0,5,Partial High School,Management,1,4
14296,130000,0,5,Partial High School,Management,1,4
14297,100000,2,3,Partial College,Professional,1,4
14298,30000,0,0,Partial College,Clerical,1,1
14299,20000,0,0,Partial High School,Manual,1,2
14300,20000,0,0,Partial High School,Manual,1,2
14301,20000,0,0,Partial High School,Manual,1,2
14302,20000,0,0,Partial High School,Manual,1,2
14303,30000,0,0,High School,Manual,0,1
14304,30000,0,0,High School,Manual,1,1
14305,10000,0,0,Partial High School,Manual,1,2
14306,40000,1,1,Bachellors,Skilled Manual,1,1
14307,40000,1,1,Bachellors,Skilled Manual,1,1
14308,40000,1,1,Bachellors,Skilled Manual,1,1
14309,30000,0,0,High School,Manual,0,1
14310,30000,0,0,High School,Manual,1,1
14311,10000,0,0,Partial High School,Manual,0,2
14312,40000,1,1,Bachellors,Skilled Manual,1,1
14313,40000,2,2,Partial College,Clerical,1,0
14314,10000,0,0,Partial High School,Manual,0,2
14315,10000,0,0,Partial High School,Manual,0,2
14316,10000,0,0,Partial High School,Manual,0,2
14317,20000,0,0,Partial High School,Manual,0,2
14318,20000,0,0,Partial High School,Manual,0,2
14319,20000,0,0,Partial High School,Manual,1,2
14320,30000,0,0,High School,Manual,0,1
14321,30000,0,0,High School,Manual,0,1
14322,40000,2,2,Partial College,Clerical,1,0
14323,40000,2,2,Partial College,Clerical,0,1
14324,40000,2,2,Partial College,Clerical,1,1
14325,40000,2,2,Partial College,Clerical,1,2
14326,10000,4,0,Partial High School,Manual,0,2
14327,40000,2,2,Partial College,Clerical,1,2
14328,40000,3,3,Partial College,Clerical,1,0
14329,40000,3,3,Partial College,Clerical,1,2
14330,40000,3,3,Partial College,Clerical,0,2
14331,40000,1,0,Graduate Degree,Skilled Manual,1,1
14332,80000,0,0,Graduate Degree,Skilled Manual,0,0
14333,80000,0,0,Graduate Degree,Skilled Manual,0,0
14334,80000,0,0,Graduate Degree,Skilled Manual,0,0
14335,80000,0,0,Graduate Degree,Skilled Manual,1,0
14336,20000,2,0,Partial High School,Manual,0,2
14337,20000,3,0,Partial High School,Clerical,1,2
14338,20000,3,0,Partial High School,Clerical,0,2
14339,20000,3,0,Partial High School,Clerical,1,2
14340,40000,1,0,Partial College,Clerical,1,1
14341,20000,3,0,Partial High School,Clerical,0,2
14342,20000,3,0,Partial High School,Clerical,0,2
14343,20000,3,0,Partial High School,Clerical,0,2
14344,20000,3,0,Partial High School,Clerical,1,2
14345,30000,1,0,High School,Clerical,1,1
14346,20000,3,0,Partial High School,Clerical,1,2
14347,20000,3,0,Partial High School,Clerical,1,2
14348,20000,3,0,Partial High School,Clerical,0,2
14349,30000,2,0,High School,Skilled Manual,0,2
14350,30000,2,0,High School,Skilled Manual,1,2
14351,20000,2,1,Partial High School,Clerical,1,2
14352,20000,2,1,Partial High School,Clerical,1,2
14353,20000,2,1,Partial High School,Clerical,0,2
14354,20000,2,1,Partial High School,Clerical,1,2
14355,20000,2,1,Partial High School,Clerical,1,2
14356,20000,2,1,Partial High School,Clerical,0,2
14357,20000,2,1,Partial High School,Clerical,1,2
14358,20000,2,1,Partial High School,Clerical,0,2
14359,20000,2,1,Partial High School,Clerical,1,2
14360,30000,2,0,High School,Skilled Manual,1,2
14361,30000,2,0,High School,Skilled Manual,1,2
14362,30000,2,0,High School,Skilled Manual,0,2
14363,30000,2,0,High School,Skilled Manual,1,2
14364,30000,2,0,High School,Skilled Manual,1,2
14365,30000,2,0,High School,Skilled Manual,1,2
14366,30000,2,0,High School,Skilled Manual,1,2
14367,40000,1,0,Partial College,Clerical,1,1
14368,40000,2,0,Partial College,Clerical,0,1
14369,40000,2,0,Partial College,Clerical,1,1
14370,40000,2,0,Partial College,Clerical,0,1
14371,40000,2,0,Partial College,Clerical,0,1
14372,50000,0,0,Graduate Degree,Skilled Manual,1,0
14373,40000,1,0,Graduate Degree,Skilled Manual,1,0
14374,40000,1,0,Graduate Degree,Skilled Manual,1,0
14375,40000,1,0,Graduate Degree,Skilled Manual,1,0
14376,50000,1,0,Graduate Degree,Skilled Manual,1,0
14377,50000,1,0,Graduate Degree,Skilled Manual,1,0
14378,70000,1,0,Graduate Degree,Skilled Manual,1,0
14379,70000,1,0,Graduate Degree,Skilled Manual,1,0
14380,50000,1,1,Bachellors,Skilled Manual,1,0
14381,60000,1,0,Graduate Degree,Skilled Manual,1,0
14382,60000,1,0,Graduate Degree,Professional,0,0
14383,60000,1,0,Graduate Degree,Professional,0,0
14384,40000,1,1,Bachellors,Skilled Manual,1,0
14385,40000,1,1,Bachellors,Skilled Manual,1,0
14386,40000,1,1,Bachellors,Skilled Manual,1,1
14387,40000,1,1,Bachellors,Skilled Manual,1,1
14388,60000,1,0,Graduate Degree,Professional,0,0
14389,60000,2,2,Bachellors,Skilled Manual,0,0
14390,60000,2,2,Bachellors,Skilled Manual,1,0
14391,60000,2,2,Bachellors,Skilled Manual,1,0
14392,60000,2,2,Bachellors,Skilled Manual,0,0
14393,60000,2,2,Bachellors,Skilled Manual,1,0
14394,60000,1,0,Graduate Degree,Professional,1,0
14395,60000,1,0,Graduate Degree,Professional,1,0
14396,60000,1,0,Graduate Degree,Professional,1,0
14397,70000,3,0,Graduate Degree,Professional,0,0
14398,70000,3,0,Graduate Degree,Professional,1,0
14399,70000,3,0,Graduate Degree,Professional,0,0
14400,70000,3,0,Graduate Degree,Professional,1,0
14401,80000,1,0,Graduate Degree,Professional,1,0
14402,80000,1,0,Graduate Degree,Professional,0,0
14403,60000,1,0,Graduate Degree,Professional,1,0
14404,60000,1,0,Graduate Degree,Professional,0,0
14405,70000,2,2,Bachellors,Skilled Manual,1,0
14406,70000,2,2,Bachellors,Skilled Manual,1,1
14407,70000,2,2,Bachellors,Skilled Manual,1,1
14408,70000,2,2,Bachellors,Skilled Manual,0,1
14409,70000,2,2,Bachellors,Skilled Manual,1,1
14410,70000,2,2,Bachellors,Skilled Manual,0,1
14411,70000,2,2,Bachellors,Skilled Manual,0,1
14412,40000,0,0,Bachellors,Professional,0,1
14413,60000,2,0,Graduate Degree,Professional,1,0
14414,60000,2,0,Graduate Degree,Professional,0,0
14415,70000,4,0,Graduate Degree,Professional,1,0
14416,70000,4,0,Graduate Degree,Professional,0,0
14417,20000,3,0,Partial High School,Clerical,0,2
14418,50000,2,2,Bachellors,Skilled Manual,0,1
14419,50000,2,2,Bachellors,Skilled Manual,0,1
14420,50000,2,2,Bachellors,Skilled Manual,0,1
14421,50000,2,2,Bachellors,Skilled Manual,1,1
14422,50000,2,2,Bachellors,Skilled Manual,1,1
14423,80000,3,3,Bachellors,Skilled Manual,1,0
14424,80000,3,3,Bachellors,Skilled Manual,0,1
14425,70000,0,0,Graduate Degree,Professional,0,0
14426,70000,0,0,Graduate Degree,Professional,1,0
14427,70000,4,0,Graduate Degree,Professional,1,0
14428,70000,5,0,Graduate Degree,Professional,1,0
14429,70000,5,5,Graduate Degree,Professional,1,2
14430,80000,2,0,Graduate Degree,Professional,1,0
14431,80000,3,0,Graduate Degree,Professional,1,0
14432,40000,0,0,Bachellors,Professional,0,1
14433,40000,0,0,Bachellors,Professional,0,1
14434,40000,0,0,Bachellors,Professional,0,1
14435,50000,3,3,Bachellors,Skilled Manual,0,1
14436,50000,3,3,Bachellors,Skilled Manual,1,1
14437,50000,3,3,Bachellors,Skilled Manual,1,2
14438,50000,3,3,Bachellors,Skilled Manual,1,2
14439,50000,3,3,Bachellors,Skilled Manual,0,2
14440,50000,3,3,Bachellors,Skilled Manual,1,3
14441,50000,3,3,Bachellors,Skilled Manual,1,3
14442,50000,4,4,Bachellors,Skilled Manual,1,1
14443,40000,0,0,Graduate Degree,Clerical,1,0
14444,40000,0,0,Graduate Degree,Clerical,1,0
14445,40000,0,0,Graduate Degree,Clerical,1,0
14446,40000,0,0,Graduate Degree,Clerical,1,0
14447,40000,0,0,Graduate Degree,Clerical,1,0
14448,40000,0,0,Bachellors,Clerical,1,0
14449,40000,0,0,Bachellors,Clerical,0,0
14450,10000,4,4,Partial High School,Manual,1,0
14451,20000,1,1,Partial College,Manual,1,1
14452,20000,1,1,Partial College,Manual,0,1
14453,30000,1,1,Bachellors,Clerical,1,0
14454,30000,1,1,Bachellors,Clerical,0,0
14455,30000,1,1,Bachellors,Clerical,0,1
14456,10000,4,4,Partial High School,Manual,1,0
14457,10000,5,4,Partial High School,Manual,1,2
14458,10000,5,3,Partial High School,Manual,1,1
14459,20000,1,1,High School,Manual,0,1
14460,20000,1,1,High School,Manual,1,1
14461,20000,2,2,High School,Manual,1,0
14462,40000,0,0,Bachellors,Clerical,1,0
14463,40000,0,0,Bachellors,Clerical,0,0
14464,20000,2,2,High School,Manual,1,0
14465,20000,2,2,High School,Manual,1,0
14466,20000,2,2,High School,Manual,1,0
14467,10000,4,3,Partial High School,Manual,0,2
14468,20000,2,2,High School,Manual,1,0
14469,20000,2,2,High School,Manual,1,1
14470,20000,2,2,High School,Manual,1,1
14471,20000,2,2,High School,Manual,1,1
14472,20000,2,2,High School,Manual,1,2
14473,30000,1,1,Bachellors,Skilled Manual,1,2
14474,30000,1,1,Bachellors,Skilled Manual,1,2
14475,10000,4,3,Partial High School,Manual,1,2
14476,10000,3,2,Partial High School,Manual,1,2
14477,20000,2,2,High School,Manual,1,2
14478,30000,1,0,Bachellors,Skilled Manual,1,1
14479,40000,0,0,Bachellors,Professional,0,0
14480,40000,0,0,Bachellors,Professional,0,0
14481,40000,0,0,Bachellors,Professional,0,0
14482,80000,0,0,Graduate Degree,Skilled Manual,0,0
14483,30000,1,0,Partial College,Clerical,1,1
14484,20000,2,0,Partial College,Clerical,0,1
14485,30000,2,2,Partial College,Clerical,1,0
14486,30000,2,2,Partial College,Clerical,1,1
14487,30000,2,2,Partial College,Clerical,1,1
14488,30000,2,2,Partial College,Clerical,1,2
14489,40000,1,0,Bachellors,Skilled Manual,1,0
14490,40000,1,0,Bachellors,Skilled Manual,1,0
14491,30000,2,2,Partial College,Clerical,1,2
14492,30000,2,2,Partial College,Clerical,1,2
14493,40000,1,0,Bachellors,Skilled Manual,0,0
14494,40000,1,0,Bachellors,Skilled Manual,1,0
14495,30000,2,2,Partial College,Clerical,1,2
14496,30000,2,2,Partial College,Clerical,1,2
14497,30000,2,2,Partial College,Clerical,1,2
14498,40000,1,0,Bachellors,Skilled Manual,0,0
14499,40000,1,0,Bachellors,Skilled Manual,1,0
14500,30000,3,3,Partial College,Clerical,1,2
14501,30000,3,3,Partial College,Clerical,1,2
14502,40000,1,0,Bachellors,Skilled Manual,1,0
14503,40000,1,0,Bachellors,Skilled Manual,1,0
14504,30000,1,0,Partial College,Clerical,0,1
14505,30000,3,3,Partial College,Clerical,1,2
14506,30000,4,4,Partial College,Clerical,1,3
14507,30000,5,5,Partial College,Clerical,1,1
14508,30000,5,5,Partial College,Clerical,0,3
14509,30000,0,0,Partial College,Clerical,0,1
14510,30000,0,0,Partial College,Clerical,0,1
14511,30000,0,0,Partial College,Clerical,0,1
14512,30000,0,0,Partial College,Clerical,0,1
14513,20000,0,0,High School,Manual,0,1
14514,20000,0,0,High School,Manual,1,1
14515,20000,0,0,High School,Manual,0,1
14516,20000,0,0,High School,Manual,0,1
14517,10000,0,0,Partial High School,Manual,1,2
14518,20000,0,0,High School,Manual,0,1
14519,20000,0,0,High School,Manual,0,1
14520,20000,0,0,High School,Manual,0,1
14521,20000,0,0,High School,Manual,0,1
14522,20000,0,0,Partial High School,Manual,1,1
14523,30000,0,0,Partial College,Clerical,0,1
14524,20000,0,0,Partial High School,Manual,0,1
14525,20000,0,0,Partial High School,Manual,0,2
14526,30000,0,0,Partial College,Clerical,0,1
14527,30000,0,0,Partial College,Clerical,0,1
14528,20000,2,0,Partial High School,Manual,0,2
14529,30000,0,0,Partial College,Clerical,0,1
14530,10000,1,0,Graduate Degree,Manual,1,0
14531,10000,1,0,Graduate Degree,Manual,0,0
14532,30000,5,0,Graduate Degree,Clerical,0,0
14533,30000,5,0,Graduate Degree,Clerical,1,0
14534,10000,1,0,Bachellors,Manual,0,0
14535,20000,1,0,Graduate Degree,Clerical,0,0
14536,20000,1,0,Graduate Degree,Clerical,1,0
14537,20000,1,0,Graduate Degree,Clerical,1,0
14538,20000,1,0,Graduate Degree,Clerical,0,0
14539,30000,5,0,Graduate Degree,Clerical,1,0
14540,30000,5,0,Graduate Degree,Clerical,1,0
14541,30000,4,0,Graduate Degree,Clerical,1,0
14542,10000,1,0,Bachellors,Manual,0,0
14543,10000,1,0,Bachellors,Manual,0,0
14544,10000,2,0,Partial College,Manual,1,0
14545,20000,1,0,Bachellors,Clerical,0,0
14546,10000,2,0,Partial College,Manual,0,0
14547,10000,2,0,Partial College,Manual,1,1
14548,20000,1,0,Bachellors,Clerical,0,0
14549,20000,1,0,Bachellors,Clerical,1,0
14550,10000,2,0,Partial College,Manual,0,1
14551,20000,1,0,Partial College,Manual,1,0
14552,20000,1,0,Partial College,Manual,0,0
14553,30000,1,0,Bachellors,Clerical,1,0
14554,30000,1,0,Bachellors,Clerical,1,0
14555,10000,3,0,Partial College,Manual,0,1
14556,10000,0,0,Partial College,Manual,0,1
14557,10000,0,0,Partial College,Manual,1,1
14558,10000,0,0,Partial College,Manual,1,1
14559,10000,0,0,Partial College,Manual,1,1
14560,20000,0,0,Bachellors,Clerical,1,0
14561,10000,0,0,Partial College,Manual,1,1
14562,10000,0,0,High School,Manual,0,2
14563,20000,0,0,Bachellors,Clerical,1,0
14564,20000,0,0,Bachellors,Clerical,0,0
14565,10000,1,1,High School,Manual,1,0
14566,10000,1,1,High School,Manual,0,0
14567,20000,0,0,Partial College,Manual,1,0
14568,20000,0,0,Partial College,Manual,0,0
14569,20000,0,0,Partial College,Manual,1,0
14570,10000,3,0,Partial College,Manual,0,2
14571,20000,1,0,Partial College,Manual,1,0
14572,30000,1,0,Bachellors,Clerical,0,0
14573,30000,1,0,Bachellors,Clerical,0,0
14574,30000,1,0,Bachellors,Clerical,1,0
14575,30000,4,0,Graduate Degree,Clerical,0,0
14576,30000,4,0,Graduate Degree,Clerical,0,0
14577,30000,3,0,Graduate Degree,Clerical,0,0
14578,30000,3,0,Graduate Degree,Clerical,1,0
14579,30000,3,0,Graduate Degree,Clerical,1,0
14580,10000,1,1,High School,Manual,0,1
14581,10000,1,1,High School,Manual,1,1
14582,20000,1,1,Partial College,Manual,1,0
14583,20000,1,1,Partial College,Manual,0,0
14584,20000,2,0,Partial College,Manual,0,1
14585,30000,3,0,Graduate Degree,Clerical,1,0
14586,30000,3,0,Graduate Degree,Clerical,1,0
14587,30000,1,0,Graduate Degree,Clerical,1,0
14588,30000,3,0,Bachellors,Clerical,1,0
14589,30000,3,0,Bachellors,Clerical,1,0
14590,30000,0,0,Bachellors,Clerical,1,0
14591,20000,0,0,Partial College,Manual,0,1
14592,20000,0,0,Partial College,Manual,1,1
14593,10000,2,2,High School,Manual,0,0
14594,10000,2,2,High School,Manual,1,0
14595,30000,0,0,Bachellors,Clerical,1,0
14596,30000,0,0,Bachellors,Clerical,0,0
14597,30000,0,0,Bachellors,Clerical,0,0
14598,30000,0,0,Bachellors,Clerical,0,0
14599,40000,0,0,Graduate Degree,Clerical,1,0
14600,10000,2,2,High School,Manual,1,1
14601,30000,0,0,Bachellors,Clerical,1,0
14602,30000,1,0,Bachellors,Clerical,0,0
14603,60000,0,0,Graduate Degree,Skilled Manual,1,0
14604,60000,0,0,Graduate Degree,Skilled Manual,1,0
14605,60000,0,0,Graduate Degree,Skilled Manual,0,0
14606,20000,2,0,Partial College,Manual,0,1
14607,20000,2,0,Partial College,Manual,1,1
14608,20000,2,0,Partial College,Manual,0,1
14609,20000,2,0,Partial College,Manual,0,1
14610,20000,2,0,Partial College,Manual,0,1
14611,10000,2,2,High School,Manual,1,1
14612,10000,3,3,High School,Manual,1,0
14613,20000,1,1,Partial College,Manual,0,0
14614,20000,1,1,Partial College,Manual,1,0
14615,20000,1,1,Partial College,Manual,1,1
14616,30000,1,0,Bachellors,Clerical,1,0
14617,30000,1,0,Bachellors,Clerical,1,0
14618,30000,1,0,Bachellors,Clerical,1,0
14619,30000,1,0,Bachellors,Clerical,0,0
14620,30000,1,0,Bachellors,Clerical,1,0
14621,90000,4,4,Bachellors,Management,1,1
14622,90000,4,4,Bachellors,Management,1,1
14623,100000,2,0,Bachellors,Management,1,2
14624,100000,2,0,Bachellors,Management,1,2
14625,100000,3,0,Bachellors,Management,1,3
14626,10000,3,2,Partial High School,Manual,1,1
14627,10000,3,2,Partial High School,Manual,1,1
14628,20000,2,2,High School,Manual,1,2
14629,20000,3,3,High School,Manual,1,0
14630,10000,3,2,Partial High School,Manual,1,2
14631,10000,3,2,Partial High School,Manual,1,2
14632,20000,3,3,High School,Manual,0,2
14633,20000,2,0,Partial College,Manual,0,1
14634,30000,1,0,Bachellors,Skilled Manual,1,1
14635,40000,0,0,Bachellors,Professional,0,0
14636,40000,0,0,Bachellors,Professional,0,0
14637,40000,0,0,Bachellors,Professional,0,0
14638,80000,0,0,Graduate Degree,Skilled Manual,1,0
14639,30000,2,2,Partial College,Clerical,0,0
14640,30000,2,2,Partial College,Clerical,1,1
14641,30000,2,2,Partial College,Clerical,1,1
14642,40000,1,0,Bachellors,Skilled Manual,1,0
14643,40000,1,0,Bachellors,Skilled Manual,1,0
14644,30000,2,2,Partial College,Clerical,1,2
14645,30000,2,2,Partial College,Clerical,1,2
14646,30000,2,2,Partial College,Clerical,1,2
14647,40000,1,0,Bachellors,Skilled Manual,1,0
14648,40000,1,0,Bachellors,Skilled Manual,1,0
14649,30000,2,2,Partial College,Clerical,1,3
14650,30000,3,3,Partial College,Clerical,1,0
14651,30000,3,3,Partial College,Clerical,1,0
14652,40000,1,0,Bachellors,Skilled Manual,0,0
14653,20000,0,0,High School,Manual,0,1
14654,20000,0,0,High School,Manual,0,1
14655,20000,4,4,High School,Manual,1,2
14656,40000,1,0,Bachellors,Skilled Manual,1,0
14657,40000,1,0,Bachellors,Skilled Manual,1,0
14658,40000,1,0,Bachellors,Skilled Manual,1,0
14659,40000,1,0,Bachellors,Skilled Manual,0,0
14660,40000,1,0,Bachellors,Skilled Manual,1,1
14661,40000,1,0,Bachellors,Skilled Manual,1,1
14662,40000,1,0,Bachellors,Skilled Manual,1,1
14663,30000,3,3,Partial College,Clerical,1,2
14664,30000,3,3,Partial College,Clerical,1,2
14665,30000,4,4,Partial College,Clerical,1,1
14666,20000,0,0,High School,Manual,0,1
14667,30000,5,5,Partial College,Clerical,1,3
14668,30000,0,0,Partial College,Clerical,0,1
14669,30000,0,0,Partial College,Clerical,1,1
14670,30000,0,0,Partial College,Clerical,0,1
14671,20000,0,0,High School,Manual,0,1
14672,20000,0,0,High School,Manual,0,1
14673,10000,0,0,Partial High School,Manual,1,2
14674,20000,0,0,High School,Manual,1,1
14675,30000,0,0,Partial College,Clerical,0,1
14676,30000,0,0,Partial College,Clerical,0,1
14677,30000,0,0,Partial College,Clerical,1,1
14678,20000,0,0,Partial High School,Manual,1,2
14679,20000,0,0,Partial High School,Manual,0,2
14680,30000,0,0,Partial College,Clerical,0,1
14681,30000,0,0,Partial College,Clerical,0,1
14682,30000,0,0,Partial College,Clerical,0,1
14683,10000,0,0,Partial High School,Manual,1,2
14684,10000,0,0,Graduate Degree,Manual,0,0
14685,10000,1,0,Graduate Degree,Manual,0,0
14686,10000,1,0,Bachellors,Manual,1,0
14687,20000,1,0,Graduate Degree,Manual,0,0
14688,10000,1,0,Bachellors,Manual,0,0
14689,10000,1,0,Bachellors,Manual,1,0
14690,20000,1,0,Graduate Degree,Clerical,1,0
14691,20000,1,0,Graduate Degree,Clerical,1,0
14692,20000,1,0,Graduate Degree,Clerical,0,0
14693,30000,1,0,Graduate Degree,Clerical,1,0
14694,30000,5,0,Graduate Degree,Clerical,1,0
14695,30000,4,0,Graduate Degree,Clerical,1,0
14696,10000,1,0,Bachellors,Manual,0,0
14697,10000,1,0,Partial College,Manual,1,0
14698,10000,2,0,Partial College,Manual,0,0
14699,10000,2,0,Partial College,Manual,1,0
14700,10000,2,0,Partial College,Manual,1,0
14701,10000,2,0,Partial College,Manual,1,1
14702,20000,1,0,Bachellors,Clerical,1,0
14703,20000,1,0,Partial College,Manual,1,0
14704,30000,1,0,Bachellors,Clerical,1,0
14705,10000,0,0,Partial College,Manual,1,1
14706,10000,0,0,Partial College,Manual,1,1
14707,10000,0,0,Partial College,Manual,0,1
14708,10000,0,0,Partial College,Manual,1,1
14709,10000,0,0,Partial College,Manual,0,1
14710,10000,1,1,High School,Manual,1,0
14711,20000,0,0,Bachellors,Clerical,0,0
14712,20000,0,0,Bachellors,Clerical,0,0
14713,20000,0,0,Bachellors,Clerical,1,0
14714,20000,0,0,Bachellors,Clerical,1,0
14715,20000,0,0,Bachellors,Clerical,1,0
14716,20000,0,0,Bachellors,Clerical,0,0
14717,20000,0,0,Bachellors,Clerical,0,0
14718,20000,0,0,Bachellors,Clerical,1,0
14719,20000,0,0,Partial College,Manual,0,0
14720,20000,2,0,Partial College,Manual,0,0
14721,20000,2,0,Partial College,Manual,0,1
14722,30000,1,0,Bachellors,Clerical,1,0
14723,20000,1,1,Partial College,Manual,0,0
14724,30000,4,0,Graduate Degree,Clerical,0,0
14725,30000,4,0,Graduate Degree,Clerical,1,0
14726,30000,4,0,Graduate Degree,Clerical,1,0
14727,30000,4,0,Graduate Degree,Clerical,1,0
14728,30000,4,0,Graduate Degree,Clerical,1,0
14729,30000,3,0,Graduate Degree,Clerical,0,0
14730,20000,1,1,Partial College,Manual,1,0
14731,20000,1,1,Partial College,Manual,1,0
14732,20000,1,1,Partial College,Manual,1,0
14733,20000,1,1,Partial College,Manual,0,0
14734,10000,1,1,High School,Manual,1,1
14735,30000,1,0,Graduate Degree,Clerical,0,0
14736,30000,3,0,Graduate Degree,Clerical,1,0
14737,30000,3,0,Bachellors,Clerical,1,0
14738,40000,3,0,Graduate Degree,Clerical,1,0
14739,30000,0,0,Bachellors,Clerical,1,0
14740,30000,1,0,Bachellors,Clerical,0,0
14741,10000,1,1,High School,Manual,1,2
14742,30000,0,0,Bachellors,Clerical,1,0
14743,10000,2,2,High School,Manual,1,0
14744,30000,0,0,Bachellors,Clerical,0,0
14745,30000,0,0,Bachellors,Clerical,1,0
14746,20000,0,0,Partial College,Manual,0,1
14747,20000,0,0,Partial College,Manual,1,1
14748,20000,0,0,Partial College,Manual,0,1
14749,30000,1,0,Bachellors,Clerical,0,0
14750,30000,1,0,Bachellors,Clerical,0,0
14751,40000,0,0,Graduate Degree,Clerical,1,0
14752,60000,0,0,Graduate Degree,Skilled Manual,1,0
14753,20000,2,0,Partial College,Manual,0,1
14754,10000,3,0,High School,Manual,0,2
14755,10000,4,0,High School,Manual,0,2
14756,10000,3,3,High School,Manual,1,0
14757,20000,1,1,Partial College,Manual,1,0
14758,20000,1,1,Partial College,Manual,0,0
14759,20000,1,1,Partial College,Manual,0,0
14760,20000,1,1,Partial College,Manual,1,1
14761,30000,1,0,Bachellors,Clerical,1,0
14762,30000,1,0,Bachellors,Clerical,1,0
14763,30000,1,0,Bachellors,Clerical,1,0
14764,90000,4,4,Partial College,Skilled Manual,1,3
14765,90000,4,4,Partial College,Skilled Manual,0,3
14766,100000,2,0,Bachellors,Management,0,3
14767,100000,3,0,Bachellors,Management,1,3
14768,100000,3,0,Bachellors,Management,0,3
14769,120000,2,4,High School,Professional,1,4
14770,130000,2,4,Partial College,Professional,0,2
14771,90000,2,1,High School,Professional,1,2
14772,120000,3,4,High School,Professional,0,4
14773,120000,3,4,High School,Professional,1,4
14774,120000,3,4,High School,Professional,0,4
14775,130000,3,4,Partial College,Professional,1,3
14776,130000,3,4,Partial College,Professional,1,3
14777,160000,2,4,High School,Professional,1,3
14778,90000,2,1,High School,Professional,1,2
14779,130000,3,4,Partial College,Professional,1,3
14780,90000,5,0,Partial College,Professional,0,2
2957,70000,5,5,Bachellors,Professional,1,3
2958,60000,2,2,Bachellors,Professional,1,1
2959,70000,5,5,Bachellors,Professional,1,3
2960,120000,1,0,Graduate Degree,Management,1,0
2961,70000,5,5,Bachellors,Professional,1,4
2962,80000,5,5,Graduate Degree,Management,1,3
2963,80000,5,5,Graduate Degree,Management,1,3
2964,80000,5,5,Graduate Degree,Management,1,3
2965,90000,0,0,Bachellors,Professional,0,0
2966,90000,0,0,Bachellors,Professional,1,0
2967,90000,0,0,Bachellors,Professional,1,0
2968,60000,3,3,Bachellors,Professional,1,1
2969,60000,3,3,Bachellors,Professional,0,1
2970,70000,0,0,Bachellors,Professional,0,1
2971,70000,0,0,Bachellors,Professional,0,1
2972,70000,0,0,Bachellors,Professional,1,1
2973,70000,0,0,Bachellors,Professional,0,1
2974,60000,3,3,Bachellors,Professional,1,2
2975,60000,4,4,Bachellors,Professional,1,2
2976,60000,4,4,Bachellors,Professional,1,2
2977,100000,2,0,Bachellors,Management,1,2
2978,100000,2,0,Bachellors,Management,1,3
2979,100000,3,0,Bachellors,Management,1,3
2980,40000,0,0,High School,Skilled Manual,0,2
2981,30000,0,0,Partial College,Skilled Manual,1,1
2982,10000,5,0,High School,Skilled Manual,0,3
2983,20000,3,0,High School,Skilled Manual,1,2
2984,20000,4,0,High School,Skilled Manual,1,2
2985,60000,0,0,Partial College,Skilled Manual,0,1
2986,60000,0,0,Partial College,Skilled Manual,0,1
2987,60000,0,0,Partial College,Skilled Manual,1,2
2988,40000,0,0,High School,Skilled Manual,0,2
2989,40000,0,0,Partial High School,Clerical,1,2
2990,40000,0,0,Partial College,Skilled Manual,1,1
2991,40000,0,0,Partial College,Skilled Manual,0,1
2992,40000,0,0,Partial College,Skilled Manual,1,1
2993,60000,0,0,Partial College,Skilled Manual,0,2
2994,60000,0,0,Partial College,Skilled Manual,1,2
2995,30000,2,0,Partial College,Clerical,0,2
2996,20000,4,0,High School,Skilled Manual,0,2
2997,20000,4,0,High School,Skilled Manual,1,2
2998,30000,2,0,Partial College,Clerical,0,2
2999,10000,2,1,Partial High School,Clerical,1,2
3000,70000,0,0,Partial College,Skilled Manual,1,2
3001,40000,0,0,Partial High School,Clerical,0,2
3002,40000,0,0,Partial High School,Clerical,0,2
3003,30000,0,0,Partial College,Skilled Manual,1,1
3004,30000,0,0,Partial College,Skilled Manual,0,1
3005,60000,0,0,Partial College,Skilled Manual,1,2
3006,70000,0,0,Partial College,Skilled Manual,0,2
3007,70000,0,0,Partial College,Skilled Manual,1,2
3008,10000,2,1,Partial High School,Clerical,1,2
3009,10000,2,1,Partial High School,Clerical,1,2
3010,20000,2,1,Partial High School,Clerical,1,2
3011,30000,3,0,Partial College,Clerical,0,2
3012,30000,3,0,Partial College,Clerical,1,2
3013,40000,2,0,Bachellors,Management,1,2
3014,30000,3,0,High School,Skilled Manual,1,2
3015,30000,3,0,High School,Skilled Manual,0,2
3016,30000,3,0,High School,Skilled Manual,1,2
3017,30000,3,0,High School,Skilled Manual,0,2
3018,60000,0,0,Partial College,Skilled Manual,0,2
3019,30000,3,0,High School,Skilled Manual,1,2
3020,30000,3,0,High School,Skilled Manual,1,2
3021,80000,2,0,Partial College,Skilled Manual,0,2
3022,30000,0,0,Partial College,Skilled Manual,1,2
3023,30000,0,0,High School,Skilled Manual,1,2
3024,30000,0,0,High School,Skilled Manual,1,2
3025,60000,0,0,Partial College,Skilled Manual,0,2
3026,30000,0,0,High School,Skilled Manual,1,2
3027,30000,0,0,High School,Skilled Manual,1,2
3028,70000,0,0,Partial College,Professional,0,2
3029,70000,0,0,Partial College,Professional,0,2
3030,60000,0,0,Partial College,Professional,1,2
3031,80000,2,0,High School,Skilled Manual,0,2
3032,80000,2,0,High School,Skilled Manual,1,2
3033,70000,2,0,High School,Skilled Manual,0,2
3034,80000,2,0,High School,Professional,0,2
3035,130000,0,1,Graduate Degree,Management,0,2
3036,80000,0,0,Bachellors,Management,1,1
3037,60000,0,0,Partial College,Professional,1,2
3038,60000,0,0,Partial College,Professional,1,2
3039,130000,0,1,Graduate Degree,Management,1,3
3040,160000,0,0,Graduate Degree,Management,0,3
3041,80000,2,0,Partial High School,Skilled Manual,0,2
3042,80000,2,0,Partial High School,Skilled Manual,1,2
3043,60000,2,0,High School,Professional,0,2
3044,60000,2,0,High School,Professional,1,2
3045,70000,2,1,Partial College,Professional,1,0
3046,80000,5,5,Bachellors,Professional,1,4
3047,90000,4,4,Bachellors,Professional,1,0
3048,70000,1,0,Partial College,Skilled Manual,0,1
3049,60000,1,0,Bachellors,Professional,1,1
3050,60000,1,0,Bachellors,Professional,1,1
3051,100000,0,0,Graduate Degree,Management,0,1
3052,100000,0,0,Bachellors,Professional,1,1
3053,110000,0,0,Graduate Degree,Management,1,2
3054,110000,0,0,Graduate Degree,Management,0,2
3055,60000,1,0,Partial College,Skilled Manual,1,1
3056,60000,1,0,Partial College,Skilled Manual,1,1
3057,60000,1,0,Partial College,Skilled Manual,1,1
3058,90000,1,0,Bachellors,Professional,1,1
3059,70000,0,0,Bachellors,Professional,0,1
3060,80000,5,5,Bachellors,Professional,1,4
3061,80000,5,5,Bachellors,Professional,1,4
3062,80000,5,5,Bachellors,Professional,1,4
3063,70000,0,0,Bachellors,Professional,1,1
3064,70000,0,0,Bachellors,Professional,0,1
3065,70000,0,0,Bachellors,Professional,0,1
3066,70000,0,0,Bachellors,Professional,1,1
3067,60000,1,0,Partial College,Skilled Manual,1,1
3068,70000,5,4,Bachellors,Professional,1,2
3069,70000,5,4,Bachellors,Professional,1,2
3070,70000,5,4,Bachellors,Professional,1,2
3071,90000,2,0,Bachellors,Professional,1,1
3072,90000,2,0,Bachellors,Management,0,1
3073,80000,1,0,Partial College,Skilled Manual,1,1
3074,30000,2,0,Partial College,Clerical,0,2
3075,10000,2,1,High School,Skilled Manual,1,2
3076,30000,0,0,High School,Skilled Manual,1,2
3077,30000,0,0,High School,Skilled Manual,1,2
3078,30000,0,0,High School,Skilled Manual,1,2
3079,40000,0,0,High School,Skilled Manual,1,2
3080,40000,0,0,High School,Skilled Manual,0,2
3081,40000,0,0,High School,Skilled Manual,1,2
3082,30000,0,0,High School,Skilled Manual,1,2
3083,30000,0,0,High School,Skilled Manual,0,2
3084,30000,0,0,High School,Skilled Manual,1,2
3085,30000,0,0,High School,Skilled Manual,0,2
3086,30000,0,0,High School,Skilled Manual,0,2
3087,10000,5,0,High School,Skilled Manual,0,2
3088,40000,2,0,Bachellors,Management,1,2
3089,30000,0,0,Partial High School,Clerical,1,2
3090,40000,0,0,High School,Skilled Manual,0,2
3091,30000,0,0,Partial High School,Clerical,0,2
3092,30000,0,0,Partial High School,Clerical,0,2
3093,30000,0,0,Partial High School,Clerical,1,2
3094,30000,0,0,Partial High School,Clerical,1,2
3095,40000,0,0,High School,Skilled Manual,0,2
3096,40000,0,0,High School,Skilled Manual,1,2
3097,30000,0,0,Partial High School,Clerical,0,2
3098,40000,0,0,High School,Skilled Manual,1,2
3099,40000,0,0,High School,Skilled Manual,1,2
3100,40000,2,0,Bachellors,Management,1,2
3101,40000,2,0,Bachellors,Management,1,2
3102,40000,2,0,Bachellors,Management,1,2
3103,60000,2,0,Graduate Degree,Management,1,1
3104,40000,2,0,Bachellors,Management,1,2
3105,40000,0,0,Partial College,Skilled Manual,0,1
3106,40000,0,0,Partial College,Skilled Manual,0,1
3107,40000,0,0,Partial College,Skilled Manual,0,1
3108,40000,0,0,High School,Skilled Manual,1,2
3109,40000,0,0,High School,Skilled Manual,1,2
3110,30000,0,0,Partial College,Skilled Manual,0,1
3111,60000,0,0,Partial College,Skilled Manual,0,1
3112,70000,0,0,Partial College,Skilled Manual,0,2
3113,70000,0,0,Partial College,Skilled Manual,0,2
3114,70000,0,0,Partial College,Skilled Manual,0,2
3115,70000,0,0,Partial College,Skilled Manual,0,2
3116,80000,0,0,Bachellors,Management,0,1
3117,80000,0,0,Bachellors,Management,0,1
3118,80000,0,0,Bachellors,Management,0,1
3119,100000,1,0,Bachellors,Management,1,2
3120,110000,0,1,Graduate Degree,Management,1,1
3121,120000,0,1,Bachellors,Management,1,2
3122,130000,0,0,Graduate Degree,Management,0,2
3123,80000,5,0,Bachellors,Management,1,2
3124,10000,0,0,Partial College,Manual,1,1
3125,10000,0,0,Partial College,Manual,0,1
3126,10000,0,0,Partial College,Manual,1,1
3127,10000,0,0,Partial College,Manual,0,1
3128,10000,0,0,High School,Manual,1,2
3129,10000,1,1,High School,Manual,0,0
3130,20000,0,0,Bachellors,Clerical,1,0
3131,20000,0,0,Bachellors,Clerical,0,0
3132,20000,0,0,Bachellors,Clerical,1,0
3133,10000,1,1,High School,Manual,0,0
3134,20000,0,0,Bachellors,Clerical,1,0
3135,20000,0,0,Partial College,Manual,0,0
3136,20000,1,0,Partial College,Manual,1,0
3137,20000,2,0,Partial College,Manual,1,0
3138,20000,2,0,Partial College,Manual,1,1
3139,20000,2,0,Partial College,Manual,1,1
3140,30000,4,0,Graduate Degree,Clerical,1,0
3141,30000,4,0,Graduate Degree,Clerical,1,0
3142,10000,1,1,High School,Manual,0,1
3143,10000,1,1,High School,Manual,1,1
3144,20000,1,1,Partial College,Manual,0,0
3145,10000,1,1,High School,Manual,1,1
3146,10000,1,1,High School,Manual,0,1
3147,20000,2,0,Partial College,Manual,1,1
3148,30000,1,0,Graduate Degree,Clerical,1,0
3149,30000,1,0,Graduate Degree,Clerical,1,0
3150,30000,3,0,Bachellors,Clerical,1,0
3151,30000,3,0,Bachellors,Clerical,1,0
3152,10000,2,2,High School,Manual,1,0
3153,20000,0,0,Partial College,Manual,0,1
3154,20000,0,0,Partial College,Manual,0,1
3155,30000,0,0,Bachellors,Clerical,1,0
3156,40000,0,0,Graduate Degree,Clerical,1,0
3157,20000,0,0,Partial College,Manual,0,1
3158,30000,0,0,Bachellors,Clerical,1,0
3159,40000,0,0,Graduate Degree,Clerical,1,0
3160,40000,0,0,Graduate Degree,Clerical,1,0
3161,40000,0,0,Graduate Degree,Clerical,1,0
3162,40000,0,0,Graduate Degree,Clerical,1,0
3163,40000,0,0,Graduate Degree,Clerical,1,0
3164,40000,0,0,Graduate Degree,Clerical,1,0
3165,50000,0,0,Graduate Degree,Skilled Manual,1,0
3166,50000,0,0,Graduate Degree,Skilled Manual,1,0
3167,10000,3,0,Bachellors,Clerical,0,2
3168,10000,3,0,Partial College,Manual,1,2
3169,20000,2,0,Partial College,Manual,1,1
3170,10000,3,3,High School,Manual,1,0
3171,10000,3,3,High School,Manual,1,0
3172,90000,5,0,Partial College,Professional,0,2
3173,130000,3,4,Bachellors,Management,0,4
3174,70000,5,1,High School,Professional,1,3
3175,70000,5,1,High School,Professional,1,3
3176,110000,3,4,Bachellors,Management,1,4
3177,80000,5,0,Partial College,Professional,0,2
3178,80000,5,0,Partial College,Professional,0,2
3179,90000,5,0,Partial College,Professional,0,2
3180,100000,2,3,Bachellors,Management,1,4
3181,100000,2,3,Bachellors,Management,1,4
3182,100000,3,4,Bachellors,Management,1,0
3183,110000,3,4,Partial College,Professional,1,4
3184,130000,0,5,Partial College,Professional,0,3
3185,170000,0,5,Bachellors,Management,1,2
3186,80000,4,1,Partial College,Professional,1,2
3187,80000,4,1,Partial College,Professional,1,2
3188,100000,3,4,Partial College,Professional,1,4
3189,80000,4,1,High School,Professional,1,3
3190,90000,4,1,High School,Professional,0,2
3191,90000,4,1,High School,Professional,1,3
3192,160000,4,5,Partial College,Professional,0,2
3193,90000,4,1,High School,Management,1,3
3194,100000,3,4,Partial College,Management,1,4
3195,120000,4,5,Partial College,Management,0,3
3196,130000,4,5,High School,Management,0,3
3197,160000,3,5,Partial College,Management,0,3
3198,100000,3,4,Partial College,Management,1,4
3199,110000,4,5,High School,Management,1,3
3200,130000,4,5,High School,Management,1,4
3201,70000,5,1,Partial High School,Skilled Manual,1,4
3202,80000,5,1,High School,Management,1,4
3203,90000,4,1,Partial High School,Skilled Manual,1,4
3204,80000,5,0,High School,Management,1,2
3205,80000,5,0,Partial High School,Skilled Manual,0,2
3206,90000,5,0,Partial High School,Skilled Manual,1,2
3207,100000,4,5,Partial High School,Professional,0,1
3208,110000,4,5,Partial High School,Professional,1,3
3209,120000,5,5,High School,Management,1,4
3210,60000,0,0,Bachellors,Professional,1,4
3211,80000,0,0,Bachellors,Professional,1,2
3212,70000,0,0,Bachellors,Professional,0,3
3213,80000,0,0,Bachellors,Professional,0,3
3214,80000,0,0,Bachellors,Professional,1,3
3215,90000,0,0,Bachellors,Professional,1,2
3216,90000,0,0,Bachellors,Professional,0,2
3217,70000,0,0,Bachellors,Professional,0,4
3218,80000,0,0,Bachellors,Professional,0,3
3219,90000,0,0,Bachellors,Professional,0,3
3220,90000,0,0,Bachellors,Professional,0,3
3221,100000,0,5,High School,Management,1,2
3222,80000,0,0,Bachellors,Professional,0,3
3223,80000,0,0,Bachellors,Professional,1,3
3224,80000,0,0,Bachellors,Professional,0,3
3225,110000,0,5,Partial College,Management,1,3
3226,90000,0,0,Bachellors,Professional,0,3
3227,90000,0,0,Bachellors,Professional,0,3
3228,100000,0,5,High School,Management,1,3
3229,80000,0,0,Bachellors,Professional,1,4
3230,80000,0,0,Bachellors,Professional,1,4
3231,90000,0,0,Bachellors,Professional,0,3
3232,120000,0,5,Partial High School,Professional,1,4
3233,100000,0,5,High School,Management,1,3
3234,100000,0,5,High School,Management,1,3
3235,100000,0,5,High School,Management,1,4
3236,100000,0,5,Partial High School,Professional,0,4
3237,110000,0,5,High School,Management,1,4
3238,120000,0,5,Partial High School,Professional,1,4
3239,120000,0,5,Partial High School,Professional,1,4
3240,70000,5,0,Bachellors,Management,1,2
3241,80000,4,0,Bachellors,Management,0,2
3242,110000,2,4,Graduate Degree,Management,1,1
3243,70000,5,0,Bachellors,Management,1,2
3244,90000,5,0,Bachellors,Management,1,2
3245,90000,5,0,Bachellors,Management,1,2
3246,90000,5,0,Bachellors,Management,1,2
3247,90000,5,0,Bachellors,Management,1,2
3248,90000,5,0,Bachellors,Management,1,2
3249,100000,2,3,Graduate Degree,Management,1,3
3250,110000,2,4,Graduate Degree,Management,1,2
3251,130000,2,3,Bachellors,Management,0,4
3252,170000,2,3,Graduate Degree,Management,1,2
3253,100000,2,3,Graduate Degree,Management,1,3
3254,110000,2,4,Bachellors,Management,1,2
3255,110000,2,4,Bachellors,Management,0,2
3256,110000,2,4,Bachellors,Management,1,3
3257,170000,2,3,Graduate Degree,Management,0,2
3258,170000,2,3,Graduate Degree,Management,1,2
3259,70000,4,0,Bachellors,Management,1,2
3260,40000,3,0,Partial College,Skilled Manual,1,2
3261,40000,3,0,Partial College,Skilled Manual,1,2
3262,70000,2,0,Graduate Degree,Management,1,2
3263,70000,2,0,Graduate Degree,Management,1,2
3264,80000,2,0,Partial College,Skilled Manual,1,2
3265,80000,2,0,Partial College,Skilled Manual,0,2
3266,30000,0,0,Partial College,Skilled Manual,1,2
3267,30000,0,0,Partial College,Skilled Manual,1,2
3268,30000,0,0,Partial College,Skilled Manual,0,2
3269,30000,0,0,High School,Skilled Manual,1,2
3270,30000,0,0,High School,Skilled Manual,1,2
3271,60000,0,0,Partial College,Skilled Manual,0,2
3272,30000,0,0,High School,Skilled Manual,1,2
3273,30000,0,0,High School,Skilled Manual,0,2
3274,60000,0,0,Partial College,Skilled Manual,0,2
3275,60000,0,0,Partial College,Professional,1,2
3276,80000,2,0,High School,Skilled Manual,1,2
3277,80000,2,0,High School,Skilled Manual,1,2
3278,70000,2,0,High School,Skilled Manual,0,2
3279,130000,0,1,Graduate Degree,Management,1,1
3280,130000,0,1,Graduate Degree,Management,1,2
3281,80000,0,0,Bachellors,Management,0,1
3282,80000,0,0,Bachellors,Management,0,1
3283,30000,0,0,High School,Professional,1,2
3284,60000,0,0,Partial College,Professional,0,2
3285,60000,0,0,Partial College,Professional,0,2
3286,60000,0,0,Partial College,Professional,0,2
3287,120000,1,2,Bachellors,Management,1,3
3288,150000,0,0,Graduate Degree,Management,1,1
3289,130000,0,1,Graduate Degree,Management,0,3
3290,150000,0,0,Bachellors,Management,0,2
3291,70000,2,0,Partial High School,Skilled Manual,1,2
3292,70000,2,0,Partial High School,Skilled Manual,0,2
3293,70000,2,0,Partial High School,Skilled Manual,1,2
3294,60000,2,0,High School,Professional,0,2
3295,60000,2,0,High School,Professional,0,2
3296,60000,2,0,High School,Professional,1,2
3297,60000,2,0,High School,Professional,0,2
3298,70000,3,2,Partial College,Professional,1,0
3299,70000,3,2,Partial College,Professional,1,0
3300,90000,2,2,Bachellors,Professional,0,1
3301,90000,4,4,Bachellors,Professional,1,0
3302,70000,1,0,Partial College,Skilled Manual,1,1
3303,70000,1,0,Partial College,Skilled Manual,1,1
3304,60000,1,0,Bachellors,Professional,1,1
3305,60000,1,0,Bachellors,Professional,1,1
3306,60000,1,0,Bachellors,Professional,1,1
3307,60000,1,0,Partial College,Skilled Manual,1,1
3308,60000,1,0,Partial College,Skilled Manual,1,1
3309,100000,0,0,Bachellors,Professional,0,1
3310,110000,0,0,Graduate Degree,Management,0,2
3311,110000,0,0,Graduate Degree,Management,0,2
3312,110000,0,0,Graduate Degree,Management,0,3
3313,60000,1,0,Partial College,Skilled Manual,1,1
3314,60000,1,0,Partial College,Skilled Manual,1,1
3315,80000,5,5,Bachellors,Professional,1,4
3316,70000,0,0,Bachellors,Professional,0,1
3317,60000,1,0,Partial College,Skilled Manual,1,1
3318,70000,5,4,Bachellors,Professional,1,2
3319,70000,5,4,Partial College,Skilled Manual,1,2
3320,70000,5,4,Partial College,Skilled Manual,1,2
3321,70000,5,4,Partial College,Skilled Manual,1,3
3322,80000,5,4,Bachellors,Professional,1,2
3323,90000,2,0,Bachellors,Management,1,1
3324,70000,1,0,Partial College,Skilled Manual,0,1
3325,70000,1,0,Partial College,Skilled Manual,1,1
3326,70000,1,0,Partial College,Skilled Manual,1,1
3327,70000,1,0,Partial College,Skilled Manual,1,1
3328,30000,0,0,High School,Skilled Manual,0,2
3329,30000,0,0,High School,Skilled Manual,0,2
3330,30000,0,0,High School,Skilled Manual,0,2
3331,40000,0,0,High School,Skilled Manual,1,2
3332,30000,0,0,High School,Skilled Manual,1,2
3333,30000,0,0,High School,Skilled Manual,0,2
3334,30000,0,0,Partial High School,Clerical,0,2
3335,40000,0,0,High School,Skilled Manual,0,2
3336,40000,0,0,High School,Skilled Manual,1,2
3337,40000,0,0,High School,Skilled Manual,1,2
3338,40000,0,0,High School,Skilled Manual,0,2
3339,40000,0,0,High School,Skilled Manual,0,2
3340,30000,0,0,Partial High School,Clerical,0,2
3341,40000,0,0,High School,Skilled Manual,1,2
3342,30000,0,0,Partial High School,Clerical,0,2
3343,40000,0,0,High School,Skilled Manual,0,2
3344,40000,0,0,High School,Skilled Manual,1,2
3345,30000,2,0,Partial College,Clerical,1,2
3346,40000,2,0,Bachellors,Management,0,2
3347,40000,2,0,Bachellors,Management,1,2
3348,40000,2,0,Bachellors,Management,1,2
3349,60000,2,0,Graduate Degree,Management,1,1
3350,40000,0,0,High School,Skilled Manual,1,2
3351,40000,0,0,High School,Skilled Manual,0,2
3352,40000,0,0,Partial College,Skilled Manual,1,1
3353,40000,0,0,High School,Skilled Manual,0,2
3354,40000,0,0,High School,Skilled Manual,0,2
3355,30000,0,0,Partial College,Skilled Manual,0,1
3356,60000,0,0,Partial College,Skilled Manual,1,1
3357,100000,0,0,Bachellors,Management,1,2
3358,100000,1,0,Bachellors,Management,1,2
3359,100000,1,0,Bachellors,Management,1,2
3360,90000,4,4,Bachellors,Management,1,1
3361,60000,4,0,Graduate Degree,Skilled Manual,1,0
3362,60000,4,0,Graduate Degree,Skilled Manual,1,0
3363,40000,4,4,Partial College,Clerical,1,2
3364,50000,0,0,Graduate Degree,Skilled Manual,1,0
3365,50000,1,0,Graduate Degree,Skilled Manual,1,0
3366,50000,1,0,Graduate Degree,Skilled Manual,0,0
3367,60000,1,0,Graduate Degree,Skilled Manual,1,0
3368,60000,1,0,Graduate Degree,Skilled Manual,1,0
3369,60000,1,1,Graduate Degree,Skilled Manual,1,0
3370,60000,1,0,Graduate Degree,Skilled Manual,1,0
3371,40000,1,1,Graduate Degree,Skilled Manual,1,0
3372,40000,1,1,Graduate Degree,Skilled Manual,1,0
3373,60000,1,0,Graduate Degree,Skilled Manual,1,0
3374,60000,1,0,Graduate Degree,Skilled Manual,1,0
3375,70000,1,0,Graduate Degree,Professional,1,0
3376,50000,1,1,Bachellors,Skilled Manual,1,0
3377,70000,4,0,Bachellors,Management,1,2
3378,70000,4,0,Bachellors,Management,1,2
3379,60000,4,0,Graduate Degree,Management,1,2
3380,60000,4,0,Graduate Degree,Management,1,2
3381,70000,5,0,Bachellors,Management,1,2
3382,70000,5,0,Bachellors,Management,1,2
3383,70000,5,0,Bachellors,Management,1,2
3384,70000,5,0,Bachellors,Management,1,2
3385,60000,4,0,Bachellors,Management,1,2
3386,60000,4,0,Bachellors,Management,1,2
3387,60000,5,0,Bachellors,Management,1,3
3388,60000,5,0,Bachellors,Management,1,3
3389,70000,5,0,Bachellors,Management,1,2
3390,60000,2,1,Bachellors,Management,1,0
3391,60000,2,1,Bachellors,Management,0,0
3392,70000,4,1,Bachellors,Management,1,1
3393,70000,4,1,Bachellors,Management,1,1
3394,70000,4,1,Bachellors,Management,1,1
3395,70000,4,1,Bachellors,Management,1,1
3396,70000,4,1,Bachellors,Management,1,1
3397,60000,2,1,Partial College,Professional,1,1
3398,60000,2,1,Partial College,Professional,1,1
3399,60000,2,1,Partial College,Professional,1,1
3400,60000,2,1,Bachellors,Management,1,0
3401,70000,4,1,Bachellors,Management,1,2
3402,60000,2,1,Partial College,Professional,0,2
3403,60000,2,1,Partial College,Professional,1,2
3404,60000,2,1,Partial College,Professional,1,2
3405,60000,2,1,Partial College,Professional,1,2
3406,60000,2,1,Partial College,Professional,1,2
3407,60000,2,1,Partial College,Professional,1,1
3408,60000,2,1,Partial College,Professional,1,1
3409,70000,4,2,Partial College,Professional,1,1
3410,70000,4,2,Partial College,Professional,1,1
3411,70000,4,2,Partial College,Professional,1,1
3412,70000,2,1,High School,Professional,1,2
3413,70000,2,1,High School,Professional,1,2
3414,60000,2,1,Partial College,Professional,1,2
3415,60000,2,1,Partial College,Professional,0,2
3416,60000,2,1,Partial College,Professional,1,2
3417,60000,3,1,High School,Professional,1,2
3418,60000,3,1,High School,Professional,1,2
3419,60000,3,1,High School,Professional,1,2
3420,70000,4,2,Partial College,Professional,1,2
3421,70000,4,2,Partial College,Professional,1,2
3422,70000,5,2,Partial College,Professional,1,2
3423,130000,2,3,Bachellors,Management,0,4
3424,130000,2,3,Bachellors,Management,1,4
3425,110000,2,4,Partial College,Professional,1,3
3426,120000,2,4,High School,Professional,1,4
3427,130000,2,4,Partial College,Professional,1,2
3428,130000,3,4,Partial College,Professional,1,3
3429,130000,3,4,Partial College,Professional,0,3
3430,130000,3,4,Partial College,Professional,0,3
3431,90000,2,1,Partial College,Professional,1,0
3432,70000,3,0,Partial College,Professional,0,2
3433,90000,4,0,Graduate Degree,Management,1,1
3434,110000,1,2,Graduate Degree,Management,1,2
3435,110000,1,2,Graduate Degree,Management,1,2
3436,110000,1,2,Graduate Degree,Management,1,3
3437,90000,4,4,Partial College,Professional,1,3
3438,90000,5,5,Partial College,Professional,1,3
3439,100000,3,1,Bachellors,Management,1,4
3440,100000,4,1,Partial College,Professional,1,4
3441,100000,4,1,Partial College,Professional,1,4
3442,110000,2,2,Bachellors,Management,1,3
3443,120000,3,2,Partial College,Professional,1,4
3444,130000,1,1,Graduate Degree,Management,1,4
3445,130000,1,1,Graduate Degree,Management,1,4
3446,130000,1,1,Graduate Degree,Management,1,4
3447,80000,4,3,Bachellors,Management,1,0
3448,80000,4,3,Partial College,Professional,1,2
3449,90000,5,5,Partial College,Professional,1,3
3450,90000,0,0,Partial College,Professional,0,1
3451,130000,2,2,Graduate Degree,Management,1,2
3452,130000,2,2,Graduate Degree,Management,0,3
3453,70000,3,2,Partial College,Professional,1,0
3454,90000,2,1,Partial College,Professional,1,0
3455,100000,1,2,Graduate Degree,Management,1,1
3456,80000,4,3,Partial College,Professional,1,2
3457,90000,0,0,Partial College,Professional,0,2
3458,120000,4,3,Partial College,Professional,1,3
3459,80000,5,4,Partial College,Professional,1,2
3460,80000,5,4,Partial College,Professional,1,3
3461,100000,1,2,Partial College,Professional,1,3
3462,100000,1,2,Partial College,Professional,1,4
3463,110000,1,3,Bachellors,Management,1,2
3464,120000,1,3,Partial College,Professional,1,4
3465,130000,1,2,Bachellors,Management,1,4
3466,90000,4,3,High School,Professional,1,1
3467,90000,4,3,High School,Professional,1,1
3468,90000,4,3,High School,Professional,1,2
3469,90000,4,3,High School,Professional,1,2
3470,100000,3,2,Partial College,Professional,1,4
3471,130000,1,3,Bachellors,Management,1,3
3472,130000,1,3,Bachellors,Management,0,3
3473,130000,3,3,Bachellors,Management,1,3
3474,160000,1,2,Bachellors,Management,1,4
3475,60000,2,0,High School,Professional,0,2
3476,60000,2,0,High School,Professional,0,2
3477,60000,2,0,High School,Professional,0,2
3478,70000,4,3,High School,Professional,1,0
3479,80000,2,0,Partial High School,Skilled Manual,1,2
3480,170000,1,0,Graduate Degree,Management,0,4
3481,80000,5,4,Partial College,Professional,1,3
3482,90000,4,3,High School,Professional,1,3
3483,90000,4,3,High School,Professional,1,3
3484,90000,4,3,High School,Professional,1,3
3485,130000,4,3,Bachellors,Management,0,3
3486,160000,1,3,Partial College,Professional,1,2
3487,170000,1,1,Graduate Degree,Management,1,2
3488,60000,2,0,Partial High School,Skilled Manual,1,2
3489,70000,3,1,High School,Professional,1,1
3490,70000,3,0,Graduate Degree,Management,1,2
3491,70000,3,0,Graduate Degree,Management,1,2
3492,70000,3,0,Graduate Degree,Management,1,2
3493,70000,3,0,Graduate Degree,Management,1,2
3494,70000,3,0,Graduate Degree,Management,0,2
3495,60000,3,0,Graduate Degree,Management,1,2
3496,40000,3,0,Partial College,Professional,0,2
3497,40000,3,0,Partial College,Professional,0,2
3498,40000,3,0,Partial College,Professional,0,2
3499,70000,4,0,Graduate Degree,Management,1,2
3500,100000,2,3,Graduate Degree,Management,1,3
3501,130000,2,3,Bachellors,Management,0,4
3502,80000,4,0,Graduate Degree,Management,1,2
3503,90000,5,0,Bachellors,Management,1,2
3504,90000,5,0,Bachellors,Management,1,2
3505,110000,2,4,Graduate Degree,Management,1,0
3506,130000,2,3,Bachellors,Management,1,4
3507,90000,5,0,Bachellors,Management,0,2
3508,100000,2,3,Graduate Degree,Management,1,3
3509,100000,2,3,Graduate Degree,Management,1,3
3510,90000,4,4,Partial College,Skilled Manual,0,3
3511,100000,2,0,Bachellors,Management,1,2
3512,100000,2,0,Bachellors,Management,1,2
3513,100000,3,0,Bachellors,Management,1,3
3514,130000,1,0,Graduate Degree,Management,1,3
3515,30000,0,0,Partial College,Skilled Manual,1,1
3516,30000,0,0,Partial College,Skilled Manual,1,1
3517,10000,5,0,High School,Skilled Manual,1,3
3518,20000,3,0,High School,Skilled Manual,0,2
3519,10000,2,1,High School,Skilled Manual,1,2
3520,40000,0,0,Partial College,Skilled Manual,1,1
3521,40000,0,0,Partial College,Skilled Manual,0,1
3522,20000,4,0,High School,Skilled Manual,0,2
3523,20000,4,0,High School,Skilled Manual,1,2
3524,30000,2,0,Partial College,Clerical,0,2
3525,10000,0,0,Graduate Degree,Manual,1,0
3526,10000,0,0,Graduate Degree,Manual,1,0
3527,10000,1,0,Graduate Degree,Manual,1,0
3528,10000,1,0,Graduate Degree,Manual,1,0
3529,10000,1,0,Graduate Degree,Manual,1,0
3530,20000,1,0,Graduate Degree,Clerical,1,0
3531,20000,1,0,Graduate Degree,Clerical,1,0
3532,20000,1,0,Graduate Degree,Clerical,1,0
3533,20000,1,0,Graduate Degree,Clerical,1,0
3534,10000,1,0,Bachellors,Manual,1,0
3535,10000,1,0,Bachellors,Manual,1,0
3536,20000,1,0,Graduate Degree,Clerical,1,0
3537,20000,1,0,Graduate Degree,Clerical,1,0
3538,20000,1,0,Graduate Degree,Clerical,1,0
3539,30000,4,0,Graduate Degree,Clerical,1,0
3540,30000,4,0,Graduate Degree,Clerical,1,0
3541,10000,1,0,Bachellors,Manual,1,0
3542,20000,1,0,Graduate Degree,Clerical,1,0
3543,10000,1,0,Bachellors,Clerical,1,0
3544,10000,1,0,Partial College,Manual,1,0
3545,10000,1,0,Partial College,Manual,1,0
3546,10000,2,0,Partial College,Manual,1,0
3547,10000,2,0,Partial College,Manual,1,0
3548,10000,2,0,Partial College,Manual,1,0
3549,10000,2,0,Partial College,Manual,1,0
3550,10000,2,0,Partial College,Manual,1,1
3551,10000,2,0,Bachellors,Clerical,1,1
3552,20000,1,0,Bachellors,Clerical,1,0
3553,20000,1,0,Bachellors,Clerical,1,0
3554,20000,1,0,Bachellors,Clerical,1,0
3555,20000,1,0,Bachellors,Clerical,1,0
3556,10000,2,0,Partial College,Manual,1,1
3557,10000,3,0,Partial College,Manual,1,1
3558,10000,0,0,Partial College,Manual,1,1
3559,50000,1,1,Bachellors,Skilled Manual,1,0
3560,50000,1,1,Bachellors,Skilled Manual,1,0
3561,50000,1,1,Bachellors,Skilled Manual,1,1
3562,50000,1,1,Bachellors,Skilled Manual,1,1
3563,50000,1,1,Bachellors,Skilled Manual,1,1
3564,50000,1,1,Bachellors,Skilled Manual,1,1
3565,50000,1,1,Bachellors,Skilled Manual,1,1
3566,50000,2,2,Bachellors,Skilled Manual,1,0
3567,60000,1,0,Graduate Degree,Professional,1,0
3568,60000,1,0,Graduate Degree,Professional,1,0
3569,60000,1,0,Graduate Degree,Professional,1,0
3570,60000,1,0,Graduate Degree,Professional,1,0
3571,60000,1,0,Graduate Degree,Professional,1,0
3572,60000,1,0,Graduate Degree,Professional,1,0
3573,70000,3,0,Graduate Degree,Professional,1,0
3574,60000,1,0,Graduate Degree,Professional,1,0
3575,60000,1,0,Graduate Degree,Professional,1,0
3576,60000,1,0,Graduate Degree,Professional,1,0
3577,60000,2,2,Bachellors,Skilled Manual,0,0
3578,60000,2,2,Bachellors,Skilled Manual,1,0
3579,60000,2,2,Bachellors,Skilled Manual,1,0
3580,60000,2,2,Bachellors,Skilled Manual,1,1
3581,40000,0,0,Bachellors,Professional,0,1
3582,40000,0,0,Bachellors,Professional,0,1
3583,60000,1,0,Graduate Degree,Professional,1,0
3584,60000,2,0,Graduate Degree,Professional,1,0
3585,80000,2,0,Graduate Degree,Professional,1,0
3586,80000,2,0,Graduate Degree,Professional,1,0
3587,70000,2,2,Bachellors,Skilled Manual,1,1
3588,50000,2,2,Bachellors,Skilled Manual,1,1
3589,50000,2,2,Bachellors,Skilled Manual,1,1
3590,60000,3,3,Bachellors,Skilled Manual,0,0
3591,60000,3,3,Bachellors,Skilled Manual,1,1
3592,60000,0,0,Graduate Degree,Professional,1,0
3593,60000,0,0,Graduate Degree,Professional,1,0
3594,60000,0,0,Graduate Degree,Professional,1,0
3595,60000,0,0,Graduate Degree,Professional,1,0
3596,60000,0,0,Graduate Degree,Professional,1,0
3597,70000,4,0,Graduate Degree,Professional,1,0
3598,70000,4,0,Graduate Degree,Professional,1,0
3599,70000,5,0,Graduate Degree,Professional,1,0
3600,70000,5,0,Graduate Degree,Professional,1,0
3601,70000,5,5,Graduate Degree,Professional,1,2
3602,80000,2,0,Graduate Degree,Professional,1,0
3603,80000,3,0,Graduate Degree,Professional,1,0
3604,80000,3,3,Bachellors,Skilled Manual,1,2
3605,80000,3,3,Bachellors,Skilled Manual,1,3
3606,80000,4,4,Bachellors,Skilled Manual,0,1
3607,80000,4,4,Bachellors,Skilled Manual,0,2
3608,50000,4,4,Bachellors,Skilled Manual,1,2
3609,50000,4,4,Bachellors,Skilled Manual,1,3
3610,50000,5,5,Bachellors,Skilled Manual,1,2
3611,50000,5,5,Bachellors,Skilled Manual,1,3
3612,50000,4,2,Bachellors,Skilled Manual,1,2
3613,60000,4,2,Bachellors,Professional,1,2
3614,60000,4,2,Bachellors,Professional,1,2
3615,60000,0,0,Bachellors,Professional,0,1
3616,60000,0,0,Bachellors,Professional,0,1
3617,60000,0,0,Bachellors,Professional,1,1
3618,60000,0,0,Bachellors,Professional,0,1
3619,60000,3,2,Graduate Degree,Professional,1,0
3620,60000,3,2,Graduate Degree,Professional,1,0
3621,60000,3,2,Graduate Degree,Professional,1,0
3622,70000,1,0,Bachellors,Professional,1,1
3623,70000,1,0,Partial College,Skilled Manual,1,1
3624,70000,1,0,Partial College,Skilled Manual,1,1
3625,70000,1,0,Partial College,Skilled Manual,1,1
3626,70000,1,0,Partial College,Skilled Manual,1,1
3627,40000,4,3,High School,Skilled Manual,1,3
3628,60000,1,0,Partial College,Skilled Manual,1,1
3629,60000,1,0,Partial College,Skilled Manual,0,1
3630,60000,1,0,Partial College,Skilled Manual,1,1
3631,60000,1,0,Partial College,Skilled Manual,1,1
3632,60000,1,0,Partial College,Skilled Manual,1,1
3633,60000,1,0,Partial College,Skilled Manual,1,1
3634,60000,1,0,Partial College,Skilled Manual,1,1
3635,60000,1,0,Partial College,Skilled Manual,1,1
3636,40000,4,2,High School,Skilled Manual,1,2
3637,40000,4,2,High School,Skilled Manual,1,2
3638,40000,4,2,High School,Skilled Manual,0,3
3639,40000,0,0,Bachellors,Professional,0,1
3640,60000,1,0,Partial College,Skilled Manual,1,1
3641,50000,0,0,Partial College,Skilled Manual,1,1
3642,50000,0,0,Partial College,Skilled Manual,0,1
3643,50000,0,0,Partial College,Skilled Manual,0,1
3644,50000,0,0,Partial College,Skilled Manual,1,1
3645,50000,0,0,Partial College,Skilled Manual,0,1
3646,60000,0,0,Graduate Degree,Professional,0,1
3647,60000,0,0,Graduate Degree,Professional,0,1
3648,60000,0,0,Graduate Degree,Professional,0,1
3649,90000,5,0,Graduate Degree,Professional,1,0
3650,60000,1,0,Partial College,Skilled Manual,1,1
3651,60000,1,0,Partial College,Skilled Manual,1,1
3652,60000,1,0,Partial College,Skilled Manual,1,1
3653,60000,1,0,Partial College,Skilled Manual,1,1
3654,60000,1,0,Partial College,Skilled Manual,1,1
3655,60000,4,3,Bachellors,Professional,1,0
3656,70000,5,5,Graduate Degree,Professional,1,3
3657,80000,1,0,Graduate Degree,Professional,1,0
3658,80000,1,0,Partial College,Skilled Manual,0,1
3659,60000,1,0,Bachellors,Professional,1,1
3660,60000,1,0,Bachellors,Professional,1,1
3661,60000,1,0,Bachellors,Professional,1,1
3662,60000,1,0,Bachellors,Professional,1,1
3663,60000,1,0,Bachellors,Professional,1,1
3664,70000,5,4,Bachellors,Professional,1,2
3665,80000,5,4,Graduate Degree,Management,1,0
3666,80000,4,4,Graduate Degree,Management,1,1
3667,90000,1,0,Graduate Degree,Management,0,0
3668,80000,4,4,Graduate Degree,Management,1,1
3669,80000,4,4,Graduate Degree,Management,1,1
3670,80000,4,4,Graduate Degree,Management,1,1
3671,60000,2,2,Bachellors,Professional,1,1
3672,60000,2,2,Bachellors,Professional,1,1
3673,110000,1,0,Graduate Degree,Management,1,0
3674,110000,1,0,Graduate Degree,Management,1,1
3675,70000,5,5,Bachellors,Professional,1,4
3676,70000,5,5,Bachellors,Professional,0,4
3677,70000,5,5,Bachellors,Professional,1,4
3678,80000,5,5,Graduate Degree,Management,1,3
3679,80000,5,5,Graduate Degree,Management,1,3
3680,80000,5,5,Bachellors,Professional,1,3
3681,80000,5,5,Bachellors,Professional,1,3
3682,70000,0,0,Bachellors,Professional,0,1
3683,70000,0,0,Bachellors,Professional,0,1
3684,60000,3,3,Bachellors,Professional,1,2
3685,60000,3,3,Bachellors,Professional,1,2
3686,60000,3,2,Bachellors,Professional,0,2
3687,60000,3,2,Bachellors,Professional,1,2
3688,30000,0,0,Partial College,Clerical,1,1
3689,20000,0,0,Partial High School,Manual,0,2
3690,20000,0,0,Partial High School,Manual,0,2
3691,20000,0,0,Partial High School,Manual,0,2
3692,30000,0,0,Partial College,Clerical,0,1
3693,30000,0,0,Partial College,Clerical,0,1
3694,30000,0,0,High School,Manual,0,1
3695,30000,0,0,High School,Manual,1,1
3696,10000,0,0,Partial High School,Manual,0,2
3697,10000,0,0,Partial High School,Manual,0,2
3698,20000,0,0,Partial High School,Manual,0,2
3699,40000,1,1,Bachellors,Skilled Manual,1,1
3700,40000,1,1,Bachellors,Skilled Manual,1,1
3701,40000,1,1,Bachellors,Skilled Manual,1,1
3702,20000,0,0,Partial High School,Manual,0,2
3703,30000,0,0,High School,Manual,0,1
3704,30000,0,0,High School,Manual,0,1
3705,10000,0,0,Partial High School,Manual,0,2
3706,40000,2,2,Partial College,Clerical,1,0
3707,40000,2,2,Partial College,Clerical,1,0
3708,10000,0,0,Partial High School,Manual,0,2
3709,20000,0,0,Partial High School,Manual,0,2
3710,30000,0,0,High School,Manual,0,1
3711,30000,0,0,High School,Manual,0,1
3712,30000,0,0,High School,Manual,1,1
3713,30000,0,0,High School,Manual,0,1
3714,40000,2,2,Partial College,Clerical,1,0
3715,40000,2,2,Partial College,Clerical,1,0
3716,40000,2,2,Partial College,Clerical,0,0
3717,40000,2,2,Partial College,Clerical,1,1
3718,40000,2,2,Partial College,Clerical,1,1
3719,40000,2,2,Partial College,Clerical,1,1
3720,40000,2,2,Partial College,Clerical,0,2
3721,40000,3,3,Partial College,Clerical,1,0
3722,40000,3,3,Partial College,Clerical,1,1
3723,40000,3,3,Partial College,Clerical,1,2
3724,40000,4,4,Partial College,Clerical,1,0
3725,60000,0,0,Graduate Degree,Skilled Manual,1,0
3726,60000,0,0,Graduate Degree,Skilled Manual,1,0
3727,60000,0,0,Graduate Degree,Skilled Manual,0,0
3728,60000,0,0,Graduate Degree,Skilled Manual,1,0
3729,60000,0,0,Graduate Degree,Skilled Manual,1,0
3730,60000,0,0,Graduate Degree,Skilled Manual,1,0
3731,20000,2,0,High School,Manual,0,2
3732,30000,1,0,Bachellors,Skilled Manual,1,1
3733,30000,1,0,Bachellors,Skilled Manual,1,1
3734,30000,1,0,Bachellors,Skilled Manual,1,1
3735,30000,1,0,Bachellors,Skilled Manual,1,1
3736,30000,1,0,Partial College,Clerical,1,1
3737,20000,3,0,Partial High School,Manual,0,2
3738,20000,3,0,Partial High School,Clerical,1,2
3739,40000,1,0,Partial College,Clerical,1,1
3740,40000,1,0,Partial College,Clerical,1,1
3741,40000,1,0,Partial College,Clerical,1,1
3742,40000,1,0,Partial College,Clerical,1,1
3743,40000,1,0,Partial College,Clerical,1,1
3744,40000,1,0,Partial College,Clerical,1,1
3745,40000,1,0,Partial College,Clerical,1,1
3746,40000,1,0,Partial College,Clerical,1,1
3747,40000,1,0,Partial College,Clerical,1,1
3748,40000,1,0,Partial College,Clerical,1,1
3749,40000,1,0,Partial College,Clerical,1,1
3750,40000,1,0,Partial College,Clerical,1,1
3751,40000,1,0,Partial College,Clerical,1,1
3752,40000,1,0,Partial College,Clerical,1,1
3753,40000,1,0,Partial College,Clerical,1,1
3754,40000,1,0,Partial College,Clerical,1,1
3755,40000,1,0,Partial College,Clerical,1,1
3756,40000,1,0,Partial College,Clerical,1,1
3757,40000,1,0,Partial College,Clerical,1,1
3758,40000,1,0,Partial College,Clerical,1,1
3759,80000,4,0,Graduate Degree,Skilled Manual,1,0
3760,80000,4,0,Graduate Degree,Skilled Manual,1,0
3761,80000,4,0,Graduate Degree,Skilled Manual,1,0
3762,80000,4,0,Graduate Degree,Skilled Manual,1,0
3763,80000,4,0,Graduate Degree,Skilled Manual,1,0
3764,80000,4,0,Graduate Degree,Skilled Manual,1,0
3765,60000,4,0,Graduate Degree,Skilled Manual,1,0
3766,60000,4,0,Graduate Degree,Skilled Manual,1,0
3767,20000,1,1,Partial College,Manual,0,0
3768,20000,1,1,Partial College,Manual,0,0
3769,10000,4,0,Partial College,Manual,0,2
3770,30000,1,0,Bachellors,Clerical,1,0
3771,30000,1,0,Bachellors,Clerical,1,0
3772,30000,1,0,Bachellors,Clerical,1,0
3773,30000,1,0,Bachellors,Clerical,1,0
3774,40000,0,0,Graduate Degree,Clerical,1,0
3775,40000,0,0,Graduate Degree,Clerical,1,0
3776,40000,0,0,Graduate Degree,Clerical,1,0
3777,40000,0,0,Graduate Degree,Clerical,1,0
3778,40000,0,0,Bachellors,Clerical,1,0
3779,10000,3,3,Partial High School,Manual,1,1
3780,10000,3,3,Partial High School,Manual,1,1
3781,10000,4,4,Partial High School,Manual,1,0
3782,20000,1,1,Partial College,Manual,0,1
3783,20000,1,1,Partial College,Manual,0,1
3784,20000,1,1,Partial College,Manual,0,1
3785,30000,1,1,Bachellors,Clerical,0,0
3786,30000,1,1,Bachellors,Clerical,0,1
3787,30000,1,1,Bachellors,Clerical,1,1
3788,20000,1,1,High School,Manual,0,1
3789,20000,1,1,High School,Manual,0,1
3790,20000,2,2,High School,Manual,1,0
3791,40000,0,0,Bachellors,Clerical,1,0
3792,40000,0,0,Bachellors,Clerical,1,0
3793,40000,0,0,Bachellors,Clerical,1,0
3794,40000,0,0,Bachellors,Clerical,1,0
3795,40000,0,0,Bachellors,Clerical,1,0
3796,30000,1,1,Bachellors,Skilled Manual,1,2
3797,10000,4,3,Partial High School,Manual,1,2
3798,10000,4,3,Partial High School,Manual,1,2
3799,10000,4,3,Partial High School,Manual,1,2
3800,20000,2,2,High School,Manual,1,0
3801,30000,1,1,Bachellors,Skilled Manual,1,2
3802,10000,3,2,Partial High School,Manual,0,2
3803,20000,2,2,High School,Manual,1,2
3804,20000,3,3,High School,Manual,1,1
3805,10000,3,2,Partial High School,Manual,1,2
3806,10000,3,2,Partial High School,Manual,1,2
3807,10000,3,2,Partial High School,Manual,1,2
3808,10000,4,2,Partial High School,Manual,1,2
3809,10000,4,2,Partial High School,Manual,1,2
3810,20000,3,3,High School,Manual,1,2
3811,40000,0,0,Bachellors,Professional,1,0
3812,40000,0,0,Bachellors,Professional,1,0
3813,40000,0,0,Bachellors,Professional,1,0
3814,20000,4,4,High School,Manual,1,1
3815,30000,2,2,Partial College,Clerical,1,0
3816,40000,1,0,Bachellors,Skilled Manual,1,0
3817,40000,1,0,Bachellors,Skilled Manual,1,0
3818,40000,1,0,Bachellors,Skilled Manual,1,0
3819,30000,2,2,Partial College,Clerical,1,2
3820,30000,2,2,Partial College,Clerical,0,2
3821,40000,1,0,Bachellors,Skilled Manual,1,0
3822,40000,1,0,Bachellors,Skilled Manual,1,0
3823,30000,3,3,Partial College,Clerical,1,0
3824,30000,3,3,Partial College,Clerical,1,0
3825,30000,3,3,Partial College,Clerical,1,1
3826,20000,0,0,High School,Manual,0,1
3827,20000,4,4,High School,Manual,0,2
3828,30000,3,3,Partial College,Clerical,1,1
3829,30000,3,3,Partial College,Clerical,1,1
3830,30000,3,3,Partial College,Clerical,1,2
3831,40000,1,0,Bachellors,Skilled Manual,1,0
3832,40000,1,0,Bachellors,Skilled Manual,1,0
3833,40000,1,0,Bachellors,Skilled Manual,1,0
3834,30000,1,0,Partial College,Clerical,1,1
3835,30000,4,4,Partial College,Clerical,1,1
3836,30000,4,4,Partial College,Clerical,1,1
3837,30000,4,4,Partial College,Clerical,0,2
3838,30000,0,0,Partial College,Clerical,1,1
3839,30000,0,0,Partial College,Clerical,0,1
3840,30000,0,0,Partial College,Clerical,0,1
3841,30000,0,0,Partial College,Clerical,0,1
3842,20000,2,0,Partial High School,Manual,1,1
3843,20000,0,0,High School,Manual,0,1
3844,20000,0,0,High School,Manual,0,1
3845,20000,0,0,Partial High School,Manual,0,1
3846,10000,0,0,Partial High School,Manual,0,2
3847,20000,0,0,Partial High School,Manual,1,2
3848,20000,0,0,Partial High School,Manual,0,2
3849,30000,0,0,Partial College,Clerical,0,1
3850,30000,0,0,Partial College,Clerical,0,1
3851,10000,0,0,Partial High School,Manual,0,2
3852,20000,0,0,Partial High School,Manual,1,2
3853,60000,0,0,Partial College,Skilled Manual,0,2
3854,20000,2,1,High School,Skilled Manual,1,2
3855,20000,2,1,Partial High School,Clerical,1,2
3856,30000,3,0,Partial College,Clerical,1,2
3857,40000,0,0,Partial High School,Clerical,1,2
3858,20000,2,1,Partial High School,Clerical,1,2
3859,30000,3,0,High School,Skilled Manual,0,2
3860,30000,3,0,High School,Skilled Manual,0,2
3861,40000,2,0,Partial College,Skilled Manual,0,2
3862,40000,2,2,Partial College,Clerical,1,1
3863,40000,2,2,Partial College,Clerical,1,2
3864,40000,2,2,Partial College,Clerical,1,2
3865,40000,2,2,Partial College,Clerical,1,2
3866,40000,2,2,Partial College,Clerical,1,2
3867,40000,2,2,Partial College,Clerical,1,2
3868,40000,3,3,Partial College,Clerical,1,0
3869,40000,3,3,Partial College,Clerical,1,0
3870,40000,3,3,Partial College,Clerical,1,1
3871,40000,3,3,Partial College,Clerical,1,2
3872,40000,3,3,Partial College,Clerical,1,2
3873,30000,0,0,Graduate Degree,Skilled Manual,1,0
3874,30000,0,0,Graduate Degree,Skilled Manual,1,0
3875,40000,3,3,Partial College,Clerical,1,2
3876,40000,3,3,Partial College,Clerical,1,2
3877,40000,1,0,Graduate Degree,Skilled Manual,1,1
3878,60000,0,0,Graduate Degree,Skilled Manual,0,0
3879,60000,0,0,Graduate Degree,Skilled Manual,0,0
3880,60000,0,0,Graduate Degree,Skilled Manual,1,0
3881,30000,1,0,Bachellors,Skilled Manual,1,1
3882,30000,1,0,Bachellors,Skilled Manual,1,1
3883,30000,1,0,Bachellors,Skilled Manual,1,1
3884,30000,1,0,Bachellors,Skilled Manual,1,1
3885,30000,1,0,Bachellors,Skilled Manual,1,1
3886,20000,3,0,Partial High School,Manual,0,2
3887,20000,3,0,Partial High School,Manual,1,2
3888,30000,1,0,High School,Clerical,1,1
3889,30000,1,0,High School,Clerical,1,1
3890,30000,1,0,High School,Clerical,1,1
3891,30000,1,0,High School,Clerical,1,1
3892,40000,1,0,Partial College,Clerical,1,1
3893,40000,1,0,Partial College,Clerical,1,1
3894,40000,1,0,Partial College,Clerical,1,1
3895,40000,1,0,Partial College,Clerical,1,1
3896,40000,1,0,Partial College,Clerical,1,1
3897,40000,1,0,Partial College,Clerical,1,1
3898,40000,1,0,Partial College,Clerical,1,1
3899,40000,1,0,Partial College,Clerical,1,1
3900,40000,1,0,Partial College,Clerical,1,1
3901,40000,1,0,Partial College,Clerical,1,1
3902,40000,1,0,Partial College,Clerical,1,1
3903,40000,1,0,Partial College,Clerical,1,1
3904,40000,1,0,Partial College,Clerical,1,1
3905,40000,1,0,Partial College,Clerical,1,1
3906,40000,1,0,Partial College,Clerical,1,1
3907,40000,1,0,Partial College,Clerical,1,1
3908,40000,1,0,Partial College,Clerical,1,1
3909,40000,1,0,Partial College,Clerical,1,1
3910,40000,1,0,Partial College,Clerical,1,1
3911,40000,1,0,Partial College,Clerical,1,1
3912,40000,1,0,Partial College,Clerical,1,1
3913,40000,1,0,Partial College,Clerical,1,1
3914,40000,1,0,Partial College,Clerical,1,1
3915,40000,1,0,Partial College,Clerical,1,1
3916,40000,1,0,Partial College,Clerical,1,1
3917,80000,4,0,Graduate Degree,Skilled Manual,1,0
3918,80000,4,0,Graduate Degree,Skilled Manual,1,0
3919,80000,4,0,Graduate Degree,Skilled Manual,1,0
3920,80000,4,0,Graduate Degree,Skilled Manual,1,0
3921,60000,4,0,Graduate Degree,Skilled Manual,1,0
3922,60000,4,0,Graduate Degree,Skilled Manual,0,0
3923,60000,4,0,Graduate Degree,Skilled Manual,0,0
3924,20000,1,1,Partial College,Manual,0,0
3925,20000,1,1,Partial College,Manual,1,1
3926,30000,1,0,Bachellors,Clerical,1,0
3927,30000,1,0,Bachellors,Clerical,1,0
3928,30000,1,0,Bachellors,Clerical,1,0
3929,30000,1,0,Bachellors,Clerical,1,0
3930,30000,1,1,Bachellors,Clerical,1,0
3931,30000,1,1,Bachellors,Clerical,0,0
3932,40000,0,0,Graduate Degree,Clerical,1,0
3933,20000,1,1,Partial College,Manual,1,1
3934,20000,1,1,Partial College,Manual,1,1
3935,30000,1,1,Bachellors,Clerical,0,0
3936,30000,1,1,Bachellors,Clerical,0,0
3937,30000,1,1,Bachellors,Clerical,0,1
3938,10000,4,4,Partial High School,Manual,1,1
3939,20000,1,1,High School,Manual,0,1
3940,40000,0,0,Bachellors,Clerical,1,0
3941,40000,0,0,Bachellors,Clerical,0,0
3942,20000,2,2,High School,Manual,1,0
3943,30000,1,1,Bachellors,Clerical,0,1
3944,30000,1,1,Bachellors,Clerical,1,1
3945,10000,5,3,Partial High School,Manual,1,2
3946,10000,5,3,Partial High School,Manual,1,2
3947,20000,2,2,High School,Manual,1,1
3948,20000,2,2,High School,Manual,1,1
3949,30000,1,1,Bachellors,Skilled Manual,1,2
3950,30000,1,1,Bachellors,Skilled Manual,1,2
3951,10000,3,2,Partial High School,Manual,1,2
3952,30000,1,1,Bachellors,Skilled Manual,1,2
3953,30000,1,1,Bachellors,Skilled Manual,1,2
3954,10000,3,2,Partial High School,Manual,1,2
3955,10000,3,2,Partial High School,Manual,1,2
3956,20000,3,3,High School,Manual,0,1
3957,20000,4,4,High School,Manual,1,0
3958,20000,4,4,High School,Manual,1,1
3959,40000,0,0,Bachellors,Professional,1,0
3960,30000,2,2,Partial College,Clerical,1,0
3961,30000,2,2,Partial College,Clerical,1,1
3962,40000,1,0,Bachellors,Skilled Manual,1,0
3963,40000,1,0,Bachellors,Skilled Manual,1,0
3964,40000,1,0,Bachellors,Skilled Manual,1,0
3965,40000,1,0,Bachellors,Skilled Manual,1,0
3966,30000,2,2,Partial College,Clerical,0,2
3967,30000,2,2,Partial College,Clerical,1,2
3968,30000,2,2,Partial College,Clerical,1,2
3969,40000,1,0,Bachellors,Skilled Manual,1,0
3970,30000,3,3,Partial College,Clerical,1,0
3971,20000,0,0,High School,Manual,0,1
3972,20000,4,4,High School,Manual,0,2
3973,30000,3,3,Partial College,Clerical,1,1
3974,30000,3,3,Partial College,Clerical,1,1
3975,30000,3,3,Partial College,Clerical,1,2
3976,40000,1,0,Bachellors,Skilled Manual,1,0
3977,40000,1,0,Bachellors,Skilled Manual,1,1
3978,30000,3,3,Partial College,Clerical,1,2
3979,30000,4,4,Partial College,Clerical,1,1
3980,30000,4,4,Partial College,Clerical,1,1
3981,30000,4,4,Partial College,Clerical,1,2
3982,30000,4,4,Partial College,Clerical,1,3
3983,30000,4,4,Partial College,Clerical,0,3
3984,30000,4,4,Partial College,Clerical,1,3
3985,30000,5,5,Partial College,Clerical,1,1
3986,20000,0,0,High School,Manual,0,1
3987,20000,0,0,High School,Manual,0,1
3988,20000,0,0,High School,Manual,0,1
3989,10000,0,0,Partial High School,Manual,1,2
3990,20000,0,0,High School,Manual,0,1
3991,30000,0,0,Partial College,Clerical,0,1
3992,30000,0,0,Partial College,Clerical,0,1
3993,20000,2,0,Partial High School,Manual,1,1
3994,20000,0,0,Partial High School,Manual,1,1
3995,20000,0,0,Partial High School,Manual,0,1
3996,20000,0,0,Partial High School,Manual,0,2
3997,30000,0,0,Partial College,Clerical,0,1
3998,30000,0,0,Partial College,Clerical,0,1
3999,20000,0,0,Partial High School,Manual,0,2
4000,10000,0,0,Partial High School,Manual,1,2
4001,10000,0,0,Partial High School,Manual,0,2
4002,10000,0,0,Partial High School,Manual,0,2
4003,20000,0,0,Partial High School,Manual,0,2
4004,20000,0,0,Partial High School,Manual,0,2
4005,20000,0,0,Partial High School,Manual,1,2
4006,60000,0,0,Partial College,Skilled Manual,0,2
4007,70000,0,0,Partial College,Skilled Manual,1,2
4008,40000,0,0,Partial High School,Clerical,0,2
4009,40000,0,0,Partial High School,Clerical,0,2
4010,30000,0,0,Partial College,Skilled Manual,1,2
4011,30000,0,0,Partial College,Skilled Manual,1,2
4012,60000,0,0,Partial College,Skilled Manual,1,2
4013,60000,0,0,Partial College,Skilled Manual,1,2
4014,60000,0,0,Partial College,Skilled Manual,0,2
4015,30000,3,0,Partial College,Clerical,0,2
4016,30000,3,0,Partial College,Clerical,0,2
4017,40000,0,0,Partial High School,Clerical,0,2
4018,20000,0,0,Partial College,Skilled Manual,0,2
4019,30000,3,0,High School,Skilled Manual,0,2
4020,30000,3,0,High School,Skilled Manual,1,2
4021,30000,3,0,High School,Skilled Manual,0,2
4022,30000,3,0,High School,Skilled Manual,0,2
4023,40000,2,0,Partial College,Clerical,0,2
4024,70000,0,0,Partial College,Skilled Manual,1,2
4025,30000,3,0,High School,Skilled Manual,1,2
4026,40000,2,0,Partial College,Clerical,1,2
4027,40000,2,0,Partial College,Clerical,1,2
4028,40000,3,0,Partial College,Skilled Manual,1,2
4029,10000,0,0,Partial College,Manual,0,1
4030,10000,0,0,Partial College,Manual,1,1
4031,20000,0,0,Bachellors,Clerical,1,0
4032,10000,0,0,High School,Manual,1,1
4033,10000,1,1,High School,Manual,0,0
4034,10000,1,1,High School,Manual,0,0
4035,10000,1,1,High School,Manual,0,0
4036,10000,1,1,High School,Manual,0,0
4037,20000,0,0,Bachellors,Clerical,1,0
4038,20000,0,0,Bachellors,Clerical,1,0
4039,20000,0,0,Bachellors,Clerical,1,0
4040,10000,1,1,High School,Manual,0,0
4041,10000,1,1,High School,Manual,1,0
4042,10000,1,1,High School,Manual,1,0
4043,20000,0,0,Partial College,Manual,0,0
4044,20000,0,0,Partial College,Manual,1,0
4045,20000,0,0,Partial College,Manual,1,0
4046,20000,2,0,Partial College,Manual,1,0
4047,40000,1,0,Graduate Degree,Clerical,1,0
4048,30000,3,0,Graduate Degree,Clerical,1,0
4049,30000,3,0,Graduate Degree,Clerical,1,0
4050,10000,1,1,High School,Manual,0,1
4051,20000,1,1,Partial College,Manual,0,0
4052,20000,1,1,Partial College,Manual,0,0
4053,20000,1,1,Partial College,Manual,1,0
4054,10000,1,1,High School,Manual,0,1
4055,20000,2,0,Partial College,Manual,1,1
4056,20000,2,0,Partial College,Manual,1,1
4057,20000,2,0,Partial College,Manual,1,1
4058,20000,2,0,Partial College,Manual,1,1
4059,30000,3,0,Graduate Degree,Clerical,1,0
4060,30000,3,0,Graduate Degree,Clerical,1,0
4061,20000,2,0,Partial College,Manual,1,1
4062,30000,3,0,Graduate Degree,Clerical,1,0
4063,30000,3,0,Graduate Degree,Clerical,1,0
4064,30000,3,0,Bachellors,Clerical,1,0
4065,30000,3,0,Bachellors,Clerical,1,0
4066,10000,1,1,High School,Manual,0,1
4067,10000,1,1,High School,Manual,1,1
4068,10000,2,2,High School,Manual,1,0
4069,20000,0,0,Partial College,Manual,0,1
4070,20000,0,0,Partial College,Manual,1,1
4071,10000,2,2,High School,Manual,1,0
4072,30000,0,0,Bachellors,Clerical,1,0
4073,30000,0,0,Bachellors,Clerical,1,0
4074,30000,0,0,Bachellors,Clerical,1,0
4075,10000,3,0,Bachellors,Clerical,0,2
4076,10000,3,0,Bachellors,Clerical,0,2
4077,20000,0,0,Partial College,Manual,0,1
4078,30000,0,0,Bachellors,Clerical,1,0
4079,30000,0,0,Bachellors,Clerical,0,0
4080,30000,0,0,Bachellors,Clerical,1,0
4081,40000,0,0,Graduate Degree,Clerical,1,0
4082,40000,0,0,Graduate Degree,Clerical,1,0
4083,40000,0,0,Graduate Degree,Clerical,1,0
4084,40000,0,0,Graduate Degree,Clerical,1,0
4085,40000,0,0,Graduate Degree,Clerical,1,0
4086,40000,0,0,Graduate Degree,Clerical,1,0
4087,50000,0,0,Graduate Degree,Skilled Manual,1,0
4088,50000,0,0,Graduate Degree,Skilled Manual,0,0
4089,50000,0,0,Graduate Degree,Skilled Manual,1,0
4090,50000,0,0,Graduate Degree,Skilled Manual,1,0
4091,10000,2,1,High School,Manual,1,2
4092,20000,1,1,Partial College,Manual,1,0
4093,80000,3,2,Partial College,Professional,1,1
4094,70000,5,1,High School,Professional,1,2
4095,70000,5,1,High School,Professional,1,2
4096,70000,5,1,High School,Professional,0,2
4097,80000,5,0,Bachellors,Management,1,2
4098,110000,3,4,Bachellors,Management,1,4
4099,80000,5,0,Partial College,Professional,0,2
4100,80000,5,0,Partial College,Professional,1,2
4101,110000,3,4,Bachellors,Management,0,4
4102,120000,4,5,Bachellors,Management,1,1
4103,130000,4,4,Partial College,Professional,1,4
4104,80000,4,2,Partial College,Professional,1,2
4105,80000,4,2,Partial College,Professional,1,2
4106,100000,3,4,High School,Professional,1,3
4107,170000,3,4,High School,Professional,1,4
4108,90000,4,2,Partial College,Professional,1,2
4109,130000,4,5,Partial College,Professional,1,2
4110,80000,4,1,High School,Professional,1,2
4111,100000,3,4,Partial College,Professional,1,4
4112,80000,4,1,High School,Professional,1,3
4113,80000,4,1,High School,Professional,1,3
4114,80000,5,2,High School,Professional,1,2
4115,110000,4,5,Partial College,Professional,1,2
4116,90000,4,1,High School,Management,1,3
4117,100000,3,4,Partial College,Management,0,4
4118,100000,3,4,Partial College,Management,1,4
4119,170000,5,5,High School,Management,1,4
4120,120000,5,5,Partial High School,Professional,1,4
4121,70000,0,0,Bachellors,Professional,1,2
4122,70000,0,0,Bachellors,Professional,0,3
4123,70000,0,0,Bachellors,Professional,1,3
4124,70000,0,0,Bachellors,Professional,1,3
4125,60000,0,0,Bachellors,Professional,1,4
4126,80000,0,0,Bachellors,Professional,0,3
4127,80000,0,0,Bachellors,Professional,1,3
4128,90000,0,0,Bachellors,Professional,0,2
4129,70000,0,0,Bachellors,Professional,0,4
4130,90000,0,0,Bachellors,Professional,0,3
4131,90000,0,0,Bachellors,Professional,0,3
4132,80000,0,0,Bachellors,Professional,1,3
4133,100000,0,5,High School,Management,1,2
4134,120000,5,5,Partial High School,Professional,1,4
4135,90000,0,0,Bachellors,Professional,1,3
4136,90000,0,0,Bachellors,Professional,0,3
4137,100000,0,5,High School,Management,0,3
4138,100000,0,5,High School,Management,1,3
4139,100000,0,5,High School,Management,1,3
4140,80000,0,0,Bachellors,Professional,0,4
4141,80000,0,0,Bachellors,Professional,0,4
4142,80000,0,0,Bachellors,Professional,1,4
4143,130000,4,5,High School,Management,1,4
4144,90000,0,0,Bachellors,Professional,1,4
4145,90000,0,0,Bachellors,Professional,1,4
4146,90000,0,0,Bachellors,Professional,1,4
4147,100000,0,5,High School,Management,1,4
4148,100000,0,5,High School,Management,1,4
4149,90000,0,0,Bachellors,Professional,1,4
4150,90000,0,0,Bachellors,Professional,0,4
4151,110000,0,5,High School,Management,0,4
4152,110000,0,5,Partial High School,Professional,1,4
4153,110000,0,5,Partial High School,Professional,1,4
4154,110000,0,5,Partial High School,Professional,0,4
4155,130000,0,5,Partial High School,Management,1,4
4156,70000,5,0,Graduate Degree,Management,1,2
4157,90000,5,0,Bachellors,Management,1,2
4158,100000,2,3,Graduate Degree,Management,1,3
4159,100000,2,3,Graduate Degree,Management,1,3
4160,100000,2,3,Graduate Degree,Management,1,3
4161,80000,5,0,Bachellors,Management,1,2
4162,90000,5,0,Bachellors,Management,1,2
4163,100000,2,3,Graduate Degree,Management,1,3
4164,100000,2,3,Graduate Degree,Management,1,3
4165,100000,2,3,Graduate Degree,Management,1,3
4166,100000,2,3,Graduate Degree,Management,1,3
4167,130000,2,3,Bachellors,Management,1,4
4168,130000,2,3,Bachellors,Management,1,4
4169,70000,4,0,Bachellors,Management,1,2
4170,40000,3,0,Partial College,Skilled Manual,1,2
4171,80000,2,0,Partial College,Skilled Manual,1,2
4172,80000,2,0,Partial College,Skilled Manual,1,2
4173,30000,0,0,Partial College,Skilled Manual,1,2
4174,30000,0,0,Partial College,Skilled Manual,1,2
4175,30000,0,0,High School,Skilled Manual,1,2
4176,70000,0,0,Partial College,Professional,1,2
4177,70000,0,0,Partial College,Professional,1,2
4178,70000,0,0,Partial College,Professional,0,2
4179,80000,2,0,High School,Skilled Manual,1,2
4180,70000,2,0,High School,Skilled Manual,0,2
4181,70000,2,0,High School,Skilled Manual,1,2
4182,70000,2,0,High School,Skilled Manual,1,2
4183,70000,2,0,High School,Skilled Manual,1,2
4184,70000,2,0,High School,Professional,0,2
4185,130000,0,1,Graduate Degree,Management,1,1
4186,130000,0,1,Graduate Degree,Management,1,1
4187,130000,0,1,Graduate Degree,Management,1,2
4188,80000,0,0,Bachellors,Management,0,1
4189,60000,0,0,Partial College,Professional,1,2
4190,60000,0,0,Partial College,Professional,1,2
4191,60000,0,0,Partial College,Professional,0,2
4192,60000,0,0,High School,Professional,0,2
4193,130000,0,1,Graduate Degree,Management,0,3
4194,120000,2,2,Bachellors,Management,1,3
4195,120000,2,2,Bachellors,Management,0,3
4196,120000,2,2,Bachellors,Management,1,3
4197,120000,2,2,Bachellors,Management,1,4
4198,60000,2,0,High School,Professional,0,2
4199,60000,2,0,High School,Professional,0,2
4200,70000,3,2,Partial College,Professional,1,0
4201,70000,3,2,Partial College,Professional,1,0
4202,90000,2,0,Partial College,Professional,1,1
4203,90000,2,0,Partial College,Professional,1,1
4204,90000,2,0,Partial College,Professional,1,1
4205,90000,4,4,Bachellors,Professional,1,0
4206,90000,4,4,Bachellors,Professional,1,0
4207,90000,4,4,Bachellors,Professional,0,0
4208,100000,0,0,Graduate Degree,Management,1,0
4209,60000,1,0,Bachellors,Professional,1,1
4210,60000,1,0,Bachellors,Professional,1,1
4211,60000,1,0,Bachellors,Professional,1,1
4212,60000,1,0,Partial College,Skilled Manual,0,1
4213,60000,1,0,Bachellors,Professional,1,1
4214,60000,1,0,Partial College,Skilled Manual,1,1
4215,100000,0,0,Graduate Degree,Management,0,1
4216,100000,0,0,Graduate Degree,Management,0,1
4217,60000,1,0,Partial College,Skilled Manual,1,1
4218,60000,1,0,Partial College,Skilled Manual,1,1
4219,70000,0,0,Bachellors,Professional,1,1
4220,70000,0,0,Bachellors,Professional,0,1
4221,70000,0,0,Bachellors,Professional,0,1
4222,70000,0,0,Bachellors,Professional,0,1
4223,70000,0,0,Bachellors,Professional,0,1
4224,70000,0,0,Bachellors,Professional,1,1
4225,70000,0,0,Bachellors,Professional,0,1
4226,90000,1,0,Bachellors,Professional,1,1
4227,70000,0,0,Bachellors,Professional,0,2
4228,70000,0,0,Bachellors,Professional,1,2
4229,70000,0,0,Bachellors,Professional,0,2
4230,60000,1,0,Partial College,Skilled Manual,1,1
4231,70000,5,4,Bachellors,Professional,1,2
4232,70000,5,4,Partial College,Skilled Manual,0,2
4233,60000,1,0,Partial College,Skilled Manual,1,1
4234,70000,5,4,Partial College,Skilled Manual,1,3
4235,100000,4,0,Bachellors,Management,1,1
4236,60000,3,2,Partial College,Skilled Manual,1,2
4237,70000,5,4,Partial College,Skilled Manual,1,3
4238,70000,5,4,Partial College,Skilled Manual,0,3
4239,70000,1,0,Partial College,Skilled Manual,1,1
4240,70000,1,0,Partial College,Skilled Manual,1,1
4241,40000,2,0,Bachellors,Management,1,1
4242,40000,2,0,Bachellors,Management,1,1
4243,40000,2,0,Bachellors,Management,1,1
4244,30000,0,0,High School,Skilled Manual,1,2
4245,30000,0,0,High School,Skilled Manual,1,2
4246,30000,0,0,High School,Skilled Manual,1,2
4247,30000,0,0,High School,Skilled Manual,1,2
4248,40000,0,0,High School,Skilled Manual,0,2
4249,40000,0,0,High School,Skilled Manual,1,2
4250,30000,0,0,High School,Skilled Manual,0,2
4251,30000,0,0,High School,Skilled Manual,0,2
4252,30000,0,0,High School,Skilled Manual,1,2
4253,40000,0,0,High School,Skilled Manual,1,2
4254,10000,5,0,High School,Skilled Manual,1,2
4255,40000,0,0,High School,Skilled Manual,0,2
4256,40000,0,0,High School,Skilled Manual,1,2
4257,40000,0,0,High School,Skilled Manual,0,2
4258,40000,0,0,High School,Skilled Manual,1,2
4259,40000,0,0,High School,Skilled Manual,1,2
4260,30000,0,0,Partial High School,Clerical,0,2
4261,30000,0,0,Partial High School,Clerical,1,2
4262,40000,2,0,Bachellors,Management,0,2
4263,30000,2,0,Partial College,Clerical,0,2
4264,30000,2,0,Partial College,Clerical,0,2
4265,30000,2,0,Partial College,Clerical,0,2
4266,40000,2,0,Bachellors,Management,1,2
4267,40000,2,0,Bachellors,Management,1,2
4268,40000,2,0,Bachellors,Management,0,2
4269,60000,2,0,Graduate Degree,Management,1,1
4270,40000,0,0,High School,Skilled Manual,1,2
4271,40000,0,0,High School,Skilled Manual,0,2
4272,40000,0,0,High School,Skilled Manual,1,2
4273,40000,0,0,High School,Skilled Manual,0,2
4274,40000,0,0,Partial College,Skilled Manual,1,1
4275,40000,0,0,Partial College,Skilled Manual,1,1
4276,40000,0,0,Partial College,Skilled Manual,1,1
4277,30000,0,0,Partial College,Skilled Manual,0,1
4278,30000,0,0,Partial College,Skilled Manual,0,1
4279,30000,0,0,Partial College,Skilled Manual,1,1
4280,30000,0,0,Partial College,Skilled Manual,0,1
4281,80000,0,0,Bachellors,Management,0,1
4282,110000,0,1,Graduate Degree,Management,1,1
4283,80000,4,3,Bachellors,Management,1,0
4284,40000,0,0,Graduate Degree,Skilled Manual,0,0
4285,40000,0,0,Graduate Degree,Skilled Manual,0,0
4286,40000,0,0,Graduate Degree,Skilled Manual,1,0
4287,50000,0,0,Graduate Degree,Skilled Manual,1,0
4288,50000,1,0,Graduate Degree,Skilled Manual,1,0
4289,50000,1,0,Graduate Degree,Skilled Manual,1,0
4290,40000,1,0,Graduate Degree,Skilled Manual,1,0
4291,50000,1,0,Graduate Degree,Skilled Manual,0,0
4292,60000,1,0,Graduate Degree,Skilled Manual,1,0
4293,60000,1,0,Graduate Degree,Skilled Manual,1,0
4294,60000,1,0,Graduate Degree,Skilled Manual,1,0
4295,60000,1,1,Graduate Degree,Skilled Manual,1,0
4296,60000,1,1,Graduate Degree,Skilled Manual,1,0
4297,60000,1,1,Graduate Degree,Skilled Manual,1,0
4298,60000,1,1,Graduate Degree,Skilled Manual,1,0
4299,50000,1,1,Bachellors,Skilled Manual,1,0
4300,50000,1,1,Bachellors,Skilled Manual,1,0
4301,60000,1,0,Graduate Degree,Skilled Manual,1,0
4302,60000,1,0,Graduate Degree,Professional,1,0
4303,70000,1,0,Graduate Degree,Professional,1,0
4304,70000,4,0,Bachellors,Management,1,2
4305,70000,5,0,Bachellors,Management,1,2
4306,70000,5,0,Bachellors,Management,1,3
4307,60000,4,0,Bachellors,Management,1,2
4308,60000,4,0,Bachellors,Management,1,2
4309,60000,4,0,Bachellors,Management,1,2
4310,60000,4,0,Bachellors,Management,1,2
4311,60000,4,0,Bachellors,Management,1,2
4312,60000,4,0,Bachellors,Management,1,2
4313,60000,4,0,Bachellors,Management,1,2
4314,60000,4,0,Bachellors,Management,1,2
4315,60000,5,0,Bachellors,Management,1,3
4316,70000,4,1,Bachellors,Management,0,1
4317,60000,5,0,Bachellors,Management,1,3
4318,60000,5,0,Bachellors,Management,1,3
4319,60000,2,1,Bachellors,Management,1,0
4320,70000,4,1,Bachellors,Management,0,1
4321,70000,4,1,Bachellors,Management,1,1
4322,80000,5,0,Bachellors,Management,1,2
4323,80000,5,0,Bachellors,Management,1,2
4324,40000,2,1,High School,Professional,1,2
4325,40000,2,1,High School,Professional,0,2
4326,60000,2,1,Partial College,Professional,1,1
4327,60000,2,1,Partial College,Professional,1,2
4328,60000,2,1,Bachellors,Management,1,0
4329,70000,4,1,Bachellors,Management,1,2
4330,70000,4,1,Bachellors,Management,1,2
4331,60000,2,1,Partial College,Professional,0,2
4332,60000,2,1,Partial College,Professional,1,2
4333,60000,2,1,Partial College,Professional,1,2
4334,60000,2,1,Bachellors,Management,1,0
4335,40000,2,1,Partial High School,Skilled Manual,1,2
4336,60000,2,1,Partial College,Professional,1,2
4337,60000,2,1,Partial College,Professional,1,1
4338,60000,2,1,Partial College,Professional,1,1
4339,60000,2,1,Partial College,Professional,1,1
4340,60000,2,1,Partial College,Professional,1,1
4341,40000,2,1,Partial High School,Skilled Manual,1,3
4342,60000,2,1,Partial College,Professional,1,2
4343,60000,2,1,Partial College,Professional,1,2
4344,60000,2,1,Partial College,Professional,1,2
4345,70000,4,2,Partial College,Professional,1,1
4346,70000,4,2,Partial College,Professional,0,2
4347,70000,4,2,Partial College,Professional,1,2
4348,60000,3,1,High School,Professional,1,2
4349,70000,4,2,Partial College,Professional,1,2
4350,70000,4,2,Partial College,Professional,1,2
4351,70000,4,2,Partial College,Professional,0,2
4352,70000,5,2,Partial College,Professional,1,2
4353,130000,2,3,Bachellors,Management,0,4
4354,160000,2,3,Partial College,Professional,0,4
4355,170000,3,3,Bachellors,Management,1,3
4356,100000,2,3,Partial College,Professional,1,4
4357,120000,3,4,Partial High School,Professional,1,4
4358,120000,2,4,Partial High School,Professional,1,4
4359,90000,3,0,Graduate Degree,Management,1,1
4360,70000,4,0,Graduate Degree,Management,1,2
4361,110000,1,2,Graduate Degree,Management,1,1
4362,160000,0,0,Graduate Degree,Management,0,4
4363,90000,4,4,Partial College,Professional,1,3
4364,90000,4,4,Partial College,Professional,1,3
4365,90000,5,5,Partial College,Professional,1,3
4366,120000,3,2,Bachellors,Management,1,4
4367,130000,1,1,Graduate Degree,Management,1,4
4368,90000,0,0,Partial College,Professional,0,1
4369,110000,3,2,Bachellors,Management,1,4
4370,70000,3,2,Partial College,Professional,1,0
4371,70000,4,3,Partial College,Professional,0,0
4372,80000,3,0,Partial College,Professional,0,2
4373,80000,3,0,Partial College,Professional,0,2
4374,60000,2,0,Graduate Degree,Management,1,2
4375,70000,4,0,Graduate Degree,Management,1,2
4376,80000,4,0,Graduate Degree,Management,1,2
4377,80000,4,3,Partial College,Professional,0,2
4378,80000,4,3,Partial College,Professional,1,2
4379,80000,4,3,Partial College,Professional,1,2
4380,130000,3,2,Bachellors,Management,1,4
4381,100000,1,2,Partial College,Professional,1,3
4382,100000,1,2,Partial College,Professional,1,3
4383,110000,1,3,Bachellors,Management,1,2
4384,130000,1,2,Bachellors,Management,1,4
4385,80000,5,4,Partial College,Professional,1,3
4386,90000,4,3,High School,Professional,1,1
4387,90000,4,3,High School,Professional,0,2
4388,110000,1,3,Partial College,Professional,1,4
4389,130000,1,3,Bachellors,Management,1,1
4390,130000,1,3,Bachellors,Management,0,3
4391,60000,2,0,High School,Professional,0,2
4392,90000,2,1,High School,Professional,0,1
4393,80000,2,0,Partial High School,Skilled Manual,0,2
4394,60000,2,0,Graduate Degree,Management,1,2
4395,90000,4,0,Bachellors,Management,1,2
4396,80000,5,4,Partial College,Professional,1,3
4397,100000,3,2,Partial College,Professional,1,4
4398,110000,5,3,Partial College,Professional,0,4
4399,150000,1,2,Partial College,Professional,1,4
4400,80000,2,0,Partial High School,Skilled Manual,1,2
4401,60000,2,0,Partial High School,Skilled Manual,0,2
4402,60000,2,0,Partial High School,Skilled Manual,1,2
4403,60000,2,0,Partial High School,Skilled Manual,0,2
4404,60000,2,0,Partial High School,Skilled Manual,0,2
4405,70000,3,1,High School,Professional,1,1
4406,70000,3,0,Graduate Degree,Management,1,2
4407,70000,3,0,Graduate Degree,Management,1,2
4408,70000,3,0,Graduate Degree,Management,1,2
4409,70000,3,0,Graduate Degree,Management,1,2
4410,40000,3,0,Partial College,Professional,0,2
4411,40000,3,0,Partial College,Professional,0,2
4412,70000,4,0,Graduate Degree,Management,1,2
4413,130000,2,3,Graduate Degree,Management,1,3
4414,130000,2,3,Bachellors,Management,1,4
4415,110000,2,4,Graduate Degree,Management,1,0
4416,110000,2,4,Graduate Degree,Management,0,1
4417,100000,2,3,Graduate Degree,Management,1,3
4418,70000,5,0,Graduate Degree,Management,1,2
4419,90000,4,4,Bachellors,Management,0,2
4420,100000,2,0,Bachellors,Management,1,2
4421,100000,2,0,Bachellors,Management,1,3
4422,100000,3,0,Bachellors,Management,0,3
4423,40000,0,0,High School,Skilled Manual,1,2
4424,40000,0,0,High School,Skilled Manual,0,2
4425,30000,0,0,Partial College,Skilled Manual,0,1
4426,10000,5,0,High School,Skilled Manual,0,2
4427,10000,5,0,High School,Skilled Manual,1,3
4428,60000,0,0,Partial College,Skilled Manual,0,1
4429,60000,0,0,Partial College,Skilled Manual,1,2
4430,70000,0,0,Partial College,Skilled Manual,0,2
4431,40000,0,0,Partial College,Skilled Manual,1,1
4432,40000,0,0,Partial College,Skilled Manual,1,1
4433,60000,0,0,Partial College,Skilled Manual,1,2
4434,60000,0,0,Partial College,Skilled Manual,0,2
4435,20000,4,0,High School,Skilled Manual,0,2
4436,30000,2,0,Partial College,Clerical,1,2
4437,30000,2,0,Partial College,Clerical,1,2
4438,20000,4,0,High School,Skilled Manual,1,2
4439,30000,2,0,Partial College,Clerical,0,2
4440,10000,2,1,Partial High School,Clerical,1,2
4441,10000,0,0,Graduate Degree,Manual,1,0
4442,10000,1,0,Graduate Degree,Manual,1,0
4443,10000,1,0,Graduate Degree,Manual,1,0
4444,10000,1,0,Graduate Degree,Manual,1,0
4445,20000,1,0,Graduate Degree,Clerical,1,0
4446,20000,1,0,Graduate Degree,Clerical,1,0
4447,20000,1,0,Graduate Degree,Clerical,1,0
4448,20000,1,0,Graduate Degree,Clerical,1,0
4449,20000,1,0,Graduate Degree,Clerical,1,0
4450,30000,1,0,Graduate Degree,Clerical,1,0
4451,10000,1,0,Graduate Degree,Clerical,1,0
4452,30000,4,0,Graduate Degree,Clerical,1,0
4453,10000,1,0,Bachellors,Manual,1,0
4454,20000,1,0,Bachellors,Manual,1,0
4455,20000,1,0,Bachellors,Clerical,1,0
4456,10000,2,0,Partial College,Manual,1,1
4457,20000,1,0,Bachellors,Clerical,1,0
4458,20000,1,0,Partial College,Manual,1,0
4459,20000,1,0,Partial College,Manual,1,0
4460,20000,1,0,Partial College,Manual,1,0
4461,20000,1,0,Partial College,Manual,1,0
4462,30000,1,0,Bachellors,Clerical,1,0
4463,10000,3,0,Partial College,Manual,1,1
4464,10000,3,0,Partial College,Manual,1,1
4465,10000,0,0,Partial College,Manual,0,1
4466,10000,0,0,Partial College,Manual,0,1
4467,50000,1,1,Bachellors,Skilled Manual,1,0
4468,50000,1,1,Bachellors,Skilled Manual,1,1
4469,50000,1,1,Bachellors,Skilled Manual,1,1
4470,60000,1,0,Graduate Degree,Professional,1,0
4471,60000,1,0,Graduate Degree,Professional,1,0
4472,50000,2,2,Bachellors,Skilled Manual,1,0
4473,50000,2,2,Bachellors,Skilled Manual,1,0
4474,50000,2,2,Bachellors,Skilled Manual,0,0
4475,50000,2,2,Bachellors,Skilled Manual,1,0
4476,50000,2,2,Bachellors,Skilled Manual,1,0
4477,60000,1,0,Graduate Degree,Professional,1,0
4478,60000,1,0,Graduate Degree,Professional,1,0
4479,60000,1,0,Graduate Degree,Professional,1,0
4480,60000,1,0,Graduate Degree,Professional,1,0
4481,70000,2,0,Graduate Degree,Professional,1,0
4482,70000,2,0,Graduate Degree,Professional,1,0
4483,70000,2,0,Graduate Degree,Professional,1,0
4484,70000,3,0,Graduate Degree,Professional,1,0
4485,80000,1,0,Graduate Degree,Professional,1,0
4486,60000,1,0,Graduate Degree,Professional,1,0
4487,60000,1,0,Graduate Degree,Professional,1,0
4488,60000,1,0,Graduate Degree,Professional,1,0
4489,60000,1,0,Graduate Degree,Professional,1,0
4490,60000,2,2,Bachellors,Skilled Manual,1,0
4491,70000,2,2,Bachellors,Skilled Manual,0,0
4492,70000,2,2,Bachellors,Skilled Manual,1,1
4493,70000,2,2,Bachellors,Skilled Manual,1,1
4494,70000,2,2,Bachellors,Skilled Manual,1,1
4495,70000,2,2,Bachellors,Skilled Manual,0,1
4496,40000,5,5,High School,Skilled Manual,1,2
4497,40000,5,5,High School,Skilled Manual,1,2
4498,40000,0,0,Bachellors,Professional,0,1
4499,60000,1,0,Graduate Degree,Professional,1,0
4500,70000,3,0,Graduate Degree,Professional,1,0
4501,70000,4,0,Graduate Degree,Professional,1,0
4502,70000,4,0,Graduate Degree,Professional,1,0
4503,40000,0,0,Bachellors,Professional,0,1
4504,50000,2,2,Bachellors,Skilled Manual,1,1
4505,50000,2,2,Bachellors,Skilled Manual,0,1
4506,50000,2,2,Bachellors,Skilled Manual,0,1
4507,60000,0,0,Graduate Degree,Professional,1,0
4508,60000,0,0,Graduate Degree,Professional,1,0
4509,60000,0,0,Graduate Degree,Professional,1,0
4510,60000,0,0,Graduate Degree,Professional,1,0
4511,70000,5,0,Graduate Degree,Professional,1,0
4512,60000,2,0,Graduate Degree,Professional,1,0
4513,70000,5,0,Graduate Degree,Professional,1,0
4514,70000,5,5,Graduate Degree,Professional,1,2
4515,70000,5,5,Graduate Degree,Professional,1,2
4516,70000,5,5,Graduate Degree,Professional,1,2
4517,70000,5,5,Graduate Degree,Professional,1,2
4518,80000,3,0,Graduate Degree,Professional,1,0
4519,80000,3,0,Graduate Degree,Professional,1,0
4520,10000,4,0,Partial High School,Clerical,0,2
4521,40000,0,0,Bachellors,Professional,0,1
4522,80000,3,3,Bachellors,Skilled Manual,1,3
4523,60000,0,0,Graduate Degree,Professional,1,0
4524,40000,0,0,Bachellors,Professional,1,1
4525,50000,4,4,Bachellors,Skilled Manual,1,2
4526,50000,4,4,Bachellors,Skilled Manual,1,3
4527,50000,4,2,Bachellors,Skilled Manual,0,2
4528,50000,4,2,Bachellors,Skilled Manual,0,2
4529,60000,4,2,Bachellors,Professional,1,2
4530,60000,4,2,Bachellors,Professional,1,2
4531,60000,4,2,Bachellors,Professional,0,2
4532,60000,4,2,Bachellors,Professional,1,2
4533,60000,4,2,Bachellors,Professional,1,2
4534,70000,0,0,Bachellors,Professional,0,1
4535,70000,4,2,Bachellors,Professional,1,2
4536,70000,4,2,Bachellors,Professional,1,2
4537,60000,3,2,Graduate Degree,Professional,1,0
4538,60000,3,2,Graduate Degree,Professional,1,0
4539,60000,3,2,Graduate Degree,Professional,0,0
4540,70000,1,0,Bachellors,Professional,0,1
4541,70000,1,0,Bachellors,Professional,0,1
4542,70000,1,0,Bachellors,Professional,0,1
4543,70000,1,0,Bachellors,Professional,0,1
4544,70000,1,0,Bachellors,Professional,1,1
4545,70000,1,0,Partial College,Skilled Manual,1,1
4546,40000,4,3,High School,Skilled Manual,1,2
4547,40000,4,3,High School,Skilled Manual,1,3
4548,60000,1,0,Partial College,Skilled Manual,1,1
4549,40000,4,2,High School,Skilled Manual,1,2
4550,50000,0,0,Partial College,Skilled Manual,0,1
4551,50000,0,0,Partial College,Skilled Manual,0,1
4552,50000,0,0,Partial College,Skilled Manual,1,1
4553,50000,0,0,Partial College,Skilled Manual,0,1
4554,60000,0,0,Graduate Degree,Professional,0,1
4555,60000,0,0,Graduate Degree,Professional,0,1
4556,60000,1,0,Partial College,Skilled Manual,1,1
4557,60000,1,0,Partial College,Skilled Manual,1,1
4558,60000,1,0,Partial College,Skilled Manual,1,1
4559,60000,1,0,Partial College,Skilled Manual,1,1
4560,60000,5,4,Bachellors,Professional,1,1
4561,60000,5,4,Bachellors,Professional,1,1
4562,60000,4,3,Bachellors,Professional,1,0
4563,60000,4,3,Bachellors,Professional,1,0
4564,60000,4,3,Bachellors,Professional,1,0
4565,60000,4,3,Bachellors,Professional,0,1
4566,70000,2,0,Graduate Degree,Professional,1,1
4567,70000,2,0,Graduate Degree,Professional,1,1
4568,80000,4,0,Graduate Degree,Professional,1,0
4569,80000,1,0,Partial College,Skilled Manual,1,1
4570,80000,1,0,Partial College,Skilled Manual,1,1
4571,60000,3,2,Bachellors,Professional,0,1
4572,60000,1,0,Bachellors,Professional,1,1
4573,60000,1,0,Bachellors,Professional,1,1
4574,70000,5,4,Bachellors,Professional,0,2
4575,70000,5,4,Bachellors,Professional,0,2
4576,60000,2,2,Bachellors,Professional,1,1
4577,80000,4,4,Graduate Degree,Management,1,1
4578,80000,4,4,Graduate Degree,Management,1,1
4579,80000,4,4,Graduate Degree,Management,1,1
4580,60000,2,2,Bachellors,Professional,1,1
4581,60000,2,2,Bachellors,Professional,1,1
4582,60000,2,2,Bachellors,Professional,1,1
4583,60000,2,2,Bachellors,Professional,1,1
4584,70000,5,5,Bachellors,Professional,1,3
4585,70000,5,5,Bachellors,Professional,1,3
4586,70000,5,5,Bachellors,Professional,1,3
4587,110000,1,0,Graduate Degree,Management,1,0
4588,110000,1,0,Graduate Degree,Management,1,1
4589,110000,1,0,Graduate Degree,Management,1,1
4590,110000,1,0,Graduate Degree,Management,1,1
4591,120000,1,0,Graduate Degree,Management,1,0
4592,120000,1,0,Graduate Degree,Management,1,2
4593,70000,5,5,Bachellors,Professional,1,4
4594,70000,5,5,Bachellors,Professional,1,4
4595,80000,5,5,Graduate Degree,Management,1,2
4596,90000,0,0,Bachellors,Professional,1,0
4597,90000,2,0,Bachellors,Professional,1,0
4598,90000,2,0,Bachellors,Professional,1,0
4599,60000,3,3,Bachellors,Professional,1,1
4600,60000,3,3,Bachellors,Professional,1,2
4601,70000,5,5,Bachellors,Professional,1,4
4602,70000,5,5,Bachellors,Professional,1,4
4603,70000,0,0,Bachellors,Professional,0,1
4604,60000,3,3,Bachellors,Professional,1,2
4605,60000,4,4,Bachellors,Professional,1,2
4606,60000,4,4,Bachellors,Professional,0,3
4607,60000,4,4,Bachellors,Professional,1,3
4608,70000,0,0,Bachellors,Professional,0,1
4609,30000,0,0,Partial College,Clerical,0,1
4610,20000,0,0,Partial High School,Manual,0,2
4611,30000,0,0,Partial College,Clerical,0,1
4612,30000,0,0,High School,Manual,1,1
4613,30000,0,0,High School,Manual,0,1
4614,30000,0,0,High School,Manual,0,1
4615,40000,1,1,Bachellors,Skilled Manual,1,0
4616,30000,0,0,High School,Manual,0,1
4617,30000,0,0,High School,Manual,0,1
4618,30000,0,0,High School,Manual,0,1
4619,40000,1,1,Bachellors,Skilled Manual,1,1
4620,40000,1,1,Bachellors,Skilled Manual,1,1
4621,50000,0,0,Graduate Degree,Skilled Manual,0,0
4622,50000,0,0,Graduate Degree,Skilled Manual,1,0
4623,30000,0,0,High School,Manual,0,1
4624,40000,1,1,Bachellors,Skilled Manual,1,1
4625,40000,1,1,Bachellors,Skilled Manual,1,1
4626,40000,1,1,Partial College,Clerical,1,1
4627,40000,1,1,Partial College,Clerical,1,1
4628,40000,2,2,Partial College,Clerical,1,0
4629,40000,1,0,Bachellors,Skilled Manual,1,1
4630,10000,0,0,Partial High School,Manual,1,2
4631,20000,0,0,Partial High School,Manual,0,2
4632,20000,0,0,Partial High School,Manual,1,2
4633,20000,0,0,Partial High School,Manual,0,2
4634,20000,0,0,Partial High School,Manual,0,2
4635,30000,0,0,High School,Manual,0,1
4636,30000,0,0,High School,Manual,0,1
4637,40000,2,2,Partial College,Clerical,1,1
4638,40000,2,2,Partial College,Clerical,1,1
4639,30000,1,0,Bachellors,Clerical,1,0
4640,10000,0,0,Partial College,Manual,0,1
4641,10000,0,0,Partial College,Manual,1,1
4642,10000,0,0,Partial College,Manual,1,1
4643,10000,0,0,High School,Manual,1,2
4644,10000,0,0,High School,Manual,1,2
4645,10000,1,1,High School,Manual,0,0
4646,20000,0,0,Bachellors,Clerical,0,0
4647,10000,1,1,High School,Manual,0,0
4648,20000,0,0,Bachellors,Clerical,1,0
4649,20000,0,0,Bachellors,Clerical,1,0
4650,30000,1,0,Bachellors,Clerical,1,0
4651,20000,1,1,Partial College,Manual,0,0
4652,20000,1,1,Partial College,Manual,0,0
4653,30000,4,0,Graduate Degree,Clerical,1,0
4654,30000,3,0,Graduate Degree,Clerical,1,0
4655,10000,1,1,High School,Manual,0,1
4656,20000,1,1,Partial College,Manual,1,0
4657,20000,1,1,Partial College,Manual,0,0
4658,30000,3,0,Graduate Degree,Clerical,1,0
4659,10000,1,1,High School,Manual,0,1
4660,20000,2,0,Partial College,Manual,1,1
4661,20000,2,0,Partial College,Manual,1,1
4662,30000,3,0,Graduate Degree,Clerical,1,0
4663,30000,3,0,Bachellors,Clerical,1,0
4664,30000,0,0,Bachellors,Clerical,1,0
4665,30000,0,0,Bachellors,Clerical,1,0
4666,30000,0,0,Bachellors,Clerical,1,0
4667,10000,2,2,High School,Manual,1,0
4668,30000,0,0,Bachellors,Clerical,1,0
4669,40000,0,0,Graduate Degree,Clerical,0,0
4670,40000,0,0,Graduate Degree,Clerical,1,0
4671,20000,0,0,Partial College,Manual,0,1
4672,20000,0,0,Partial College,Manual,0,1
4673,20000,0,0,Partial College,Manual,1,1
4674,20000,0,0,Partial College,Manual,0,1
4675,30000,0,0,Bachellors,Clerical,1,0
4676,40000,0,0,Graduate Degree,Clerical,1,0
4677,40000,0,0,Graduate Degree,Clerical,1,0
4678,40000,0,0,Graduate Degree,Clerical,1,0
4679,40000,0,0,Graduate Degree,Clerical,1,0
4680,10000,3,0,Partial College,Manual,0,2
4681,10000,4,0,High School,Manual,0,2
4682,80000,4,2,Partial College,Professional,1,1
4683,80000,5,0,Bachellors,Management,1,2
4684,90000,5,0,Partial College,Professional,0,2
4685,90000,5,0,Partial College,Professional,0,2
4686,110000,3,4,Bachellors,Management,1,4
4687,130000,3,4,Bachellors,Management,1,4
4688,70000,5,1,High School,Professional,1,2
4689,70000,5,1,High School,Professional,1,2
4690,90000,5,0,Partial College,Professional,0,2
4691,160000,3,4,Bachellors,Management,0,4
4692,90000,3,1,High School,Professional,1,2
4693,90000,3,1,High School,Professional,1,2
4694,90000,3,1,High School,Professional,1,2
4695,80000,4,2,Partial College,Professional,1,2
4696,150000,3,5,Partial High School,Professional,1,2
4697,100000,3,4,Bachellors,Management,1,3
4698,110000,2,5,Partial College,Professional,1,2
4699,120000,3,5,Bachellors,Management,1,3
4700,170000,0,5,Bachellors,Management,1,3
4701,80000,4,1,Partial College,Professional,1,2
4702,130000,4,5,Partial College,Professional,0,3
4703,130000,4,5,High School,Professional,1,3
4704,80000,5,2,High School,Professional,1,2
4705,90000,4,1,High School,Professional,1,3
4706,100000,3,4,Partial College,Management,1,4
4707,90000,4,1,High School,Management,1,3
4708,120000,4,5,Partial College,Management,1,3
4709,120000,4,5,High School,Management,1,3
4710,70000,5,1,Partial High School,Skilled Manual,1,3
4711,90000,4,1,High School,Management,0,3
4712,110000,4,5,High School,Management,1,3
4713,130000,4,5,High School,Management,1,4
4714,130000,5,5,Partial High School,Professional,1,4
4715,80000,5,0,Partial High School,Skilled Manual,1,2
4716,60000,0,0,Bachellors,Professional,0,3
4717,70000,0,0,Bachellors,Professional,0,2
4718,70000,0,0,Bachellors,Professional,0,2
4719,70000,0,0,Bachellors,Professional,1,3
4720,80000,0,0,Bachellors,Professional,1,2
4721,70000,0,0,Bachellors,Professional,1,4
4722,80000,0,0,Bachellors,Professional,0,3
4723,80000,0,0,Bachellors,Professional,0,3
4724,90000,0,0,Bachellors,Professional,1,3
4725,90000,0,0,Bachellors,Professional,0,3
4726,90000,0,0,Bachellors,Professional,0,3
4727,90000,0,0,Bachellors,Professional,1,3
4728,80000,0,0,Bachellors,Professional,1,3
4729,110000,0,5,Partial College,Management,0,3
4730,90000,0,0,Bachellors,Professional,0,3
4731,90000,0,0,Bachellors,Professional,1,3
4732,80000,0,0,Bachellors,Professional,0,4
4733,120000,0,5,Partial High School,Professional,1,4
4734,120000,0,5,Partial High School,Professional,1,4
4735,100000,0,5,Partial High School,Professional,1,4
4736,100000,0,5,Partial High School,Professional,1,4
4737,110000,2,4,Graduate Degree,Management,1,2
4738,120000,2,4,Graduate Degree,Management,1,3
4739,120000,2,4,Graduate Degree,Management,1,3
4740,70000,5,0,Bachellors,Management,1,2
4741,80000,5,0,Bachellors,Management,1,2
4742,80000,5,0,Bachellors,Management,1,2
4743,90000,5,0,Bachellors,Management,1,2
4744,120000,2,4,Graduate Degree,Management,0,3
4745,120000,2,4,Graduate Degree,Management,1,3
4746,120000,2,4,Graduate Degree,Management,1,3
4747,120000,2,4,Bachellors,Management,1,3
4748,70000,4,0,Bachellors,Management,1,2
4749,70000,4,0,Bachellors,Management,1,2
4750,70000,4,0,Bachellors,Management,1,2
4751,70000,0,0,Partial College,Professional,0,2
4752,80000,2,0,High School,Skilled Manual,1,2
4753,80000,2,0,High School,Skilled Manual,0,2
4754,70000,2,0,High School,Skilled Manual,1,2
4755,70000,2,0,High School,Skilled Manual,1,2
4756,70000,2,0,High School,Skilled Manual,0,2
4757,70000,2,0,High School,Professional,1,2
4758,70000,2,0,High School,Professional,1,2
4759,130000,0,1,Graduate Degree,Management,1,0
4760,80000,0,0,Bachellors,Management,0,1
4761,30000,0,0,High School,Professional,1,2
4762,30000,0,0,High School,Professional,1,2
4763,30000,0,0,High School,Professional,0,2
4764,60000,0,0,Partial College,Professional,1,2
4765,120000,1,2,Bachellors,Management,0,2
4766,130000,0,1,Graduate Degree,Management,1,3
4767,160000,0,0,Graduate Degree,Management,0,1
4768,160000,0,0,Graduate Degree,Management,0,3
4769,130000,0,1,Graduate Degree,Management,1,3
4770,130000,0,1,Graduate Degree,Management,1,3
4771,150000,0,0,Bachellors,Management,0,2
4772,130000,1,1,Graduate Degree,Management,1,4
4773,70000,2,0,Partial High School,Skilled Manual,0,2
4774,70000,2,0,Partial High School,Skilled Manual,0,2
4775,60000,2,0,High School,Professional,0,2
4776,60000,2,0,High School,Professional,0,2
4777,60000,2,0,High School,Professional,0,2
4778,60000,2,0,High School,Professional,0,2
4779,70000,2,1,Partial College,Professional,1,0
4780,70000,2,1,Partial College,Professional,1,0
4781,70000,3,2,Partial College,Professional,1,0
4782,80000,2,1,Bachellors,Management,1,1
4783,90000,2,0,Partial College,Professional,1,1
4784,90000,3,3,Bachellors,Professional,1,0
4785,90000,4,4,Bachellors,Professional,1,0
4786,70000,1,0,Partial College,Skilled Manual,1,1
4787,70000,1,0,Partial College,Skilled Manual,1,1
4788,60000,1,0,Partial College,Skilled Manual,1,1
4789,100000,0,0,Bachellors,Professional,0,1
4790,110000,0,0,Graduate Degree,Management,0,2
4791,60000,1,0,Partial College,Skilled Manual,1,1
4792,60000,1,0,Partial College,Skilled Manual,1,1
4793,60000,1,0,Partial College,Skilled Manual,1,1
4794,70000,0,0,Bachellors,Professional,0,1
4795,80000,5,5,Bachellors,Professional,0,4
4796,80000,5,5,Bachellors,Professional,1,4
4797,80000,5,5,Bachellors,Professional,1,4
4798,80000,5,5,Bachellors,Professional,1,4
4799,70000,0,0,Bachellors,Professional,0,1
4800,90000,1,0,Bachellors,Professional,1,1
4801,90000,1,0,Bachellors,Professional,1,1
4802,70000,0,0,Bachellors,Professional,1,1
4803,70000,0,0,Bachellors,Professional,0,2
4804,70000,5,4,Bachellors,Professional,0,2
4805,70000,5,4,Bachellors,Professional,1,2
4806,70000,5,4,Partial College,Skilled Manual,1,2
4807,70000,5,4,Partial College,Skilled Manual,0,2
4808,70000,5,4,Partial College,Skilled Manual,1,3
4809,70000,5,4,Partial College,Skilled Manual,1,3
4810,70000,5,4,Partial College,Skilled Manual,1,3
4811,70000,5,4,Partial College,Skilled Manual,0,3
4812,70000,5,4,Partial College,Skilled Manual,1,3
4813,30000,2,0,Partial College,Clerical,0,2
4814,30000,0,0,High School,Skilled Manual,1,2
4815,40000,0,0,High School,Skilled Manual,1,1
4816,40000,0,0,High School,Skilled Manual,1,2
4817,40000,0,0,High School,Skilled Manual,1,2
4818,40000,0,0,High School,Skilled Manual,0,2
4819,40000,0,0,High School,Skilled Manual,1,2
4820,30000,0,0,High School,Skilled Manual,1,2
4821,30000,0,0,High School,Skilled Manual,1,2
4822,30000,0,0,High School,Skilled Manual,0,2
4823,40000,2,0,Bachellors,Management,1,2
4824,60000,2,0,Graduate Degree,Management,1,1
4825,30000,0,0,Partial High School,Clerical,1,2
4826,40000,0,0,High School,Skilled Manual,1,2
4827,30000,0,0,Partial High School,Clerical,0,2
4828,40000,0,0,High School,Skilled Manual,0,2
4829,30000,2,0,Partial College,Clerical,0,2
4830,40000,2,0,Bachellors,Management,1,2
4831,40000,2,0,Bachellors,Management,1,2
4832,40000,2,0,Bachellors,Management,1,2
4833,40000,2,0,Bachellors,Management,1,2
4834,60000,2,0,Graduate Degree,Management,1,1
4835,40000,0,0,Partial College,Skilled Manual,0,1
4836,40000,0,0,Partial College,Skilled Manual,0,1
4837,40000,0,0,Partial College,Skilled Manual,0,1
4838,40000,0,0,High School,Skilled Manual,0,2
4839,30000,0,0,Partial College,Skilled Manual,0,1
4840,30000,0,0,Partial College,Skilled Manual,1,1
4841,70000,0,0,Partial College,Skilled Manual,1,2
4842,80000,0,0,Bachellors,Management,0,1
4843,80000,0,0,Bachellors,Management,1,1
4844,80000,0,0,Bachellors,Management,0,1
4845,80000,0,0,Bachellors,Management,1,1
4846,80000,0,0,Bachellors,Management,0,1
4847,80000,0,0,Bachellors,Management,1,1
4848,90000,4,4,Bachellors,Management,1,0
4849,90000,4,4,Bachellors,Management,1,1
4850,110000,0,1,Graduate Degree,Management,1,0
4851,110000,0,1,Graduate Degree,Management,0,1
4852,110000,0,1,Graduate Degree,Management,0,2
4853,120000,0,0,Bachellors,Management,0,3
4854,120000,0,1,Bachellors,Management,1,0
4855,120000,0,1,Bachellors,Management,0,1
4856,80000,4,3,Bachellors,Management,1,0
4857,90000,4,4,Bachellors,Management,1,1
4858,60000,4,0,Graduate Degree,Skilled Manual,1,0
4859,60000,4,0,Graduate Degree,Skilled Manual,0,0
4860,60000,4,0,Graduate Degree,Skilled Manual,1,0
4861,40000,4,4,Partial College,Clerical,1,2
4862,40000,4,4,Partial College,Clerical,1,2
4863,50000,0,0,Graduate Degree,Skilled Manual,1,0
4864,50000,0,0,Graduate Degree,Skilled Manual,0,0
4865,50000,0,0,Graduate Degree,Skilled Manual,0,0
4866,40000,4,4,High School,Skilled Manual,1,3
4867,60000,1,0,Graduate Degree,Skilled Manual,1,0
4868,60000,1,0,Graduate Degree,Skilled Manual,1,0
4869,60000,1,0,Graduate Degree,Skilled Manual,1,0
4870,60000,1,0,Graduate Degree,Skilled Manual,1,0
4871,60000,1,0,Graduate Degree,Skilled Manual,1,0
4872,60000,1,1,Graduate Degree,Skilled Manual,1,0
4873,50000,1,1,Graduate Degree,Skilled Manual,1,0
4874,70000,1,0,Graduate Degree,Professional,1,0
4875,70000,4,0,Bachellors,Management,0,2
4876,70000,4,0,Bachellors,Management,1,2
4877,70000,5,0,Bachellors,Management,1,2
4878,70000,5,0,Bachellors,Management,1,2
4879,70000,5,0,Bachellors,Management,1,2
4880,70000,5,0,Bachellors,Management,1,2
4881,70000,5,0,Bachellors,Management,0,3
4882,60000,4,0,Bachellors,Management,1,2
4883,60000,4,0,Bachellors,Management,1,2
4884,60000,4,0,Bachellors,Management,1,2
4885,60000,4,0,Bachellors,Management,0,2
4886,60000,4,0,Bachellors,Management,1,3
4887,60000,5,0,Bachellors,Management,1,3
4888,60000,5,0,Bachellors,Management,1,3
4889,70000,5,0,Bachellors,Management,1,2
4890,70000,4,1,Bachellors,Management,1,1
4891,60000,2,1,Bachellors,Management,1,0
4892,70000,4,1,Bachellors,Management,0,1
4893,40000,2,1,High School,Professional,1,2
4894,40000,2,1,High School,Professional,1,2
4895,40000,2,1,High School,Professional,1,2
4896,60000,2,1,Bachellors,Management,1,0
4897,60000,2,1,Bachellors,Management,1,0
4898,70000,4,1,Partial College,Professional,1,2
4899,60000,2,1,Partial College,Professional,0,2
4900,70000,4,1,Partial College,Professional,1,2
4901,40000,2,1,Partial High School,Skilled Manual,1,2
4902,60000,2,1,Partial College,Professional,0,2
4903,60000,2,1,Partial College,Professional,1,2
4904,60000,2,1,Partial College,Professional,1,1
4905,60000,2,1,Partial College,Professional,1,1
4906,70000,2,1,High School,Professional,1,2
4907,70000,2,1,High School,Professional,1,2
4908,60000,2,1,Partial College,Professional,0,1
4909,60000,2,1,Partial College,Professional,1,2
4910,60000,2,1,Partial College,Professional,1,2
4911,70000,4,2,Partial College,Professional,0,1
4912,60000,2,1,High School,Professional,1,2
4913,60000,3,1,High School,Professional,1,2
4914,60000,3,1,High School,Professional,1,2
4915,70000,4,2,Partial College,Professional,1,2
4916,70000,4,2,Partial College,Professional,1,2
4917,70000,4,2,Partial College,Professional,0,2
4918,70000,4,2,Partial College,Professional,1,2
4919,70000,5,2,Partial College,Professional,1,2
4920,130000,2,4,Partial College,Professional,1,1
4921,100000,2,3,Partial College,Professional,1,4
4922,100000,2,3,Partial College,Professional,1,4
4923,150000,2,3,High School,Professional,1,4
4924,100000,2,3,High School,Professional,1,4
4925,100000,2,3,High School,Professional,1,4
4926,110000,3,4,Partial College,Professional,0,4
4927,120000,3,4,High School,Professional,1,4
4928,120000,3,4,High School,Professional,1,4
4929,120000,3,4,High School,Professional,1,4
4930,150000,3,4,High School,Professional,1,3
4931,100000,2,3,High School,Professional,1,4
4932,110000,3,4,Partial College,Professional,1,4
4933,130000,3,4,Partial College,Professional,1,3
4934,160000,2,4,High School,Professional,0,3
4935,70000,3,0,Partial College,Professional,1,2
4936,70000,3,0,Graduate Degree,Management,0,2
4937,90000,4,0,Bachellors,Management,1,1
4938,90000,5,5,Partial College,Professional,1,3
4939,100000,4,1,Partial College,Professional,1,4
4940,100000,4,1,Partial College,Professional,1,4
4941,100000,4,1,Partial College,Professional,1,4
4942,120000,3,2,Bachellors,Management,0,4
4943,80000,4,3,Bachellors,Management,1,0
4944,80000,4,3,Partial College,Professional,0,1
4945,90000,5,5,Partial College,Professional,1,3
4946,100000,4,2,Partial College,Professional,1,0
4947,110000,3,2,Bachellors,Management,0,4
4948,120000,4,2,Partial College,Professional,1,4
4949,130000,2,2,Bachellors,Management,0,3
4950,130000,3,2,Bachellors,Management,1,3
4951,70000,3,2,Partial College,Professional,1,1
4952,70000,4,3,Partial College,Professional,1,0
4953,90000,2,1,Partial College,Professional,0,0
4954,60000,2,0,Graduate Degree,Management,1,2
4955,100000,0,2,Partial College,Professional,1,1
4956,110000,4,2,Bachellors,Management,1,4
4957,130000,3,2,Bachellors,Management,1,4
4958,130000,3,2,Bachellors,Management,0,4
4959,90000,4,3,Partial College,Professional,1,0
4960,100000,1,2,Partial College,Professional,1,3
4961,120000,1,3,Partial College,Professional,0,4
4962,150000,1,2,Partial College,Professional,0,2
4963,90000,4,3,High School,Professional,1,2
4964,90000,4,3,High School,Professional,0,2
4965,130000,1,3,Bachellors,Management,0,2
4966,150000,1,2,Partial College,Professional,0,3
4967,60000,2,0,High School,Professional,0,2
4968,70000,4,3,High School,Professional,1,0
4969,70000,4,3,High School,Professional,1,0
4970,90000,2,1,High School,Professional,1,1
4971,80000,2,0,Partial High School,Skilled Manual,0,2
4972,50000,2,0,Graduate Degree,Management,1,2
4973,70000,4,0,Graduate Degree,Management,1,2
4974,60000,2,0,Graduate Degree,Management,1,2
4975,80000,5,4,Partial College,Professional,1,3
4976,90000,4,3,High School,Professional,0,2
4977,90000,4,3,High School,Professional,1,3
4978,90000,4,3,High School,Professional,1,3
4979,90000,4,3,High School,Professional,1,3
4980,90000,4,3,High School,Professional,1,3
4981,100000,3,2,Partial College,Professional,1,4
4982,100000,0,3,Partial College,Professional,0,2
4983,110000,5,3,Partial College,Professional,1,4
4984,160000,1,3,Partial College,Professional,1,3
4985,170000,1,1,Bachellors,Management,1,2
4986,170000,1,1,Bachellors,Management,1,3
4987,60000,2,0,Partial High School,Skilled Manual,1,2
4988,60000,2,0,Partial High School,Skilled Manual,1,2
4989,70000,3,1,High School,Professional,1,0
4990,70000,3,1,High School,Professional,1,0
4991,70000,3,0,Graduate Degree,Management,1,2
4992,70000,3,0,Graduate Degree,Management,1,2
4993,70000,3,0,Graduate Degree,Management,1,2
4994,60000,3,0,Graduate Degree,Management,1,2
4995,40000,3,0,Partial College,Professional,0,2
4996,40000,3,0,Partial College,Professional,0,2
4997,40000,3,0,Partial College,Professional,0,2
4998,70000,4,0,Graduate Degree,Management,1,2
4999,70000,4,0,Graduate Degree,Management,1,2
5000,70000,4,0,Graduate Degree,Management,1,2
5001,70000,4,0,Graduate Degree,Management,1,2
5002,80000,4,0,Graduate Degree,Management,1,2
5003,110000,2,3,Graduate Degree,Management,1,4
5004,130000,2,3,Graduate Degree,Management,1,3
5005,90000,5,0,Bachellors,Management,1,2
5006,90000,5,0,Bachellors,Management,1,2
5007,110000,2,4,Graduate Degree,Management,1,0
5008,90000,5,0,Bachellors,Management,1,2
5009,110000,2,4,Graduate Degree,Management,1,1
5010,170000,1,2,Graduate Degree,Management,0,4
5011,120000,2,4,Graduate Degree,Management,1,3
5012,130000,2,3,Bachellors,Management,1,4
5013,90000,4,4,Bachellors,Management,0,2
5014,90000,4,4,Partial College,Skilled Manual,0,3
5015,120000,2,1,Bachellors,Management,1,4
5016,30000,0,0,Partial College,Skilled Manual,0,1
5017,20000,4,0,High School,Skilled Manual,1,2
5018,60000,0,0,Partial College,Skilled Manual,0,1
5019,60000,0,0,Partial College,Skilled Manual,0,1
5020,60000,0,0,Partial College,Skilled Manual,1,2
5021,40000,0,0,High School,Skilled Manual,1,2
5022,40000,0,0,Partial High School,Clerical,0,2
5023,40000,0,0,Partial High School,Clerical,0,2
5024,10000,2,1,High School,Skilled Manual,1,2
5025,40000,0,0,Partial College,Skilled Manual,1,1
5026,10000,2,1,Partial High School,Clerical,1,2
5027,30000,2,0,Partial College,Clerical,0,2
5028,30000,2,0,Partial College,Clerical,0,2
5029,30000,2,0,Partial College,Clerical,0,2
5030,30000,2,0,Partial College,Clerical,0,2
5031,20000,4,0,High School,Skilled Manual,1,2
5032,30000,2,0,Partial College,Clerical,0,2
5033,10000,2,1,Partial High School,Clerical,1,2
5034,10000,0,0,Graduate Degree,Manual,1,0
5035,10000,1,0,Graduate Degree,Manual,1,0
5036,20000,1,0,Graduate Degree,Manual,1,0
5037,10000,1,0,Bachellors,Manual,1,0
5038,10000,1,0,Bachellors,Manual,1,0
5039,10000,1,0,Bachellors,Manual,1,0
5040,10000,1,0,Bachellors,Manual,1,0
5041,20000,1,0,Graduate Degree,Clerical,1,0
5042,20000,1,0,Graduate Degree,Clerical,1,0
5043,20000,1,0,Graduate Degree,Clerical,1,0
5044,10000,1,0,Bachellors,Manual,1,0
5045,10000,1,0,Bachellors,Manual,1,0
5046,20000,1,0,Graduate Degree,Clerical,1,0
5047,20000,1,0,Graduate Degree,Clerical,1,0
5048,10000,1,0,Partial College,Manual,1,0
5049,10000,1,0,Partial College,Manual,1,0
5050,10000,1,0,Partial College,Manual,1,0
5051,10000,1,0,Partial College,Manual,1,0
5052,20000,1,0,Bachellors,Clerical,1,0
5053,20000,1,0,Bachellors,Clerical,1,0
5054,20000,1,0,Bachellors,Clerical,1,0
5055,20000,1,0,Bachellors,Clerical,1,0
5056,10000,2,0,Partial College,Manual,1,0
5057,10000,2,0,Partial College,Manual,1,1
5058,10000,2,0,Partial College,Manual,1,1
5059,10000,2,0,Partial College,Manual,1,1
5060,20000,1,0,Bachellors,Clerical,1,0
5061,50000,1,1,Bachellors,Skilled Manual,1,0
5062,50000,1,1,Bachellors,Skilled Manual,1,0
5063,50000,1,1,Bachellors,Skilled Manual,1,1
5064,50000,1,1,Bachellors,Skilled Manual,1,1
5065,50000,1,1,Bachellors,Skilled Manual,1,1
5066,50000,2,2,Bachellors,Skilled Manual,1,0
5067,50000,2,2,Bachellors,Skilled Manual,1,0
5068,50000,2,2,Bachellors,Skilled Manual,0,0
5069,50000,2,2,Bachellors,Skilled Manual,0,0
5070,50000,2,2,Bachellors,Skilled Manual,1,0
5071,60000,1,0,Graduate Degree,Professional,1,0
5072,60000,1,0,Graduate Degree,Professional,1,0
5073,60000,1,0,Graduate Degree,Professional,1,0
5074,60000,1,0,Graduate Degree,Professional,1,0
5075,60000,1,0,Graduate Degree,Professional,1,0
5076,60000,1,0,Graduate Degree,Professional,1,0
5077,60000,1,0,Graduate Degree,Professional,1,0
5078,70000,2,0,Graduate Degree,Professional,1,0
5079,70000,3,0,Graduate Degree,Professional,1,0
5080,80000,1,0,Graduate Degree,Professional,1,0
5081,40000,4,4,High School,Skilled Manual,1,3
5082,70000,2,2,Bachellors,Skilled Manual,1,1
5083,70000,2,2,Bachellors,Skilled Manual,0,1
5084,40000,5,5,High School,Skilled Manual,1,1
5085,40000,0,0,Bachellors,Professional,0,1
5086,60000,1,0,Graduate Degree,Professional,1,0
5087,70000,4,0,Graduate Degree,Professional,1,0
5088,70000,4,0,Graduate Degree,Professional,1,0
5089,40000,0,0,Bachellors,Professional,0,1
5090,50000,2,2,Bachellors,Skilled Manual,1,1
5091,50000,2,2,Bachellors,Skilled Manual,1,1
5092,50000,2,2,Bachellors,Skilled Manual,0,1
5093,60000,0,0,Graduate Degree,Professional,1,0
5094,60000,0,0,Graduate Degree,Professional,1,0
5095,60000,0,0,Graduate Degree,Professional,1,0
5096,70000,4,0,Graduate Degree,Professional,1,0
5097,60000,2,0,Graduate Degree,Professional,1,0
5098,60000,2,0,Graduate Degree,Professional,1,0
5099,70000,5,0,Graduate Degree,Professional,1,0
5100,70000,5,5,Graduate Degree,Professional,1,2
5101,70000,5,5,Graduate Degree,Professional,1,3
5102,80000,2,0,Graduate Degree,Professional,1,0
5103,40000,0,0,Bachellors,Professional,0,1
5104,80000,3,3,Bachellors,Skilled Manual,1,1
5105,80000,3,3,Bachellors,Skilled Manual,1,2
5106,80000,3,3,Bachellors,Skilled Manual,1,3
5107,60000,0,0,Graduate Degree,Professional,1,1
5108,50000,4,4,Bachellors,Skilled Manual,1,2
5109,60000,4,2,Bachellors,Skilled Manual,0,2
5110,60000,4,2,Bachellors,Skilled Manual,1,2
5111,60000,4,2,Bachellors,Skilled Manual,1,2
5112,70000,4,2,Bachellors,Skilled Manual,1,2
5113,70000,4,2,Bachellors,Professional,1,2
5114,70000,4,2,Bachellors,Professional,0,2
5115,70000,4,2,Bachellors,Professional,1,2
5116,70000,0,0,Bachellors,Professional,0,1
5117,70000,0,0,Bachellors,Professional,1,1
5118,40000,4,3,High School,Skilled Manual,1,2
5119,70000,1,0,Bachellors,Professional,0,1
5120,40000,4,3,High School,Skilled Manual,1,2
5121,40000,4,3,High School,Skilled Manual,1,3
5122,40000,4,2,High School,Skilled Manual,0,2
5123,40000,4,2,High School,Skilled Manual,1,2
5124,40000,4,2,High School,Skilled Manual,1,2
5125,40000,4,2,High School,Skilled Manual,1,2
5126,60000,1,0,Partial College,Skilled Manual,1,1
5127,60000,1,0,Partial College,Skilled Manual,1,1
5128,60000,1,0,Partial College,Skilled Manual,1,1
5129,60000,1,0,Partial College,Skilled Manual,1,1
5130,40000,4,2,High School,Skilled Manual,1,2
5131,40000,0,0,Bachellors,Professional,0,1
5132,40000,0,0,Bachellors,Professional,0,1
5133,60000,1,0,Partial College,Skilled Manual,1,1
5134,50000,0,0,Partial College,Skilled Manual,0,1
5135,50000,0,0,Partial College,Skilled Manual,0,1
5136,50000,0,0,Partial College,Skilled Manual,0,1
5137,50000,0,0,Partial College,Skilled Manual,0,1
5138,50000,0,0,Partial College,Skilled Manual,1,1
5139,60000,0,0,Graduate Degree,Professional,0,1
5140,60000,1,0,Partial College,Skilled Manual,1,1
5141,60000,1,0,Partial College,Skilled Manual,1,1
5142,60000,1,0,Partial College,Skilled Manual,1,1
5143,60000,4,3,Bachellors,Professional,1,0
5144,60000,4,3,Bachellors,Professional,1,0
5145,70000,1,0,Graduate Degree,Professional,1,1
5146,70000,5,5,Graduate Degree,Professional,1,3
5147,80000,1,0,Graduate Degree,Professional,1,0
5148,80000,1,0,Partial College,Skilled Manual,1,1
5149,80000,1,0,Partial College,Skilled Manual,1,1
5150,60000,3,2,Bachellors,Professional,1,1
5151,60000,1,0,Bachellors,Professional,1,1
5152,60000,1,0,Bachellors,Professional,1,1
5153,70000,5,4,Graduate Degree,Professional,1,0
5154,70000,5,4,Graduate Degree,Professional,1,1
5155,70000,5,4,Bachellors,Professional,1,2
5156,80000,4,4,Graduate Degree,Management,1,1
5157,90000,1,0,Graduate Degree,Management,1,0
5158,90000,1,0,Graduate Degree,Management,0,0
5159,100000,1,0,Graduate Degree,Management,1,0
5160,100000,1,0,Graduate Degree,Management,1,0
5161,60000,2,2,Bachellors,Professional,1,1
5162,60000,2,2,Bachellors,Professional,1,1
5163,70000,5,5,Bachellors,Professional,1,3
5164,60000,2,2,Bachellors,Professional,1,1
5165,60000,2,2,Bachellors,Professional,1,1
5166,70000,5,5,Bachellors,Professional,1,3
5167,70000,5,5,Bachellors,Professional,1,3
5168,70000,5,5,Bachellors,Professional,1,3
5169,70000,5,5,Bachellors,Professional,1,4
5170,70000,5,5,Bachellors,Professional,1,4
5171,80000,5,5,Graduate Degree,Management,1,3
5172,80000,5,5,Graduate Degree,Management,1,3
5173,80000,5,5,Bachellors,Professional,1,4
5174,60000,2,2,Bachellors,Professional,1,1
5175,60000,3,3,Bachellors,Professional,0,1
5176,60000,3,3,Bachellors,Professional,0,1
5177,70000,0,0,Bachellors,Professional,1,1
5178,70000,0,0,Bachellors,Professional,0,1
5179,80000,5,5,Bachellors,Professional,1,4
5180,80000,5,5,Bachellors,Professional,1,4
5181,70000,0,0,Bachellors,Professional,0,1
5182,70000,0,0,Bachellors,Professional,0,1
5183,60000,3,3,Bachellors,Professional,1,2
5184,60000,3,3,Bachellors,Professional,1,2
5185,60000,4,4,Bachellors,Professional,1,1
5186,60000,4,4,Bachellors,Professional,1,3
5187,30000,0,0,Partial College,Clerical,1,1
5188,20000,0,0,Partial High School,Manual,0,2
5189,20000,0,0,Partial High School,Manual,0,2
5190,30000,0,0,Partial College,Clerical,0,1
5191,30000,0,0,Partial College,Clerical,0,1
5192,30000,0,0,High School,Manual,1,1
5193,30000,0,0,High School,Manual,0,1
5194,30000,0,0,High School,Manual,0,1
5195,30000,0,0,High School,Manual,0,1
5196,30000,0,0,High School,Manual,0,1
5197,40000,1,1,Bachellors,Skilled Manual,1,1
5198,20000,0,0,Partial High School,Manual,0,2
5199,30000,0,0,High School,Manual,1,1
5200,40000,2,2,Partial College,Clerical,1,0
5201,10000,0,0,Partial High School,Manual,0,2
5202,20000,0,0,Partial High School,Manual,1,2
5203,30000,0,0,High School,Manual,0,1
5204,40000,2,2,Partial College,Clerical,1,0
5205,40000,2,2,Partial College,Clerical,1,1
5206,40000,2,2,Partial College,Clerical,1,1
5207,40000,2,2,Partial College,Clerical,1,1
5208,40000,2,2,Partial College,Clerical,1,1
5209,40000,2,2,Partial College,Clerical,1,1
5210,50000,0,0,Graduate Degree,Skilled Manual,1,0
5211,40000,3,3,Partial College,Clerical,1,1
5212,40000,3,3,Partial College,Clerical,1,1
5213,50000,1,0,Graduate Degree,Skilled Manual,1,0
5214,60000,0,0,Graduate Degree,Skilled Manual,1,0
5215,60000,0,0,Graduate Degree,Skilled Manual,1,0
5216,60000,0,0,Graduate Degree,Skilled Manual,1,0
5217,60000,0,0,Graduate Degree,Skilled Manual,1,0
5218,60000,0,0,Graduate Degree,Skilled Manual,1,0
5219,30000,1,0,Bachellors,Skilled Manual,1,1
5220,30000,1,0,Bachellors,Skilled Manual,1,1
5221,30000,1,0,Bachellors,Skilled Manual,1,1
5222,30000,1,0,Bachellors,Skilled Manual,1,1
5223,30000,1,0,Bachellors,Skilled Manual,1,1
5224,30000,1,0,Bachellors,Skilled Manual,1,1
5225,30000,1,0,Bachellors,Skilled Manual,1,1
5226,30000,1,0,Bachellors,Skilled Manual,1,1
5227,30000,1,0,Partial College,Clerical,1,1
5228,30000,1,0,High School,Clerical,1,1
5229,40000,1,0,Partial College,Clerical,1,1
5230,40000,1,0,Partial College,Clerical,1,1
5231,40000,1,0,Partial College,Clerical,1,1
5232,40000,1,0,Partial College,Clerical,1,1
5233,40000,1,0,Partial College,Clerical,1,1
5234,80000,5,0,Graduate Degree,Skilled Manual,1,0
5235,40000,1,0,Partial College,Clerical,1,1
5236,40000,1,0,Partial College,Clerical,1,1
5237,40000,1,0,Partial College,Clerical,1,1
5238,40000,1,0,Partial College,Clerical,1,1
5239,40000,1,0,Partial College,Clerical,1,1
5240,40000,1,0,Partial College,Clerical,1,1
5241,80000,4,0,Graduate Degree,Skilled Manual,1,0
5242,80000,4,0,Graduate Degree,Skilled Manual,1,0
5243,80000,4,0,Graduate Degree,Skilled Manual,1,0
5244,80000,4,0,Graduate Degree,Skilled Manual,1,0
5245,80000,4,0,Graduate Degree,Skilled Manual,1,0
5246,80000,4,0,Graduate Degree,Skilled Manual,1,0
5247,80000,4,0,Graduate Degree,Skilled Manual,1,0
5248,60000,4,0,Graduate Degree,Skilled Manual,1,0
5249,60000,4,0,Graduate Degree,Skilled Manual,1,0
5250,60000,4,0,Graduate Degree,Skilled Manual,0,0
5251,40000,0,0,Graduate Degree,Clerical,1,0
5252,10000,3,3,High School,Manual,1,0
5253,10000,3,3,Partial High School,Manual,1,1
5254,20000,1,1,Partial College,Manual,0,1
5255,20000,1,1,Partial College,Manual,0,1
5256,20000,1,1,Partial College,Manual,0,1
5257,20000,1,1,Partial College,Manual,1,1
5258,20000,1,1,High School,Manual,1,1
5259,30000,1,1,Bachellors,Clerical,0,0
5260,10000,4,4,Partial High School,Manual,1,2
5261,20000,1,1,High School,Manual,0,1
5262,40000,0,0,Bachellors,Clerical,1,0
5263,40000,0,0,Bachellors,Clerical,1,0
5264,40000,0,0,Bachellors,Clerical,1,0
5265,10000,4,0,High School,Manual,0,2
5266,30000,1,1,Bachellors,Clerical,1,1
5267,30000,1,1,Bachellors,Skilled Manual,1,1
5268,30000,1,1,Bachellors,Skilled Manual,1,2
5269,30000,1,1,Bachellors,Skilled Manual,1,2
5270,30000,1,1,Bachellors,Skilled Manual,1,2
5271,30000,1,1,Bachellors,Skilled Manual,1,2
5272,20000,2,2,High School,Manual,1,1
5273,20000,2,2,High School,Manual,1,1
5274,30000,1,1,Bachellors,Skilled Manual,1,2
5275,10000,3,2,Partial High School,Manual,0,1
5276,20000,2,2,High School,Manual,0,2
5277,20000,3,3,High School,Manual,1,0
5278,30000,1,1,Bachellors,Skilled Manual,1,2
5279,30000,2,2,Partial College,Manual,0,0
5280,10000,3,2,Partial High School,Manual,1,2
5281,10000,3,2,Partial High School,Manual,1,2
5282,10000,3,2,Partial High School,Manual,1,2
5283,20000,3,3,High School,Manual,1,2
5284,20000,3,3,High School,Manual,1,2
5285,20000,3,3,High School,Manual,1,2
5286,40000,0,0,Bachellors,Professional,0,0
5287,40000,0,0,Bachellors,Professional,1,0
5288,40000,0,0,Bachellors,Professional,1,0
5289,30000,2,2,Partial College,Clerical,0,0
5290,30000,2,2,Partial College,Clerical,1,1
5291,30000,2,2,Partial College,Clerical,1,2
5292,30000,2,2,Partial College,Clerical,1,2
5293,40000,1,0,Bachellors,Skilled Manual,1,0
5294,40000,1,0,Bachellors,Skilled Manual,1,0
5295,40000,1,0,Bachellors,Skilled Manual,1,0
5296,30000,2,2,Partial College,Clerical,1,2
5297,30000,3,3,Partial College,Clerical,0,0
5298,40000,1,0,Bachellors,Skilled Manual,1,0
5299,40000,1,0,Bachellors,Skilled Manual,1,0
5300,20000,0,0,High School,Manual,0,1
5301,20000,0,0,High School,Manual,0,1
5302,20000,0,0,High School,Manual,0,1
5303,20000,4,4,High School,Manual,1,2
5304,20000,5,5,High School,Manual,1,2
5305,20000,5,5,High School,Manual,1,2
5306,30000,3,3,Partial College,Clerical,1,1
5307,30000,3,3,Partial College,Clerical,0,2
5308,40000,1,0,Bachellors,Skilled Manual,1,0
5309,40000,1,0,Bachellors,Skilled Manual,1,0
5310,40000,1,0,Bachellors,Skilled Manual,1,0
5311,40000,1,0,Bachellors,Skilled Manual,1,1
5312,40000,1,0,Bachellors,Skilled Manual,1,1
5313,30000,3,3,Partial College,Clerical,1,2
5314,30000,4,4,Partial College,Clerical,1,1
5315,30000,4,4,Partial College,Clerical,1,3
5316,30000,5,5,Partial College,Clerical,1,3
5317,30000,0,0,Partial College,Clerical,0,1
5318,30000,0,0,Partial College,Clerical,0,1
5319,30000,0,0,Partial College,Clerical,0,1
5320,20000,0,0,High School,Manual,1,1
5321,20000,0,0,High School,Manual,0,1
5322,10000,0,0,Partial High School,Manual,1,2
5323,10000,0,0,Partial High School,Manual,1,2
5324,30000,0,0,Partial College,Clerical,1,1
5325,40000,1,1,Bachellors,Skilled Manual,1,0
5326,30000,1,0,Partial College,Clerical,1,1
5327,10000,0,0,Partial High School,Manual,0,2
5328,20000,0,0,Partial High School,Manual,0,2
5329,20000,0,0,Partial High School,Manual,1,2
5330,20000,0,0,Partial High School,Manual,0,2
5331,30000,0,0,Partial College,Clerical,1,1
5332,40000,0,0,Partial High School,Clerical,0,2
5333,10000,2,1,Partial High School,Clerical,0,2
5334,30000,0,0,Partial College,Skilled Manual,0,1
5335,30000,0,0,Partial College,Skilled Manual,0,1
5336,30000,0,0,Partial College,Skilled Manual,1,2
5337,60000,0,0,Partial College,Skilled Manual,1,2
5338,60000,0,0,Partial College,Skilled Manual,0,2
5339,20000,2,1,Partial High School,Clerical,1,2
5340,30000,3,0,Partial College,Clerical,0,2
5341,20000,0,0,Partial College,Skilled Manual,0,2
5342,30000,3,0,High School,Skilled Manual,0,2
5343,30000,3,0,High School,Skilled Manual,0,2
5344,30000,3,0,High School,Skilled Manual,0,2
5345,70000,0,0,Partial College,Skilled Manual,0,2
5346,40000,3,0,Partial College,Skilled Manual,1,2
5347,40000,3,0,Partial College,Skilled Manual,0,2
5348,70000,2,0,Graduate Degree,Management,1,2
5349,80000,2,0,Partial College,Skilled Manual,1,2
5350,80000,2,0,Partial College,Skilled Manual,0,2
5351,80000,2,0,Partial College,Skilled Manual,1,2
5352,80000,2,0,Partial College,Skilled Manual,0,2
5353,80000,2,0,Partial College,Skilled Manual,1,2
5354,30000,0,0,Partial College,Skilled Manual,1,2
5355,30000,0,0,High School,Skilled Manual,0,2
5356,30000,0,0,High School,Skilled Manual,1,2
5357,60000,0,0,Partial College,Skilled Manual,1,2
5358,30000,0,0,High School,Skilled Manual,1,2
5359,30000,0,0,High School,Skilled Manual,1,2
5360,30000,1,0,High School,Clerical,1,1
5361,30000,1,0,High School,Clerical,1,1
5362,40000,1,0,Partial College,Clerical,1,1
5363,40000,1,0,Partial College,Clerical,1,1
5364,40000,1,0,Partial College,Clerical,1,1
5365,40000,1,0,Partial College,Clerical,1,1
5366,40000,1,0,Partial College,Clerical,1,1
5367,40000,1,0,Partial College,Clerical,1,1
5368,80000,5,0,Graduate Degree,Skilled Manual,1,0
5369,80000,5,0,Graduate Degree,Skilled Manual,1,0
5370,40000,1,0,Partial College,Clerical,1,1
5371,40000,1,0,Partial College,Clerical,1,1
5372,40000,1,0,Partial College,Clerical,1,1
5373,40000,1,0,Partial College,Clerical,1,1
5374,40000,1,0,Partial College,Clerical,1,1
5375,40000,1,0,Partial College,Clerical,1,1
5376,40000,1,0,Partial College,Clerical,1,1
5377,40000,1,0,Partial College,Clerical,1,1
5378,80000,4,0,Graduate Degree,Skilled Manual,0,0
5379,80000,4,0,Graduate Degree,Skilled Manual,0,0
5380,80000,4,0,Graduate Degree,Skilled Manual,0,0
5381,80000,4,0,Graduate Degree,Skilled Manual,1,0
5382,80000,4,0,Graduate Degree,Skilled Manual,1,0
5383,80000,4,0,Graduate Degree,Skilled Manual,0,0
5384,80000,4,0,Graduate Degree,Skilled Manual,1,0
5385,60000,4,0,Graduate Degree,Skilled Manual,1,0
5386,60000,4,0,Graduate Degree,Skilled Manual,1,0
5387,20000,1,1,Partial College,Manual,0,0
5388,20000,1,1,Partial College,Manual,1,1
5389,30000,1,0,Bachellors,Clerical,1,0
5390,30000,1,0,Bachellors,Clerical,1,0
5391,30000,1,1,Bachellors,Clerical,0,0
5392,30000,1,1,Bachellors,Clerical,0,0
5393,40000,0,0,Graduate Degree,Clerical,1,0
5394,40000,0,0,Graduate Degree,Clerical,1,0
5395,10000,3,3,High School,Manual,1,1
5396,10000,3,3,High School,Manual,0,1
5397,10000,4,4,Partial High School,Manual,1,0
5398,20000,1,1,Partial College,Manual,1,1
5399,20000,1,1,High School,Manual,0,1
5400,30000,1,1,Bachellors,Clerical,0,0
5401,30000,1,1,Bachellors,Clerical,1,0
5402,30000,1,1,Bachellors,Clerical,0,1
5403,30000,1,1,Bachellors,Clerical,0,1
5404,20000,1,1,High School,Manual,1,1
5405,40000,0,0,Bachellors,Clerical,1,0
5406,40000,0,0,Bachellors,Clerical,1,0
5407,40000,0,0,Bachellors,Clerical,0,0
5408,30000,1,1,Bachellors,Skilled Manual,1,2
5409,30000,1,1,Bachellors,Skilled Manual,1,2
5410,30000,1,1,Bachellors,Skilled Manual,1,2
5411,10000,4,3,Partial High School,Manual,1,2
5412,10000,3,2,Partial High School,Manual,1,2
5413,10000,3,2,Partial High School,Manual,1,2
5414,10000,4,0,High School,Manual,0,2
5415,10000,3,2,Partial High School,Manual,1,2
5416,20000,3,3,High School,Manual,1,0
5417,30000,2,2,Partial College,Manual,1,0
5418,30000,2,2,Partial College,Manual,1,0
5419,10000,3,2,Partial High School,Manual,1,2
5420,20000,3,3,High School,Manual,0,1
5421,20000,3,3,High School,Manual,1,1
5422,20000,3,3,High School,Manual,1,1
5423,20000,3,3,High School,Manual,1,1
5424,10000,4,0,High School,Manual,1,2
5425,40000,0,0,Bachellors,Professional,0,0
5426,40000,0,0,Bachellors,Professional,1,0
5427,40000,0,0,Bachellors,Professional,1,0
5428,60000,0,0,Graduate Degree,Skilled Manual,1,0
5429,20000,4,4,High School,Manual,1,1
5430,30000,1,0,Partial College,Clerical,1,1
5431,30000,2,2,Partial College,Clerical,1,1
5432,30000,2,2,Partial College,Clerical,1,1
5433,30000,2,2,Partial College,Clerical,1,2
5434,30000,2,2,Partial College,Clerical,0,2
5435,40000,1,0,Bachellors,Skilled Manual,1,0
5436,40000,1,0,Bachellors,Skilled Manual,1,0
5437,30000,2,2,Partial College,Clerical,1,3
5438,20000,0,0,High School,Manual,0,1
5439,10000,0,0,Partial High School,Manual,0,2
5440,20000,4,4,High School,Manual,1,2
5441,20000,4,4,High School,Manual,1,2
5442,20000,5,5,High School,Manual,0,2
5443,30000,3,3,Partial College,Clerical,1,1
5444,30000,3,3,Partial College,Clerical,1,2
5445,40000,1,0,Bachellors,Skilled Manual,1,0
5446,30000,1,0,Partial College,Clerical,1,1
5447,30000,1,0,Partial College,Clerical,1,1
5448,40000,1,0,Bachellors,Skilled Manual,1,1
5449,40000,1,0,Bachellors,Skilled Manual,1,1
5450,30000,4,4,Partial College,Clerical,1,2
5451,30000,5,5,Partial College,Clerical,1,2
5452,30000,0,0,Partial College,Clerical,0,1
5453,30000,0,0,Partial College,Clerical,0,1
5454,30000,0,0,Partial College,Clerical,0,1
5455,30000,0,0,Partial College,Clerical,0,1
5456,10000,4,0,High School,Manual,0,2
5457,20000,0,0,High School,Manual,0,1
5458,20000,0,0,Partial High School,Manual,0,1
5459,30000,0,0,Partial College,Clerical,0,1
5460,30000,0,0,Partial College,Clerical,0,1
5461,30000,0,0,Partial College,Clerical,0,1
5462,30000,0,0,Partial College,Clerical,0,1
5463,20000,0,0,Partial High School,Manual,0,1
5464,20000,0,0,Partial High School,Manual,0,1
5465,10000,0,0,Partial High School,Manual,1,2
5466,20000,0,0,Partial High School,Manual,0,2
5467,20000,0,0,Partial High School,Manual,0,2
5468,20000,0,0,Partial High School,Manual,1,2
5469,30000,0,0,Partial College,Clerical,1,1
5470,30000,0,0,Partial College,Clerical,1,1
5471,40000,1,1,Bachellors,Skilled Manual,1,0
5472,10000,4,0,High School,Manual,0,2
5473,20000,0,0,Partial High School,Manual,0,2
5474,10000,0,0,Partial High School,Manual,0,2
5475,10000,0,0,Partial High School,Manual,0,2
5476,20000,0,0,Partial High School,Manual,0,2
5477,30000,0,0,Partial College,Clerical,0,1
5478,40000,0,0,Partial High School,Clerical,0,2
5479,70000,0,0,Partial College,Skilled Manual,0,2
5480,60000,0,0,Partial College,Skilled Manual,1,2
5481,20000,2,1,Partial High School,Clerical,1,2
5482,20000,2,1,Partial High School,Clerical,1,2
5483,30000,3,0,Partial College,Clerical,0,2
5484,40000,2,0,Bachellors,Management,1,2
5485,40000,2,0,Partial College,Clerical,0,2
5486,40000,0,0,Partial High School,Clerical,1,2
5487,30000,3,0,High School,Skilled Manual,0,2
5488,30000,3,0,High School,Skilled Manual,1,2
5489,30000,3,0,High School,Skilled Manual,1,2
5490,30000,3,0,High School,Skilled Manual,1,2
5491,60000,0,0,Partial College,Skilled Manual,1,2
5492,70000,0,0,Partial College,Skilled Manual,1,2
5493,40000,2,0,Partial College,Clerical,0,2
5494,40000,3,0,Partial College,Skilled Manual,1,2
5495,80000,2,0,Partial College,Skilled Manual,0,2
5496,80000,2,0,Partial College,Skilled Manual,0,2
5497,80000,2,0,Partial College,Skilled Manual,1,2
5498,30000,0,0,Partial College,Skilled Manual,1,2
5499,30000,0,0,Partial College,Skilled Manual,1,2
5500,30000,0,0,High School,Skilled Manual,1,2
5501,30000,0,0,High School,Skilled Manual,0,2
5502,30000,0,0,High School,Skilled Manual,1,2
5503,30000,0,0,High School,Skilled Manual,1,2
5504,60000,0,0,Partial College,Skilled Manual,1,2
5505,30000,0,0,High School,Skilled Manual,0,2
5506,30000,0,0,High School,Skilled Manual,1,2
5507,60000,0,0,Partial College,Skilled Manual,1,2
5508,10000,2,0,Bachellors,Clerical,1,1
5509,10000,2,0,Bachellors,Clerical,1,1
5510,30000,1,0,Bachellors,Clerical,1,0
5511,10000,3,0,Partial College,Manual,1,1
5512,30000,1,0,Bachellors,Clerical,1,0
5513,40000,1,0,Graduate Degree,Clerical,1,0
5514,10000,3,0,Partial College,Manual,1,1
5515,10000,0,0,Partial College,Manual,1,1
5516,10000,0,0,Partial College,Manual,0,1
5517,20000,0,0,Bachellors,Clerical,1,0
5518,10000,1,1,High School,Manual,1,0
5519,10000,1,1,High School,Manual,0,0
5520,10000,1,1,High School,Manual,0,0
5521,10000,1,1,High School,Manual,1,0
5522,10000,1,1,High School,Manual,0,0
5523,10000,1,1,High School,Manual,1,0
5524,20000,0,0,Bachellors,Clerical,1,0
5525,20000,0,0,Bachellors,Clerical,1,0
5526,20000,0,0,Bachellors,Clerical,0,0
5527,20000,0,0,Bachellors,Clerical,1,0
5528,20000,0,0,Bachellors,Clerical,1,0
5529,20000,0,0,Bachellors,Clerical,1,0
5530,20000,0,0,Bachellors,Clerical,1,0
5531,30000,1,0,Bachellors,Clerical,1,0
5532,30000,1,0,Bachellors,Clerical,1,0
5533,20000,1,1,Partial College,Manual,0,0
5534,20000,1,1,Partial College,Manual,1,0
5535,30000,4,0,Graduate Degree,Clerical,1,0
5536,10000,1,1,High School,Manual,0,1
5537,10000,1,1,High School,Manual,0,1
5538,20000,1,1,Partial College,Manual,0,0
5539,20000,1,1,Partial College,Manual,0,0
5540,20000,1,1,Partial College,Manual,0,0
5541,20000,1,1,Partial College,Manual,1,0
5542,20000,1,1,Partial College,Manual,0,0
5543,20000,1,1,Partial College,Manual,1,0
5544,20000,1,1,Partial College,Manual,1,0
5545,10000,1,1,High School,Manual,1,1
5546,10000,1,1,High School,Manual,1,1
5547,20000,2,0,Partial College,Manual,1,1
5548,20000,2,0,Partial College,Manual,1,1
5549,30000,3,0,Bachellors,Clerical,1,0
5550,30000,3,0,Bachellors,Clerical,1,0
5551,30000,0,0,Bachellors,Clerical,1,0
5552,30000,0,0,Bachellors,Clerical,1,0
5553,30000,0,0,Bachellors,Clerical,1,0
5554,40000,3,0,Graduate Degree,Clerical,1,0
5555,30000,1,0,Bachellors,Clerical,1,0
5556,10000,1,1,High School,Manual,1,1
5557,20000,0,0,Partial College,Manual,0,1
5558,20000,0,0,Partial College,Manual,1,1
5559,20000,0,0,Partial College,Manual,0,1
5560,10000,2,2,High School,Manual,1,0
5561,30000,0,0,Bachellors,Clerical,1,0
5562,30000,0,0,Bachellors,Clerical,1,0
5563,40000,0,0,Graduate Degree,Clerical,1,0
5564,20000,2,0,Graduate Degree,Clerical,1,1
5565,20000,0,0,Partial College,Manual,1,1
5566,40000,0,0,Graduate Degree,Clerical,1,0
5567,40000,0,0,Graduate Degree,Clerical,1,0
5568,50000,0,0,Graduate Degree,Skilled Manual,1,0
5569,40000,1,0,Graduate Degree,Clerical,1,0
5570,10000,3,0,Partial College,Manual,1,2
5571,20000,2,0,Partial College,Manual,1,1
5572,20000,2,0,Partial College,Manual,1,1
5573,10000,2,2,High School,Manual,1,1
5574,20000,1,1,Partial College,Manual,0,0
5575,20000,1,1,Partial College,Manual,0,0
5576,170000,3,4,Graduate Degree,Management,0,2
5577,90000,5,0,Partial College,Professional,1,2
5578,90000,5,0,Partial College,Professional,0,2
5579,100000,2,3,Bachellors,Management,1,4
5580,70000,4,3,High School,Professional,1,1
5581,100000,3,4,High School,Professional,0,2
5582,100000,3,4,High School,Professional,1,3
5583,100000,3,4,High School,Professional,1,3
5584,100000,3,4,High School,Professional,1,3
5585,170000,0,4,High School,Professional,0,4
5586,170000,0,5,Partial High School,Professional,1,2
5587,100000,3,4,Partial College,Professional,1,4
5588,120000,3,5,Bachellors,Management,1,2
5589,130000,4,5,Partial College,Professional,1,2
5590,130000,5,5,Partial College,Professional,1,2
5591,150000,3,5,Bachellors,Management,1,3
5592,160000,3,4,Bachellors,Management,1,4
5593,80000,4,1,Partial College,Professional,1,2
5594,120000,4,5,Partial College,Professional,0,3
5595,170000,4,5,Bachellors,Management,0,3
5596,170000,4,5,Bachellors,Management,1,3
5597,70000,5,2,Partial High School,Skilled Manual,1,2
5598,100000,3,4,Partial College,Professional,1,4
5599,130000,4,5,High School,Professional,0,3
5600,150000,4,5,Bachellors,Management,1,3
5601,90000,4,1,High School,Management,1,3
5602,130000,5,5,High School,Management,0,4
5603,150000,4,5,High School,Management,1,4
5604,110000,4,5,Partial High School,Professional,1,3
5605,120000,5,5,High School,Management,0,4
5606,60000,0,0,Bachellors,Professional,1,4
5607,70000,0,0,Bachellors,Professional,1,3
5608,70000,0,0,Bachellors,Professional,1,3
5609,70000,0,0,Bachellors,Professional,1,3
5610,70000,0,0,Bachellors,Professional,0,4
5611,70000,0,0,Bachellors,Professional,0,4
5612,80000,0,0,Bachellors,Professional,0,3
5613,90000,0,0,Bachellors,Professional,0,2
5614,70000,0,0,Bachellors,Professional,1,4
5615,80000,0,0,Bachellors,Professional,1,3
5616,80000,0,0,Bachellors,Professional,0,3
5617,90000,0,0,Bachellors,Professional,0,2
5618,100000,0,5,High School,Management,1,1
5619,110000,0,5,Partial College,Management,1,3
5620,120000,5,5,Partial High School,Professional,0,4
5621,90000,0,0,Bachellors,Professional,1,3
5622,100000,0,5,High School,Management,0,2
5623,100000,0,5,High School,Management,1,2
5624,150000,5,5,Bachellors,Professional,1,4
5625,90000,0,0,Bachellors,Professional,0,3
5626,100000,0,5,High School,Management,0,2
5627,100000,0,5,High School,Management,1,3
5628,80000,0,0,Bachellors,Professional,1,4
5629,80000,0,0,Bachellors,Professional,0,4
5630,110000,0,5,High School,Management,1,4
5631,110000,0,5,High School,Management,1,4
5632,90000,0,0,Bachellors,Professional,1,4
5633,100000,0,5,High School,Management,1,3
5634,100000,0,5,High School,Management,1,4
5635,90000,0,0,Bachellors,Professional,1,4
5636,100000,0,5,Partial High School,Professional,1,4
5637,110000,0,5,High School,Management,1,4
5638,110000,0,5,High School,Management,1,4
5639,110000,0,5,Partial High School,Professional,1,4
5640,110000,0,5,Partial High School,Professional,1,4
5641,130000,0,5,Partial High School,Management,0,4
5642,70000,5,0,Bachellors,Management,1,2
5643,130000,2,3,Bachellors,Management,0,4
5644,170000,1,2,Graduate Degree,Management,0,4
5645,170000,1,3,Graduate Degree,Management,1,2
5646,80000,5,0,Bachellors,Management,1,2
5647,100000,2,3,Graduate Degree,Management,1,3
5648,120000,2,4,Graduate Degree,Management,1,3
5649,130000,2,3,Bachellors,Management,1,4
5650,110000,2,4,Bachellors,Management,1,3
5651,120000,2,4,Graduate Degree,Management,1,3
5652,120000,2,4,Bachellors,Management,1,3
5653,60000,0,0,Partial College,Skilled Manual,1,2
5654,70000,0,0,Partial College,Professional,1,2
5655,70000,0,0,Partial College,Professional,1,2
5656,60000,0,0,Partial College,Professional,1,2
5657,80000,2,0,High School,Skilled Manual,0,2
5658,80000,2,0,High School,Skilled Manual,0,2
5659,80000,2,0,High School,Skilled Manual,1,2
5660,80000,2,0,High School,Skilled Manual,1,2
5661,70000,2,0,High School,Skilled Manual,0,2
5662,70000,2,0,High School,Skilled Manual,1,2
5663,70000,2,0,High School,Professional,0,2
5664,70000,2,0,High School,Professional,0,2
5665,130000,0,1,Graduate Degree,Management,1,1
5666,130000,0,1,Graduate Degree,Management,0,2
5667,80000,0,0,Bachellors,Management,0,1
5668,30000,0,0,High School,Professional,1,2
5669,30000,0,0,High School,Professional,0,2
5670,60000,0,0,Partial College,Professional,1,2
5671,60000,0,0,Partial College,Professional,0,2
5672,60000,0,0,Partial College,Professional,1,2
5673,60000,0,0,Partial College,Professional,1,2
5674,60000,0,0,Partial College,Professional,0,2
5675,130000,0,1,Graduate Degree,Management,1,3
5676,160000,0,0,Graduate Degree,Management,0,3
5677,130000,0,1,Graduate Degree,Management,1,3
5678,130000,0,1,Graduate Degree,Management,1,4
5679,70000,2,0,Partial High School,Skilled Manual,1,2
5680,70000,0,0,Bachellors,Professional,0,1
5681,70000,0,0,Bachellors,Professional,0,1
5682,80000,5,5,Bachellors,Professional,1,4
5683,90000,4,4,Bachellors,Professional,1,0
5684,90000,4,4,Bachellors,Professional,1,0
5685,60000,1,0,Bachellors,Professional,1,1
5686,60000,1,0,Bachellors,Professional,1,1
5687,60000,1,0,Bachellors,Professional,1,1
5688,60000,1,0,Partial College,Skilled Manual,0,1
5689,60000,1,0,Partial College,Skilled Manual,0,1
5690,60000,1,0,Partial College,Skilled Manual,1,1
5691,110000,0,0,Graduate Degree,Management,1,1
5692,110000,0,0,Graduate Degree,Management,0,2
5693,60000,1,0,Partial College,Skilled Manual,1,1
5694,60000,1,0,Partial College,Skilled Manual,1,1
5695,60000,1,0,Partial College,Skilled Manual,1,1
5696,90000,1,0,Bachellors,Professional,1,1
5697,70000,0,0,Bachellors,Professional,0,1
5698,80000,5,5,Bachellors,Professional,1,4
5699,70000,0,0,Bachellors,Professional,0,1
5700,100000,5,0,Bachellors,Professional,1,1
5701,70000,0,0,Bachellors,Professional,0,1
5702,70000,0,0,Bachellors,Professional,0,2
5703,60000,1,0,Partial College,Skilled Manual,1,1
5704,60000,1,0,Partial College,Skilled Manual,1,1
5705,70000,5,4,Partial College,Skilled Manual,1,2
5706,80000,5,4,Bachellors,Professional,0,2
5707,80000,5,4,Bachellors,Professional,1,2
5708,90000,2,0,Bachellors,Professional,1,1
5709,90000,2,0,Bachellors,Management,0,1
5710,30000,2,0,Partial College,Clerical,0,2
5711,70000,5,4,Partial College,Skilled Manual,1,3
5712,70000,5,4,Partial College,Skilled Manual,1,3
5713,70000,1,0,Partial College,Skilled Manual,0,1
5714,40000,2,0,Bachellors,Management,1,1
5715,30000,0,0,High School,Skilled Manual,1,2
5716,30000,0,0,High School,Skilled Manual,1,2
5717,30000,0,0,High School,Skilled Manual,0,2
5718,40000,0,0,High School,Skilled Manual,1,1
5719,40000,0,0,High School,Skilled Manual,1,1
5720,40000,0,0,High School,Skilled Manual,1,1
5721,30000,0,0,High School,Skilled Manual,1,2
5722,30000,0,0,High School,Skilled Manual,0,2
5723,30000,0,0,High School,Skilled Manual,1,2
5724,30000,0,0,High School,Skilled Manual,1,2
5725,30000,0,0,High School,Skilled Manual,0,2
5726,30000,0,0,High School,Skilled Manual,1,2
5727,30000,0,0,High School,Skilled Manual,1,2
5728,40000,0,0,High School,Skilled Manual,0,2
5729,40000,0,0,High School,Skilled Manual,1,2
5730,30000,2,0,Partial College,Clerical,0,2
5731,30000,2,0,Partial College,Clerical,0,2
5732,30000,0,0,Partial High School,Clerical,0,2
5733,40000,0,0,High School,Skilled Manual,0,2
5734,40000,2,0,Bachellors,Management,1,2
5735,40000,2,0,Bachellors,Management,1,2
5736,40000,0,0,High School,Skilled Manual,0,2
5737,40000,0,0,High School,Skilled Manual,0,2
5738,40000,0,0,High School,Skilled Manual,1,2
5739,30000,2,0,Partial College,Clerical,0,2
5740,40000,2,0,Bachellors,Management,1,2
5741,40000,2,0,Bachellors,Management,0,2
5742,40000,2,0,Bachellors,Management,0,2
5743,40000,2,0,Bachellors,Management,0,2
5744,40000,2,0,Bachellors,Management,1,2
5745,40000,2,0,Bachellors,Management,1,2
5746,60000,2,0,Graduate Degree,Management,0,1
5747,40000,0,0,High School,Skilled Manual,0,2
5748,40000,0,0,High School,Skilled Manual,0,2
5749,40000,0,0,High School,Skilled Manual,1,2
5750,30000,0,0,Partial College,Skilled Manual,1,1
5751,30000,0,0,Partial College,Skilled Manual,1,1
5752,60000,0,0,Partial College,Skilled Manual,1,1
5753,60000,0,0,Partial College,Skilled Manual,1,1
5754,70000,0,0,Partial College,Skilled Manual,1,2
5755,80000,0,0,Bachellors,Management,1,1
5756,80000,0,0,Bachellors,Management,1,1
5757,80000,0,0,Bachellors,Management,0,1
5758,110000,0,1,Graduate Degree,Management,1,0
5759,110000,0,1,Graduate Degree,Management,1,0
5760,110000,0,1,Graduate Degree,Management,0,1
5761,60000,4,0,Graduate Degree,Skilled Manual,0,0
5762,40000,4,4,Partial College,Clerical,1,1
5763,50000,0,0,Graduate Degree,Skilled Manual,1,0
5764,50000,0,0,Graduate Degree,Skilled Manual,1,0
5765,50000,0,0,Graduate Degree,Skilled Manual,1,0
5766,50000,1,0,Graduate Degree,Skilled Manual,1,0
5767,50000,1,0,Graduate Degree,Skilled Manual,1,0
5768,50000,1,0,Graduate Degree,Skilled Manual,1,0
5769,50000,1,0,Graduate Degree,Skilled Manual,1,0
5770,60000,1,0,Graduate Degree,Skilled Manual,1,0
5771,60000,1,1,Graduate Degree,Skilled Manual,1,0
5772,50000,1,1,Graduate Degree,Skilled Manual,1,0
5773,50000,1,1,Graduate Degree,Skilled Manual,1,0
5774,60000,1,0,Graduate Degree,Skilled Manual,1,0
5775,60000,1,0,Graduate Degree,Skilled Manual,1,0
5776,60000,1,0,Graduate Degree,Professional,1,0
5777,50000,1,1,Bachellors,Skilled Manual,1,0
5778,70000,4,0,Bachellors,Management,1,2
5779,60000,4,0,Graduate Degree,Management,1,2
5780,70000,5,0,Bachellors,Management,1,2
5781,70000,5,0,Bachellors,Management,1,2
5782,70000,5,0,Bachellors,Management,1,2
5783,60000,5,0,Bachellors,Management,1,3
5784,60000,5,0,Bachellors,Management,1,3
5785,60000,5,0,Bachellors,Management,1,3
5786,70000,3,1,Bachellors,Management,1,1
5787,70000,4,1,Bachellors,Management,1,1
5788,70000,4,1,Bachellors,Management,1,1
5789,60000,5,0,Bachellors,Management,1,3
5790,60000,5,0,Bachellors,Management,1,3
5791,60000,5,0,Bachellors,Management,1,3
5792,60000,5,0,Bachellors,Management,1,3
5793,60000,5,0,Bachellors,Management,1,3
5794,60000,2,1,Bachellors,Management,1,0
5795,60000,2,1,Bachellors,Management,1,0
5796,70000,4,1,Bachellors,Management,1,1
5797,60000,2,1,Partial College,Professional,1,1
5798,60000,2,1,Partial College,Professional,0,1
5799,60000,2,1,Bachellors,Management,1,0
5800,60000,2,1,Bachellors,Management,1,0
5801,40000,2,1,High School,Professional,1,2
5802,60000,2,1,Partial College,Professional,1,2
5803,60000,2,1,Partial College,Professional,1,2
5804,60000,2,1,Partial College,Professional,0,2
5805,60000,2,1,High School,Professional,1,2
5806,60000,2,1,High School,Professional,1,2
5807,60000,2,1,Partial College,Professional,1,1
5808,60000,2,1,Partial College,Professional,1,1
5809,70000,4,2,Partial College,Professional,0,1
5810,70000,4,2,Partial College,Professional,1,1
5811,70000,2,1,High School,Professional,0,2
5812,60000,2,1,Partial College,Professional,1,1
5813,60000,2,1,Partial College,Professional,1,2
5814,60000,2,1,Partial College,Professional,1,2
5815,70000,4,2,Partial College,Professional,1,1
5816,70000,4,2,Partial College,Professional,1,1
5817,70000,4,2,Partial College,Professional,1,1
5818,70000,4,2,Partial College,Professional,1,1
5819,70000,4,2,Partial College,Professional,1,2
5820,70000,4,2,Partial College,Professional,1,2
5821,70000,5,2,Partial College,Professional,1,2
5822,130000,2,3,Bachellors,Management,0,4
5823,150000,1,3,Partial College,Professional,0,3
5824,160000,1,3,Partial College,Professional,0,4
5825,120000,2,4,High School,Professional,1,4
5826,120000,2,4,High School,Professional,1,4
5827,130000,3,4,Partial College,Professional,1,3
5828,170000,3,3,Bachellors,Management,1,3
5829,160000,2,4,High School,Professional,1,2
5830,160000,2,4,High School,Professional,1,2
5831,130000,3,4,Partial College,Professional,1,3
5832,130000,3,4,Partial College,Professional,1,3
5833,70000,3,0,Graduate Degree,Management,1,2
5834,90000,3,0,Graduate Degree,Management,1,1
5835,50000,2,0,Graduate Degree,Management,1,2
5836,70000,4,0,Graduate Degree,Management,1,2
5837,90000,4,4,Partial College,Professional,1,3
5838,90000,4,4,Partial College,Professional,1,3
5839,110000,2,2,Bachellors,Management,0,3
5840,170000,0,0,Graduate Degree,Management,1,2
5841,80000,4,3,Bachellors,Management,1,0
5842,80000,4,3,Partial College,Professional,1,1
5843,110000,3,2,Bachellors,Management,1,4
5844,130000,2,2,Graduate Degree,Management,0,2
5845,160000,1,1,Bachellors,Management,1,2
5846,170000,0,0,Graduate Degree,Management,0,3
5847,80000,4,3,Partial College,Professional,1,2
5848,80000,4,3,Partial College,Professional,1,2
5849,80000,4,3,Partial College,Professional,0,2
5850,80000,4,3,Partial College,Professional,1,2
5851,90000,0,0,Partial College,Professional,0,2
5852,100000,0,2,Partial College,Professional,1,2
5853,110000,4,2,Bachellors,Management,1,4
5854,110000,4,3,Bachellors,Management,1,0
5855,170000,0,0,Graduate Degree,Management,1,3
5856,80000,5,4,Partial College,Professional,1,2
5857,90000,5,4,Partial College,Professional,1,4
5858,90000,5,4,Partial College,Professional,1,4
5859,100000,1,2,Partial College,Professional,1,3
5860,100000,1,2,Partial College,Professional,1,3
5861,110000,1,3,Bachellors,Management,1,2
5862,130000,1,2,Bachellors,Management,0,4
5863,130000,1,2,Bachellors,Management,1,4
5864,80000,5,4,Partial College,Professional,1,3
5865,100000,3,2,Partial College,Professional,1,4
5866,120000,1,3,High School,Professional,1,4
5867,130000,1,3,Bachellors,Management,1,2
5868,130000,1,3,Bachellors,Management,0,3
5869,160000,1,3,Bachellors,Management,0,2
5870,170000,0,0,Graduate Degree,Management,1,4
5871,60000,2,0,High School,Professional,0,2
5872,90000,2,1,High School,Professional,1,1
5873,80000,2,0,Partial High School,Skilled Manual,1,2
5874,30000,4,0,High School,Professional,0,2
5875,90000,4,0,Bachellors,Management,1,2
5876,90000,4,0,Bachellors,Management,1,2
5877,40000,3,0,Partial College,Professional,0,2
5878,50000,2,0,Graduate Degree,Management,1,2
5879,50000,2,0,Graduate Degree,Management,1,2
5880,50000,2,0,Graduate Degree,Management,1,2
5881,70000,4,0,Graduate Degree,Management,1,2
5882,70000,4,0,Graduate Degree,Management,1,2
5883,100000,3,2,Partial College,Professional,1,4
5884,120000,4,4,High School,Professional,1,1
5885,60000,2,0,High School,Professional,0,2
5886,60000,2,0,Partial High School,Skilled Manual,0,2
5887,60000,2,0,Partial High School,Skilled Manual,1,2
5888,60000,2,0,Partial High School,Skilled Manual,1,2
5889,60000,3,0,Partial High School,Skilled Manual,1,2
5890,60000,3,0,Partial High School,Skilled Manual,1,2
5891,60000,3,0,Partial High School,Skilled Manual,1,2
5892,70000,3,1,High School,Professional,1,0
5893,70000,3,1,High School,Professional,1,0
5894,70000,3,0,Graduate Degree,Management,1,2
5895,60000,3,0,Graduate Degree,Management,1,2
5896,40000,3,0,Partial College,Professional,0,2
5897,40000,3,0,Partial College,Professional,0,2
5898,40000,3,0,Partial College,Professional,1,2
5899,40000,3,0,Partial College,Professional,0,2
5900,110000,2,3,Graduate Degree,Management,0,4
5901,120000,2,4,Graduate Degree,Management,1,3
5902,130000,2,3,Bachellors,Management,1,4
5903,90000,5,0,Bachellors,Management,1,2
5904,110000,2,4,Graduate Degree,Management,1,0
5905,110000,2,4,Graduate Degree,Management,1,0
5906,130000,2,3,Bachellors,Management,1,4
5907,170000,1,1,Graduate Degree,Management,1,4
5908,80000,4,0,Graduate Degree,Management,1,2
5909,80000,4,0,Graduate Degree,Management,1,2
5910,90000,5,0,Bachellors,Management,1,2
5911,120000,2,4,Graduate Degree,Management,1,3
5912,90000,5,0,Bachellors,Management,1,2
14781,90000,5,0,Partial College,Professional,0,2
14782,160000,3,4,Bachellors,Management,0,3
14783,130000,4,4,Partial College,Professional,0,4
14784,130000,4,4,Partial College,Professional,0,4
14785,160000,3,4,Bachellors,Management,0,4
14786,90000,3,2,High School,Professional,1,1
14787,90000,3,2,Partial College,Professional,1,1
14788,100000,3,4,High School,Professional,1,3
14789,110000,3,4,Partial College,Professional,0,4
14790,90000,4,2,Partial College,Professional,1,2
14791,100000,3,4,Bachellors,Management,0,3
14792,100000,3,4,Bachellors,Management,0,4
14793,110000,3,4,Bachellors,Management,1,4
14794,110000,2,5,Partial College,Professional,0,1
14795,90000,4,1,High School,Professional,1,2
14796,110000,4,5,Partial College,Professional,1,2
14797,130000,4,5,High School,Professional,1,3
14798,80000,4,2,High School,Professional,1,2
14799,130000,4,5,High School,Professional,0,3
14800,130000,4,5,High School,Professional,0,3
14801,110000,4,5,High School,Management,0,3
14802,150000,4,5,Partial College,Management,0,4
14803,120000,4,5,Partial College,Management,0,3
14804,120000,4,5,High School,Management,1,3
14805,150000,4,5,Partial College,Management,1,4
14806,170000,5,5,Partial College,Management,0,4
14807,70000,5,1,Partial High School,Skilled Manual,1,3
14808,90000,5,0,Partial High School,Skilled Manual,1,2
14809,90000,5,0,Partial High School,Skilled Manual,1,2
14810,60000,0,0,Bachellors,Professional,1,3
14811,60000,0,0,Bachellors,Professional,1,4
14812,70000,0,0,Bachellors,Professional,0,2
14813,70000,0,0,Bachellors,Professional,1,3
14814,80000,0,0,Bachellors,Professional,1,3
14815,80000,0,0,Bachellors,Professional,0,3
14816,80000,0,0,Bachellors,Professional,1,3
14817,80000,0,0,Bachellors,Professional,0,3
14818,80000,0,0,Bachellors,Professional,1,3
14819,80000,0,0,Bachellors,Professional,1,3
14820,90000,0,0,Bachellors,Professional,0,3
14821,90000,0,0,Bachellors,Professional,1,3
14822,110000,0,5,Partial College,Management,1,3
14823,110000,0,5,Partial College,Management,1,3
14824,110000,0,5,Partial College,Management,1,3
14825,90000,0,0,Bachellors,Professional,0,3
14826,90000,0,0,Bachellors,Professional,1,3
14827,110000,0,5,Partial College,Management,0,3
14828,100000,0,5,High School,Management,1,3
14829,100000,0,5,Partial High School,Professional,1,4
14830,110000,0,5,High School,Management,1,4
14831,120000,0,5,Partial High School,Professional,1,4
14832,110000,0,5,High School,Management,1,4
14833,110000,0,5,Partial High School,Professional,0,4
14834,40000,4,0,High School,Professional,1,2
14835,30000,4,0,High School,Professional,0,2
14836,30000,4,0,High School,Professional,0,2
14837,50000,3,0,Graduate Degree,Management,1,2
14838,50000,3,0,Graduate Degree,Management,1,2
14839,60000,3,0,Graduate Degree,Management,1,2
14840,60000,3,0,Graduate Degree,Management,1,2
14841,60000,3,0,Graduate Degree,Management,1,2
14842,60000,3,0,Graduate Degree,Management,0,2
14843,60000,3,0,Graduate Degree,Management,1,2
14844,60000,3,0,Graduate Degree,Management,1,2
14845,40000,4,0,High School,Professional,0,2
14846,60000,3,0,Bachellors,Management,0,2
14847,60000,3,0,Bachellors,Management,1,2
14848,60000,3,0,Graduate Degree,Management,1,2
14849,40000,4,0,High School,Professional,1,2
14850,50000,3,0,Bachellors,Management,1,2
14851,50000,3,0,Bachellors,Management,1,2
14852,50000,4,0,Bachellors,Management,0,2
14853,50000,4,0,Bachellors,Management,0,2
14854,60000,4,0,Bachellors,Management,1,2
14855,60000,4,0,Bachellors,Management,1,2
14856,60000,4,0,Bachellors,Management,0,2
14857,30000,4,0,High School,Professional,1,2
14858,30000,5,0,Partial High School,Clerical,0,2
14859,20000,5,0,Partial High School,Clerical,1,3
14860,20000,5,0,Partial High School,Clerical,1,3
14861,20000,5,0,Partial High School,Clerical,1,3
14862,30000,5,0,Partial High School,Skilled Manual,1,4
14863,30000,2,1,Partial High School,Skilled Manual,0,2
14864,40000,5,0,High School,Professional,1,3
14865,40000,5,0,High School,Professional,1,3
14866,40000,5,0,High School,Professional,1,3
14867,40000,5,0,High School,Professional,1,4
14868,70000,5,0,Bachellors,Management,1,3
14869,70000,5,0,Bachellors,Management,1,3
14870,40000,2,1,High School,Professional,1,2
14871,40000,2,1,High School,Professional,1,2
14872,40000,2,1,High School,Professional,1,2
14873,70000,2,1,Bachellors,Management,0,1
14874,70000,2,1,Bachellors,Management,1,1
14875,70000,2,1,Bachellors,Management,1,1
14876,40000,2,1,High School,Professional,0,2
14877,60000,2,1,Partial College,Professional,1,1
14878,60000,2,1,Partial College,Professional,1,1
14879,60000,2,1,Bachellors,Management,0,0
14880,60000,2,1,Bachellors,Management,1,0
14881,60000,2,1,Bachellors,Management,1,0
14882,60000,2,1,Bachellors,Management,1,0
14883,60000,2,1,Bachellors,Management,1,0
14884,60000,2,1,Partial College,Professional,1,2
14885,40000,2,1,Partial High School,Skilled Manual,1,2
14886,40000,2,1,Partial High School,Skilled Manual,1,2
14887,60000,2,1,Partial College,Professional,1,2
14888,60000,2,1,Partial College,Professional,1,2
14889,60000,2,1,Partial College,Professional,1,2
14890,60000,2,1,Partial College,Professional,0,1
14891,60000,2,1,Partial College,Professional,1,1
14892,80000,3,1,Bachellors,Management,0,1
14893,60000,2,1,High School,Professional,1,2
14894,60000,2,1,High School,Professional,1,2
14895,60000,2,1,Partial College,Professional,1,2
14896,40000,2,1,Partial High School,Skilled Manual,0,4
14897,70000,2,1,High School,Professional,1,2
14898,70000,2,1,High School,Professional,1,2
14899,70000,2,1,High School,Professional,1,2
14900,70000,2,1,High School,Professional,1,2
14901,70000,2,1,Partial High School,Skilled Manual,1,2
14902,70000,2,1,Partial High School,Skilled Manual,0,2
14903,70000,2,1,Partial High School,Skilled Manual,1,2
14904,70000,2,1,Partial High School,Skilled Manual,1,2
14905,60000,3,1,High School,Professional,1,2
14906,60000,3,1,Partial High School,Skilled Manual,0,3
14907,10000,5,0,High School,Skilled Manual,0,2
14908,10000,2,1,High School,Skilled Manual,1,2
14909,60000,0,0,Partial College,Skilled Manual,0,1
14910,60000,0,0,Partial College,Skilled Manual,1,1
14911,60000,0,0,Partial College,Skilled Manual,1,1
14912,40000,0,0,High School,Skilled Manual,0,2
14913,10000,2,1,Partial High School,Clerical,1,2
14914,10000,2,1,Partial High School,Clerical,1,2
14915,30000,0,0,Partial College,Skilled Manual,1,1
14916,30000,0,0,Partial College,Skilled Manual,0,1
14917,60000,0,0,Partial College,Skilled Manual,1,2
14918,60000,0,0,Partial College,Skilled Manual,0,2
14919,30000,2,0,Partial College,Clerical,0,2
14920,30000,2,0,Partial College,Clerical,0,2
14921,40000,2,0,Bachellors,Management,0,2
14922,30000,2,0,Partial College,Clerical,0,2
14923,30000,2,0,Partial College,Clerical,1,2
14924,10000,2,1,Partial High School,Clerical,1,2
14925,70000,0,0,Partial College,Skilled Manual,0,2
14926,40000,0,0,Bachellors,Professional,0,2
14927,20000,4,0,High School,Skilled Manual,1,2
14928,20000,2,1,High School,Skilled Manual,1,2
14929,20000,2,1,High School,Skilled Manual,1,2
14930,40000,0,0,Partial College,Skilled Manual,0,1
14931,40000,0,0,Partial College,Skilled Manual,1,1
14932,40000,0,0,Partial College,Skilled Manual,1,1
14933,40000,0,0,Partial College,Skilled Manual,0,1
14934,60000,0,0,Partial College,Skilled Manual,0,2
14935,70000,0,0,Partial College,Skilled Manual,0,2
14936,20000,2,1,Partial High School,Clerical,1,2
14937,20000,2,1,Partial High School,Clerical,1,2
14938,20000,2,1,Partial High School,Clerical,1,2
14939,30000,3,0,Partial College,Clerical,0,2
14940,20000,2,1,Partial High School,Clerical,1,2
14941,20000,2,1,Partial High School,Clerical,1,2
14942,20000,2,1,Partial High School,Clerical,1,2
14943,60000,0,0,Partial College,Skilled Manual,0,2
14944,70000,0,0,Partial College,Skilled Manual,0,2
14945,20000,2,1,Partial High School,Clerical,1,2
14946,30000,3,0,High School,Skilled Manual,1,2
14947,40000,2,0,Partial College,Skilled Manual,1,2
14948,40000,3,0,Partial High School,Clerical,1,2
14949,40000,3,0,Partial High School,Clerical,0,2
14950,40000,3,0,Partial High School,Clerical,1,2
14951,40000,0,0,High School,Skilled Manual,1,2
14952,40000,0,0,High School,Skilled Manual,0,2
14953,40000,0,0,High School,Skilled Manual,0,2
14954,40000,0,0,High School,Skilled Manual,1,2
14955,60000,0,0,Partial College,Skilled Manual,0,2
14956,60000,0,0,Partial College,Skilled Manual,0,2
14957,50000,0,0,High School,Skilled Manual,1,2
14958,60000,0,0,Partial College,Professional,0,2
14959,80000,2,0,High School,Skilled Manual,1,2
14960,60000,0,0,Partial College,Professional,0,2
14961,70000,2,0,High School,Skilled Manual,1,2
14962,70000,2,0,High School,Skilled Manual,1,2
14963,80000,0,0,Bachellors,Management,0,1
14964,60000,0,0,Partial College,Professional,1,2
14965,60000,0,0,Partial College,Professional,0,2
14966,130000,0,1,Graduate Degree,Management,0,4
14967,130000,1,1,Graduate Degree,Management,1,4
14968,70000,2,0,Partial High School,Skilled Manual,1,2
14969,60000,4,4,Bachellors,Skilled Manual,1,3
14970,60000,4,2,Bachellors,Skilled Manual,0,2
14971,60000,4,2,Bachellors,Skilled Manual,0,2
14972,70000,4,2,Bachellors,Professional,1,2
14973,70000,4,2,Bachellors,Professional,0,2
14974,70000,4,2,Bachellors,Professional,0,2
14975,70000,4,2,Bachellors,Professional,1,2
14976,70000,4,2,Bachellors,Professional,0,2
14977,70000,0,0,Bachellors,Professional,0,1
14978,60000,2,2,Graduate Degree,Professional,1,0
14979,90000,5,0,Bachellors,Professional,1,0
14980,70000,4,2,Bachellors,Professional,1,2
14981,70000,4,2,Bachellors,Professional,1,3
14982,70000,4,2,Bachellors,Professional,1,4
14983,70000,0,0,Bachellors,Professional,0,1
14984,70000,0,0,Bachellors,Professional,0,1
14985,60000,3,2,Graduate Degree,Professional,1,0
14986,60000,3,2,Graduate Degree,Professional,0,0
14987,60000,3,2,Graduate Degree,Professional,0,0
14988,40000,3,2,High School,Skilled Manual,1,2
14989,40000,4,3,High School,Skilled Manual,1,2
14990,70000,1,0,Bachellors,Professional,1,1
14991,70000,1,0,Bachellors,Professional,0,1
14992,70000,1,0,Partial College,Skilled Manual,1,1
14993,70000,1,0,Partial College,Skilled Manual,1,1
14994,40000,4,3,High School,Skilled Manual,1,3
14995,40000,4,2,High School,Skilled Manual,1,2
14996,40000,4,2,High School,Skilled Manual,1,2
14997,60000,1,0,Partial College,Skilled Manual,1,1
14998,60000,1,0,Partial College,Skilled Manual,1,1
14999,60000,1,0,Partial College,Skilled Manual,1,1
15000,40000,4,2,High School,Skilled Manual,1,2
15001,40000,0,0,Bachellors,Professional,0,1
15002,50000,0,0,Partial College,Skilled Manual,0,1
15003,50000,0,0,Partial College,Skilled Manual,0,1
15004,60000,0,0,Graduate Degree,Professional,0,1
15005,60000,1,0,Partial College,Skilled Manual,1,1
15006,60000,1,0,Partial College,Skilled Manual,1,1
15007,60000,4,3,Bachellors,Professional,1,0
15008,60000,4,3,Bachellors,Professional,0,0
15009,70000,5,5,Graduate Degree,Professional,1,3
15010,70000,5,5,Graduate Degree,Professional,1,3
15011,70000,5,5,Graduate Degree,Professional,1,3
15012,80000,2,0,Graduate Degree,Professional,0,0
15013,80000,1,0,Partial College,Skilled Manual,1,1
15014,60000,1,0,Bachellors,Professional,1,1
15015,60000,1,0,Bachellors,Professional,0,1
15016,60000,1,0,Bachellors,Professional,1,1
15017,60000,1,0,Bachellors,Professional,0,1
15018,70000,5,4,Graduate Degree,Professional,0,2
15019,80000,5,0,Graduate Degree,Professional,1,0
15020,80000,4,4,Graduate Degree,Management,1,1
15021,100000,1,0,Graduate Degree,Management,1,0
15022,100000,1,0,Graduate Degree,Management,1,0
15023,100000,1,0,Graduate Degree,Management,1,0
15024,60000,2,2,Bachellors,Professional,0,1
15025,80000,4,4,Graduate Degree,Management,1,1
15026,90000,2,0,Bachellors,Professional,1,0
15027,70000,5,5,Bachellors,Professional,1,3
15028,110000,1,0,Graduate Degree,Management,0,1
15029,130000,1,0,Graduate Degree,Management,0,1
15030,80000,5,5,Graduate Degree,Management,0,3
15031,60000,3,3,Bachellors,Professional,1,1
15032,60000,3,3,Bachellors,Professional,0,1
15033,70000,5,5,Bachellors,Professional,1,4
15034,70000,0,0,Bachellors,Professional,1,1
15035,60000,3,3,Bachellors,Professional,1,2
15036,60000,3,3,Bachellors,Professional,1,2
15037,60000,3,3,Bachellors,Professional,1,2
15038,20000,0,0,Partial High School,Manual,1,2
15039,30000,0,0,Partial College,Clerical,0,1
15040,60000,2,0,High School,Professional,1,2
15041,70000,2,1,Partial College,Professional,1,0
15042,70000,3,2,Partial College,Professional,1,0
15043,90000,2,0,Partial College,Professional,0,1
15044,80000,2,0,Partial High School,Skilled Manual,1,2
15045,80000,2,0,Partial High School,Skilled Manual,0,2
15046,80000,2,0,Partial High School,Skilled Manual,0,2
15047,80000,2,0,Partial High School,Skilled Manual,1,2
15048,80000,2,0,Partial High School,Skilled Manual,1,2
15049,60000,2,0,High School,Professional,1,2
15050,60000,2,0,High School,Professional,0,2
15051,60000,2,0,High School,Professional,0,2
15052,40000,3,0,Partial College,Professional,1,2
15053,90000,5,5,Partial College,Professional,1,3
15054,100000,3,1,Bachellors,Management,1,3
15055,100000,4,1,Bachellors,Management,0,4
15056,100000,4,1,Partial College,Professional,1,4
15057,100000,4,1,Partial College,Professional,1,4
15058,110000,2,2,Bachellors,Management,1,3
15059,120000,3,2,Bachellors,Management,1,4
15060,130000,1,1,Graduate Degree,Management,1,4
15061,130000,1,2,Graduate Degree,Management,1,1
15062,170000,0,0,Graduate Degree,Management,0,3
15063,80000,4,3,Partial College,Professional,1,2
15064,80000,4,3,Partial College,Professional,1,2
15065,100000,5,2,Partial College,Professional,1,1
15066,110000,3,2,Bachellors,Management,0,4
15067,70000,3,2,Partial College,Professional,0,0
15068,70000,3,2,Partial College,Professional,0,1
15069,70000,4,3,Partial College,Professional,1,0
15070,70000,4,3,Partial College,Professional,1,0
15071,90000,2,1,Partial College,Professional,1,0
15072,80000,2,0,Partial High School,Skilled Manual,0,2
15073,80000,2,0,Partial High School,Skilled Manual,1,2
15074,50000,2,0,Graduate Degree,Management,0,2
15075,80000,4,3,Partial College,Professional,1,2
15076,90000,0,0,Partial College,Professional,1,2
15077,80000,5,4,Partial College,Professional,1,2
15078,80000,5,4,Partial College,Professional,1,3
15079,90000,5,4,Partial College,Professional,1,3
15080,90000,5,4,Partial College,Professional,1,4
15081,100000,1,2,Partial College,Professional,1,3
15082,100000,1,2,Partial College,Professional,0,3
15083,130000,1,2,Bachellors,Management,0,4
15084,150000,1,1,Partial College,Professional,0,4
15085,160000,1,2,Bachellors,Management,0,3
15086,70000,5,4,Partial College,Professional,1,3
15087,80000,5,4,Partial College,Professional,1,3
15088,90000,4,3,High School,Professional,1,1
15089,90000,4,3,High School,Professional,1,2
15090,110000,1,3,Bachellors,Management,0,3
15091,110000,1,3,Bachellors,Management,1,3
15092,160000,1,2,Bachellors,Management,0,4
15093,80000,2,0,Partial High School,Skilled Manual,1,2
15094,60000,2,0,High School,Professional,0,2
15095,60000,2,0,High School,Professional,0,2
15096,70000,4,3,High School,Professional,1,0
15097,90000,2,1,High School,Professional,1,1
15098,130000,2,3,Graduate Degree,Management,0,3
15099,130000,2,3,Graduate Degree,Management,0,3
15100,40000,3,0,Partial College,Professional,0,2
15101,40000,3,0,Partial College,Professional,1,2
15102,50000,2,0,Graduate Degree,Management,1,2
15103,90000,4,3,High School,Professional,0,2
15104,90000,4,3,High School,Professional,1,3
15105,100000,0,3,Partial College,Professional,0,0
15106,110000,3,3,Partial College,Professional,0,4
15107,120000,5,4,High School,Professional,1,3
15108,130000,4,3,Bachellors,Management,1,3
15109,170000,1,1,Graduate Degree,Management,0,2
15110,70000,3,0,Partial High School,Skilled Manual,1,2
15111,70000,3,1,High School,Professional,1,0
15112,70000,3,1,High School,Professional,1,1
15113,70000,3,0,Graduate Degree,Management,1,2
15114,70000,3,0,Graduate Degree,Management,1,2
15115,70000,3,0,Graduate Degree,Management,1,2
15116,70000,3,0,Graduate Degree,Management,0,2
15117,70000,3,0,Graduate Degree,Management,0,2
15118,40000,3,0,Partial College,Professional,1,2
15119,40000,3,0,Partial College,Professional,1,2
15120,40000,3,0,Partial College,Professional,1,2
15121,40000,3,0,Partial College,Professional,0,2
15122,40000,3,0,Partial College,Professional,0,2
15123,40000,4,0,Partial College,Professional,1,2
15124,40000,4,0,Partial College,Professional,1,2
15125,40000,4,0,Partial College,Professional,1,2
15126,40000,4,0,Partial College,Professional,1,2
15127,30000,4,0,High School,Professional,1,2
15128,30000,4,0,High School,Professional,1,2
15129,30000,4,0,High School,Professional,1,2
15130,60000,4,4,Bachellors,Professional,1,2
15131,60000,4,4,Bachellors,Professional,1,3
15132,60000,3,2,Bachellors,Professional,1,2
15133,70000,0,0,Bachellors,Professional,0,1
15134,70000,0,0,Bachellors,Professional,1,1
15135,90000,3,3,Bachellors,Professional,1,0
15136,90000,3,3,Bachellors,Professional,1,0
15137,90000,3,3,Bachellors,Professional,1,0
15138,90000,4,4,Bachellors,Professional,1,0
15139,70000,1,0,Partial College,Skilled Manual,1,1
15140,60000,1,0,Partial College,Skilled Manual,1,1
15141,100000,0,0,Graduate Degree,Management,0,1
15142,110000,0,0,Graduate Degree,Management,1,3
15143,60000,1,0,Partial College,Skilled Manual,1,1
15144,90000,1,0,Bachellors,Professional,1,1
15145,40000,2,0,Bachellors,Professional,1,1
15146,70000,0,0,Bachellors,Professional,0,1
15147,80000,5,5,Bachellors,Professional,1,4
15148,80000,5,5,Bachellors,Professional,1,4
15149,80000,5,5,Bachellors,Professional,1,4
15150,70000,0,0,Bachellors,Professional,0,1
15151,70000,0,0,Bachellors,Professional,0,1
15152,90000,1,0,Bachellors,Professional,1,1
15153,70000,0,0,Bachellors,Professional,0,2
15154,60000,1,0,Partial College,Skilled Manual,1,1
15155,60000,1,0,Partial College,Skilled Manual,1,1
15156,70000,5,4,Bachellors,Professional,1,2
15157,70000,5,4,Partial College,Skilled Manual,1,2
15158,70000,5,4,Partial College,Skilled Manual,1,3
15159,70000,1,0,Partial College,Skilled Manual,1,1
15160,70000,1,0,Partial College,Skilled Manual,1,1
15161,70000,1,0,Partial College,Skilled Manual,1,1
15162,60000,3,2,Partial College,Skilled Manual,1,2
15163,60000,3,2,Partial College,Skilled Manual,1,2
15164,70000,5,4,Partial College,Skilled Manual,1,3
15165,70000,5,4,Partial College,Skilled Manual,0,3
15166,70000,1,0,Partial College,Skilled Manual,1,1
15167,80000,1,0,Partial College,Skilled Manual,0,1
15168,40000,2,0,Bachellors,Management,0,1
15169,30000,0,0,High School,Skilled Manual,1,2
15170,30000,0,0,High School,Skilled Manual,1,2
15171,30000,0,0,High School,Skilled Manual,0,2
15172,40000,0,0,High School,Skilled Manual,1,1
15173,40000,0,0,High School,Skilled Manual,0,2
15174,40000,0,0,High School,Skilled Manual,1,2
15175,30000,0,0,High School,Skilled Manual,0,2
15176,30000,0,0,High School,Skilled Manual,1,2
15177,30000,0,0,High School,Skilled Manual,1,2
15178,30000,0,0,High School,Skilled Manual,0,2
15179,40000,0,0,High School,Skilled Manual,1,2
15180,10000,5,0,High School,Skilled Manual,0,2
15181,30000,0,0,Partial High School,Clerical,0,2
15182,40000,0,0,High School,Skilled Manual,1,2
15183,30000,2,0,Partial College,Clerical,0,2
15184,30000,0,0,Partial High School,Clerical,0,2
15185,30000,0,0,Partial High School,Clerical,0,2
15186,40000,0,0,High School,Skilled Manual,1,2
15187,30000,2,0,Partial College,Clerical,0,2
15188,40000,2,0,Bachellors,Management,1,2
15189,40000,2,0,Bachellors,Management,1,2
15190,40000,2,0,Bachellors,Management,0,2
15191,40000,2,0,Bachellors,Management,0,2
15192,40000,2,0,Bachellors,Management,0,2
15193,40000,2,0,Bachellors,Management,1,2
15194,40000,0,0,Partial College,Skilled Manual,0,1
15195,40000,0,0,Partial College,Skilled Manual,1,1
15196,40000,0,0,Partial College,Skilled Manual,1,1
15197,40000,0,0,High School,Skilled Manual,1,2
15198,40000,0,0,Partial College,Skilled Manual,0,1
15199,50000,0,0,Partial College,Skilled Manual,0,1
15200,50000,0,0,Partial College,Skilled Manual,0,1
15201,70000,0,0,Partial College,Skilled Manual,1,2
15202,80000,0,0,Bachellors,Management,1,1
15203,80000,0,0,Bachellors,Management,0,1
15204,120000,0,0,Bachellors,Management,1,3
15205,130000,5,5,Partial High School,Management,1,4
15206,130000,2,4,Partial College,Professional,1,2
15207,130000,2,4,Partial College,Professional,1,2
15208,150000,1,3,Partial College,Professional,0,3
15209,160000,2,3,Partial College,Professional,0,4
15210,20000,0,0,Partial High School,Manual,0,2
15211,20000,0,0,Partial High School,Manual,0,2
15212,20000,0,0,Partial High School,Manual,1,2
15213,30000,0,0,Partial College,Clerical,0,1
15214,30000,0,0,High School,Manual,0,1
15215,40000,1,1,Bachellors,Skilled Manual,1,0
15216,40000,1,1,Bachellors,Skilled Manual,0,0
15217,10000,0,0,Partial High School,Manual,1,2
15218,10000,0,0,Partial High School,Manual,1,2
15219,20000,0,0,Partial High School,Manual,0,2
15220,40000,1,1,Bachellors,Skilled Manual,1,1
15221,40000,1,1,Bachellors,Skilled Manual,1,1
15222,30000,0,0,High School,Manual,0,1
15223,30000,0,0,High School,Manual,0,1
15224,30000,0,0,High School,Manual,0,1
15225,30000,0,0,High School,Manual,0,1
15226,30000,0,0,High School,Manual,0,1
15227,40000,2,2,Partial College,Clerical,1,0
15228,40000,2,2,Partial College,Clerical,1,0
15229,40000,2,2,Partial College,Clerical,1,0
15230,30000,0,0,High School,Manual,0,1
15231,30000,0,0,High School,Manual,1,1
15232,40000,2,2,Partial College,Clerical,1,1
15233,40000,0,0,Graduate Degree,Skilled Manual,1,0
15234,40000,0,0,Graduate Degree,Skilled Manual,1,0
15235,40000,3,3,Partial College,Clerical,1,0
15236,40000,3,3,Partial College,Clerical,1,1
15237,40000,3,3,Partial College,Clerical,1,1
15238,40000,3,3,Partial College,Clerical,1,1
15239,40000,3,3,Partial College,Clerical,1,1
15240,40000,3,3,Partial College,Clerical,1,1
15241,50000,0,0,Graduate Degree,Skilled Manual,0,0
15242,50000,0,0,Graduate Degree,Skilled Manual,1,0
15243,40000,4,4,Partial College,Clerical,1,1
15244,80000,0,0,Graduate Degree,Skilled Manual,0,0
15245,80000,0,0,Graduate Degree,Skilled Manual,0,0
15246,80000,0,0,Graduate Degree,Skilled Manual,1,0
15247,80000,0,0,Graduate Degree,Skilled Manual,0,0
15248,80000,0,0,Graduate Degree,Skilled Manual,1,0
15249,20000,3,0,Partial High School,Clerical,0,2
15250,30000,1,0,High School,Clerical,1,1
15251,30000,1,0,High School,Clerical,0,1
15252,30000,1,0,High School,Clerical,0,1
15253,40000,1,0,Partial College,Clerical,1,1
15254,20000,3,0,Partial High School,Clerical,0,2
15255,20000,3,0,Partial High School,Clerical,0,2
15256,20000,3,0,Partial High School,Clerical,0,2
15257,20000,3,0,Partial High School,Clerical,0,2
15258,20000,3,0,Partial High School,Clerical,0,2
15259,20000,3,0,Partial High School,Clerical,1,2
15260,30000,1,0,High School,Clerical,0,1
15261,30000,1,0,High School,Clerical,1,2
15262,20000,3,0,Partial High School,Clerical,1,2
15263,20000,3,0,Partial High School,Clerical,0,2
15264,20000,3,0,Partial High School,Clerical,1,2
15265,20000,3,0,Partial High School,Clerical,1,2
15266,20000,3,0,Partial High School,Clerical,0,2
15267,30000,2,0,High School,Skilled Manual,0,2
15268,30000,2,0,High School,Skilled Manual,0,2
15269,20000,2,1,Partial High School,Clerical,1,2
15270,20000,2,1,Partial High School,Clerical,1,2
15271,20000,2,1,Partial High School,Clerical,1,2
15272,20000,2,1,Partial High School,Clerical,1,2
15273,20000,2,1,Partial High School,Clerical,1,2
15274,20000,2,1,Partial High School,Clerical,1,2
15275,30000,2,0,High School,Skilled Manual,0,2
15276,40000,1,0,Partial College,Clerical,0,1
15277,40000,1,0,Partial College,Clerical,1,1
15278,40000,2,0,Partial College,Clerical,1,1
15279,40000,2,0,Partial College,Clerical,0,1
15280,40000,2,0,Partial College,Clerical,1,1
15281,40000,2,0,Partial College,Clerical,0,1
15282,40000,2,0,Partial College,Clerical,1,1
15283,50000,0,0,Graduate Degree,Skilled Manual,0,0
15284,50000,0,0,Graduate Degree,Skilled Manual,1,0
15285,50000,0,0,Graduate Degree,Skilled Manual,0,0
15286,50000,0,0,Graduate Degree,Skilled Manual,1,0
15287,50000,0,0,Graduate Degree,Skilled Manual,1,0
15288,50000,0,0,Graduate Degree,Skilled Manual,0,0
15289,40000,1,0,Graduate Degree,Skilled Manual,1,0
15290,40000,1,0,Graduate Degree,Skilled Manual,1,0
15291,60000,1,0,Graduate Degree,Skilled Manual,1,0
15292,70000,1,0,Graduate Degree,Skilled Manual,1,0
15293,70000,1,1,Graduate Degree,Skilled Manual,1,0
15294,70000,1,1,Graduate Degree,Skilled Manual,1,0
15295,50000,1,1,Graduate Degree,Skilled Manual,0,0
15296,50000,1,1,Bachellors,Skilled Manual,1,0
15297,50000,1,1,Bachellors,Skilled Manual,1,0
15298,50000,1,1,Bachellors,Skilled Manual,1,0
15299,50000,1,1,Bachellors,Skilled Manual,1,0
15300,60000,1,0,Graduate Degree,Skilled Manual,0,0
15301,60000,1,0,Graduate Degree,Skilled Manual,1,0
15302,70000,1,0,Graduate Degree,Professional,0,0
15303,40000,1,1,Bachellors,Skilled Manual,1,1
15304,40000,1,1,Bachellors,Skilled Manual,1,1
15305,60000,1,0,Graduate Degree,Professional,1,0
15306,60000,2,2,Bachellors,Skilled Manual,0,0
15307,60000,2,2,Bachellors,Skilled Manual,0,0
15308,60000,2,2,Bachellors,Skilled Manual,1,0
15309,60000,2,2,Bachellors,Skilled Manual,0,0
15310,60000,2,2,Bachellors,Skilled Manual,0,0
15311,60000,1,0,Graduate Degree,Professional,0,0
15312,60000,1,0,Graduate Degree,Professional,1,0
15313,60000,1,0,Graduate Degree,Professional,1,0
15314,70000,3,0,Graduate Degree,Professional,1,0
15315,30000,2,0,High School,Skilled Manual,1,2
15316,60000,1,0,Graduate Degree,Professional,0,0
15317,60000,1,0,Graduate Degree,Professional,1,0
15318,60000,1,0,Graduate Degree,Professional,1,0
15319,40000,4,4,High School,Skilled Manual,1,3
15320,70000,2,2,Bachellors,Skilled Manual,0,0
15321,70000,2,2,Bachellors,Skilled Manual,1,1
15322,70000,2,2,Bachellors,Skilled Manual,1,1
15323,40000,0,0,Bachellors,Professional,0,1
15324,60000,2,0,Graduate Degree,Professional,1,0
15325,70000,3,0,Graduate Degree,Professional,0,0
15326,70000,3,0,Graduate Degree,Professional,1,0
15327,70000,4,0,Graduate Degree,Professional,1,0
15328,70000,4,0,Graduate Degree,Professional,1,0
15329,80000,2,0,Graduate Degree,Professional,0,0
15330,50000,2,2,Bachellors,Skilled Manual,1,1
15331,50000,2,2,Bachellors,Skilled Manual,0,1
15332,50000,2,2,Bachellors,Skilled Manual,1,1
15333,80000,3,3,Bachellors,Skilled Manual,0,0
15334,80000,3,3,Bachellors,Skilled Manual,1,0
15335,80000,3,3,Bachellors,Skilled Manual,1,0
15336,80000,3,3,Bachellors,Skilled Manual,1,1
15337,60000,0,0,Graduate Degree,Professional,1,0
15338,60000,0,0,Graduate Degree,Professional,1,0
15339,70000,4,0,Graduate Degree,Professional,1,0
15340,70000,4,0,Graduate Degree,Professional,1,0
15341,70000,5,5,Graduate Degree,Professional,1,2
15342,70000,5,5,Graduate Degree,Professional,1,2
15343,80000,3,0,Graduate Degree,Professional,0,0
15344,40000,0,0,Bachellors,Professional,0,1
15345,50000,3,3,Bachellors,Skilled Manual,1,2
15346,50000,3,3,Bachellors,Skilled Manual,0,2
15347,50000,3,3,Bachellors,Skilled Manual,1,3
15348,50000,3,3,Bachellors,Skilled Manual,1,3
15349,50000,4,4,Bachellors,Skilled Manual,1,1
15350,60000,0,0,Graduate Degree,Professional,0,0
15351,60000,0,0,Graduate Degree,Professional,1,1
15352,60000,0,0,Graduate Degree,Professional,0,1
15353,40000,0,0,Graduate Degree,Clerical,0,0
15354,40000,0,0,Graduate Degree,Clerical,0,0
15355,40000,0,0,Graduate Degree,Clerical,0,0
15356,20000,2,0,High School,Manual,0,1
15357,10000,3,3,High School,Manual,1,1
15358,10000,3,3,Partial High School,Manual,1,1
15359,20000,2,0,High School,Manual,0,1
15360,30000,1,1,Bachellors,Clerical,1,0
15361,30000,1,1,Bachellors,Clerical,0,1
15362,10000,4,4,Partial High School,Manual,1,2
15363,20000,1,1,High School,Manual,1,1
15364,40000,0,0,Bachellors,Clerical,1,0
15365,10000,4,0,High School,Manual,0,2
15366,30000,1,1,Bachellors,Skilled Manual,1,2
15367,30000,1,1,Bachellors,Skilled Manual,1,2
15368,30000,1,1,Bachellors,Skilled Manual,1,2
15369,10000,4,3,Partial High School,Manual,1,2
15370,20000,2,2,High School,Manual,1,0
15371,20000,2,2,High School,Manual,1,2
15372,30000,1,1,Bachellors,Skilled Manual,1,2
15373,10000,3,2,Partial High School,Manual,1,1
15374,70000,0,0,Partial College,Skilled Manual,1,2
15375,130000,0,5,Partial High School,Management,0,4
15376,130000,0,5,Partial High School,Management,1,4
15377,70000,4,3,Partial College,Professional,1,1
15378,70000,4,3,Partial College,Professional,1,1
15379,130000,2,3,Bachellors,Management,1,4
15380,130000,2,4,Partial College,Professional,0,2
15381,100000,2,3,Partial College,Professional,1,3
15382,130000,2,4,Partial College,Professional,1,2
15383,130000,2,4,Partial College,Professional,0,2
15384,110000,2,4,Partial College,Professional,1,4
15385,110000,2,4,Partial College,Professional,1,4
15386,120000,3,4,High School,Professional,0,4
15387,160000,2,4,High School,Professional,0,2
15388,170000,3,3,Partial College,Professional,0,4
15389,90000,2,1,High School,Professional,1,2
15390,100000,2,3,High School,Professional,0,4
15391,150000,3,4,High School,Professional,1,3
15392,70000,5,1,High School,Professional,1,2
15393,100000,2,3,Graduate Degree,Management,0,4
15394,110000,3,4,Bachellors,Management,0,4
15395,70000,5,1,High School,Professional,1,2
15396,90000,5,0,Partial College,Professional,1,2
15397,100000,2,3,Bachellors,Management,0,4
15398,130000,4,4,Partial College,Professional,0,4
15399,170000,4,4,Bachellors,Management,1,3
15400,120000,4,4,Bachellors,Management,1,4
15401,80000,4,2,Partial College,Professional,1,2
15402,130000,3,4,High School,Professional,1,4
15403,100000,3,4,Bachellors,Management,0,3
15404,110000,2,5,Partial College,Professional,0,2
15405,170000,0,5,Bachellors,Management,1,3
15406,80000,4,1,Partial College,Professional,1,2
15407,80000,4,1,Partial College,Professional,1,2
15408,120000,4,5,Partial College,Professional,1,3
15409,130000,4,5,High School,Professional,0,3
15410,130000,4,5,High School,Professional,0,3
15411,90000,4,1,High School,Management,1,3
15412,110000,4,5,High School,Management,1,2
15413,80000,5,1,High School,Management,0,3
15414,80000,5,1,High School,Management,1,3
15415,120000,4,5,High School,Management,1,3
15416,90000,4,1,Partial High School,Skilled Manual,1,4
15417,130000,4,5,High School,Management,1,4
15418,130000,5,5,High School,Management,0,4
15419,90000,5,0,Partial High School,Skilled Manual,0,2
15420,100000,3,4,High School,Management,0,4
15421,110000,4,5,Partial High School,Professional,0,3
15422,60000,0,0,Bachellors,Professional,0,3
15423,70000,0,0,Bachellors,Professional,1,2
15424,70000,0,0,Bachellors,Professional,1,2
15425,60000,0,0,Bachellors,Professional,0,4
15426,70000,0,0,Bachellors,Professional,0,3
15427,70000,0,0,Bachellors,Professional,1,3
15428,70000,0,0,Bachellors,Professional,0,3
15429,70000,0,0,Bachellors,Professional,1,3
15430,80000,0,0,Bachellors,Professional,0,2
15431,70000,0,0,Bachellors,Professional,0,3
15432,60000,0,0,Bachellors,Professional,1,4
15433,80000,0,0,Bachellors,Professional,1,3
15434,90000,0,0,Bachellors,Professional,1,2
15435,90000,0,0,Bachellors,Professional,1,3
15436,90000,0,0,Bachellors,Professional,0,3
15437,110000,0,5,Partial College,Management,1,3
15438,110000,0,5,Partial College,Management,1,3
15439,130000,4,5,High School,Management,1,4
15440,100000,0,5,High School,Management,1,3
15441,100000,0,5,High School,Management,0,3
15442,80000,0,0,Bachellors,Professional,1,4
15443,120000,0,5,Partial High School,Professional,0,4
15444,100000,0,5,High School,Management,1,3
15445,100000,0,5,Partial High School,Professional,1,4
15446,110000,0,5,High School,Management,0,4
15447,130000,5,5,High School,Management,1,4
15448,110000,0,5,High School,Management,0,4
15449,30000,4,0,High School,Professional,1,2
15450,30000,4,0,High School,Professional,1,2
15451,30000,4,0,High School,Professional,1,2
15452,40000,4,0,High School,Professional,1,2
15453,50000,3,0,Graduate Degree,Management,1,2
15454,50000,3,0,Graduate Degree,Management,1,2
15455,50000,3,0,Graduate Degree,Management,1,2
15456,60000,3,0,Graduate Degree,Management,1,2
15457,60000,3,0,Graduate Degree,Management,1,2
15458,60000,3,0,Graduate Degree,Management,1,2
15459,60000,3,0,Graduate Degree,Management,1,2
15460,60000,3,0,Graduate Degree,Management,1,2
15461,60000,3,0,Bachellors,Management,1,2
15462,60000,3,0,Bachellors,Management,0,2
15463,60000,3,0,Bachellors,Management,0,2
15464,60000,3,0,Bachellors,Management,0,2
15465,40000,4,0,High School,Professional,0,2
15466,50000,3,0,Bachellors,Management,1,2
15467,50000,3,0,Bachellors,Management,0,2
15468,50000,3,0,Bachellors,Management,0,2
15469,50000,3,0,Bachellors,Management,1,2
15470,50000,3,0,Bachellors,Management,0,2
15471,50000,4,0,Bachellors,Management,1,2
15472,50000,4,0,Bachellors,Management,1,2
15473,50000,4,0,Bachellors,Management,1,2
15474,50000,4,0,Bachellors,Management,0,2
15475,60000,4,0,Bachellors,Management,0,2
15476,30000,4,0,High School,Professional,0,2
15477,30000,5,0,Partial High School,Clerical,0,2
15478,40000,4,0,High School,Professional,1,2
15479,40000,4,0,High School,Professional,1,2
15480,40000,4,0,High School,Professional,0,2
15481,20000,5,0,Partial High School,Clerical,0,3
15482,30000,5,0,Partial High School,Skilled Manual,1,3
15483,30000,5,0,Partial High School,Skilled Manual,1,3
15484,30000,5,0,Partial High School,Skilled Manual,0,3
15485,40000,5,0,High School,Professional,0,3
15486,40000,5,0,High School,Professional,1,4
15487,40000,5,0,High School,Professional,0,4
15488,70000,5,0,Bachellors,Management,1,3
15489,40000,2,1,High School,Professional,1,2
15490,70000,2,1,Bachellors,Management,1,1
15491,70000,2,1,Bachellors,Management,0,1
15492,70000,2,1,Bachellors,Management,0,1
15493,70000,2,1,Bachellors,Management,1,1
15494,70000,2,1,Bachellors,Management,1,1
15495,70000,2,1,Partial College,Professional,1,1
15496,40000,2,1,High School,Professional,1,2
15497,40000,2,1,High School,Professional,1,2
15498,60000,2,1,Partial College,Professional,1,1
15499,60000,2,1,Partial College,Professional,1,1
15500,60000,2,1,Partial College,Professional,1,2
15501,60000,2,1,Partial College,Professional,1,2
15502,60000,2,1,Partial College,Professional,1,2
15503,60000,2,1,Partial College,Professional,1,2
15504,40000,2,1,Partial High School,Skilled Manual,1,2
15505,40000,2,1,Partial High School,Skilled Manual,1,2
15506,40000,2,1,Partial High School,Skilled Manual,1,2
15507,60000,2,1,Partial College,Professional,1,2
15508,60000,2,1,Partial College,Professional,1,2
15509,60000,2,1,Partial College,Professional,1,2
15510,60000,2,1,Partial College,Professional,0,2
15511,60000,2,1,Partial College,Professional,1,0
15512,70000,5,1,Partial College,Professional,1,2
15513,40000,2,1,Partial High School,Skilled Manual,0,2
15514,60000,2,1,Partial College,Professional,0,2
15515,70000,4,2,Partial College,Professional,0,1
15516,70000,4,2,Partial College,Professional,1,1
15517,70000,4,2,Partial College,Professional,1,1
15518,70000,4,2,Partial College,Professional,1,1
15519,70000,4,2,Partial College,Professional,1,1
15520,80000,3,1,Bachellors,Management,1,1
15521,60000,2,1,High School,Professional,0,2
15522,60000,2,1,High School,Professional,0,2
15523,60000,2,1,Partial College,Professional,1,1
15524,60000,2,1,Partial College,Professional,1,2
15525,60000,2,1,Partial College,Professional,1,2
15526,70000,2,1,High School,Professional,1,2
15527,70000,2,1,High School,Professional,1,2
15528,70000,2,1,Partial High School,Skilled Manual,1,2
15529,60000,3,1,High School,Professional,1,2
15530,70000,5,0,Graduate Degree,Professional,1,0
15531,70000,5,0,Graduate Degree,Professional,0,0
15532,70000,5,5,Graduate Degree,Professional,1,2
15533,80000,0,0,Bachellors,Management,0,1
15534,80000,0,0,Bachellors,Management,0,1
15535,90000,4,4,Bachellors,Management,1,1
15536,90000,4,4,Bachellors,Management,1,1
15537,100000,0,0,Bachellors,Management,1,2
15538,100000,1,0,Bachellors,Management,1,2
15539,110000,2,1,Graduate Degree,Management,1,3
15540,130000,1,0,Graduate Degree,Management,0,2
15541,170000,1,0,Graduate Degree,Management,0,1
15542,40000,0,0,Partial College,Skilled Manual,1,1
15543,40000,0,0,Bachellors,Professional,0,2
15544,10000,2,1,High School,Skilled Manual,0,2
15545,30000,0,0,Partial College,Skilled Manual,1,1
15546,60000,0,0,Partial College,Skilled Manual,0,2
15547,60000,0,0,Partial College,Skilled Manual,1,2
15548,30000,2,0,Partial College,Clerical,0,2
15549,20000,4,0,High School,Skilled Manual,0,2
15550,20000,2,1,Partial High School,Clerical,1,2
15551,40000,0,0,Bachellors,Professional,0,2
15552,40000,0,0,Partial College,Skilled Manual,1,1
15553,40000,0,0,Partial College,Skilled Manual,1,1
15554,40000,0,0,Partial College,Skilled Manual,1,2
15555,60000,0,0,Partial College,Skilled Manual,0,2
15556,70000,0,0,Partial College,Skilled Manual,0,2
15557,60000,0,0,Partial College,Skilled Manual,0,2
15558,60000,0,0,Partial College,Skilled Manual,1,2
15559,10000,2,1,Partial High School,Clerical,0,2
15560,10000,2,1,Partial High School,Clerical,1,2
15561,20000,2,1,Partial High School,Clerical,1,2
15562,20000,2,1,Partial High School,Clerical,1,2
15563,40000,2,0,Partial College,Skilled Manual,1,2
15564,40000,2,0,Partial College,Skilled Manual,1,2
15565,40000,3,0,Partial High School,Clerical,0,2
15566,40000,3,0,Partial High School,Clerical,0,2
15567,40000,3,0,Partial High School,Clerical,0,2
15568,80000,2,0,Partial College,Skilled Manual,0,2
15569,80000,2,0,Partial College,Skilled Manual,1,2
15570,80000,2,0,Partial College,Skilled Manual,1,2
15571,80000,2,0,Partial College,Skilled Manual,1,2
15572,80000,2,0,Partial College,Skilled Manual,0,2
15573,40000,0,0,Partial College,Skilled Manual,0,2
15574,40000,0,0,High School,Skilled Manual,1,2
15575,40000,0,0,High School,Skilled Manual,1,2
15576,40000,0,0,High School,Skilled Manual,0,2
15577,60000,0,0,Partial College,Skilled Manual,1,2
15578,60000,0,0,Partial College,Skilled Manual,1,2
15579,60000,0,0,Partial College,Skilled Manual,1,2
15580,50000,0,0,High School,Skilled Manual,0,2
15581,50000,0,0,High School,Skilled Manual,1,2
15582,60000,0,0,Partial College,Skilled Manual,1,2
15583,60000,0,0,Partial College,Skilled Manual,1,2
15584,60000,0,0,Partial College,Professional,0,2
15585,60000,0,0,Partial College,Professional,0,2
15586,80000,2,0,High School,Skilled Manual,1,2
15587,60000,0,0,Partial College,Professional,1,2
15588,70000,2,0,High School,Skilled Manual,0,2
15589,70000,2,0,High School,Skilled Manual,1,2
15590,70000,2,0,High School,Professional,1,2
15591,100000,1,1,Bachellors,Management,1,1
15592,100000,1,1,Bachellors,Management,1,2
15593,100000,1,1,Bachellors,Management,1,3
15594,130000,0,1,Graduate Degree,Management,0,3
15595,70000,2,0,Partial High School,Skilled Manual,1,2
15596,70000,2,0,Partial High School,Skilled Manual,1,2
15597,60000,4,4,Bachellors,Skilled Manual,1,2
15598,60000,4,4,Bachellors,Skilled Manual,0,2
15599,60000,4,4,Bachellors,Skilled Manual,1,2
15600,60000,4,4,Bachellors,Skilled Manual,1,2
15601,60000,4,2,Bachellors,Skilled Manual,0,2
15602,60000,4,2,Bachellors,Skilled Manual,1,2
15603,70000,4,2,Bachellors,Professional,1,2
15604,70000,4,2,Bachellors,Professional,0,2
15605,70000,0,0,Bachellors,Professional,0,1
15606,70000,0,0,Bachellors,Professional,0,1
15607,60000,3,2,Graduate Degree,Professional,1,0
15608,60000,3,2,Graduate Degree,Professional,1,0
15609,60000,3,2,Graduate Degree,Professional,0,0
15610,70000,1,0,Partial College,Skilled Manual,1,1
15611,70000,1,0,Partial College,Skilled Manual,1,1
15612,70000,1,0,Partial College,Skilled Manual,1,1
15613,40000,4,3,High School,Skilled Manual,1,3
15614,40000,4,3,High School,Skilled Manual,1,3
15615,40000,4,2,High School,Skilled Manual,1,2
15616,60000,1,0,Partial College,Skilled Manual,1,1
15617,40000,0,0,Bachellors,Professional,0,1
15618,60000,1,0,Partial College,Skilled Manual,1,1
15619,60000,1,0,Partial College,Skilled Manual,1,1
15620,60000,1,0,Partial College,Skilled Manual,1,1
15621,50000,0,0,Partial College,Skilled Manual,0,1
15622,50000,0,0,Partial College,Skilled Manual,0,1
15623,50000,0,0,Partial College,Skilled Manual,0,1
15624,50000,0,0,Partial College,Skilled Manual,0,1
15625,50000,0,0,Partial College,Skilled Manual,0,1
15626,60000,0,0,Graduate Degree,Professional,1,1
15627,60000,0,0,Graduate Degree,Professional,0,1
15628,60000,0,0,Graduate Degree,Professional,0,1
15629,40000,2,0,High School,Skilled Manual,0,1
15630,60000,1,0,Partial College,Skilled Manual,1,1
15631,60000,1,0,Partial College,Skilled Manual,1,1
15632,60000,1,0,Partial College,Skilled Manual,1,1
15633,60000,1,0,Partial College,Skilled Manual,1,1
15634,60000,1,0,Partial College,Skilled Manual,1,1
15635,60000,1,0,Partial College,Skilled Manual,0,1
15636,60000,1,0,Partial College,Skilled Manual,1,1
15637,60000,5,4,Bachellors,Professional,1,0
15638,60000,4,3,Bachellors,Professional,1,0
15639,70000,1,0,Graduate Degree,Professional,0,1
15640,70000,5,5,Graduate Degree,Professional,1,3
15641,70000,5,5,Graduate Degree,Professional,1,3
15642,80000,1,0,Graduate Degree,Professional,1,0
15643,80000,1,0,Partial College,Skilled Manual,1,1
15644,60000,3,2,Bachellors,Professional,1,0
15645,60000,1,0,Bachellors,Professional,0,1
15646,60000,1,0,Bachellors,Professional,1,1
15647,60000,1,0,Bachellors,Professional,1,1
15648,60000,1,0,Bachellors,Professional,1,1
15649,70000,5,4,Graduate Degree,Professional,1,1
15650,80000,5,0,Graduate Degree,Professional,0,0
15651,80000,5,4,Graduate Degree,Professional,1,0
15652,80000,4,4,Graduate Degree,Management,1,0
15653,80000,4,4,Graduate Degree,Management,1,0
15654,80000,4,4,Graduate Degree,Management,1,1
15655,90000,1,0,Graduate Degree,Management,1,0
15656,90000,1,0,Graduate Degree,Management,0,0
15657,90000,2,0,Bachellors,Professional,0,0
15658,90000,2,0,Bachellors,Professional,0,0
15659,100000,1,0,Graduate Degree,Management,1,0
15660,80000,4,4,Graduate Degree,Management,0,1
15661,60000,2,2,Bachellors,Professional,1,1
15662,60000,2,2,Bachellors,Professional,0,1
15663,60000,2,2,Bachellors,Professional,1,1
15664,60000,2,2,Bachellors,Professional,0,1
15665,70000,5,5,Bachellors,Professional,1,3
15666,70000,5,5,Bachellors,Professional,1,3
15667,110000,1,0,Graduate Degree,Management,0,1
15668,120000,1,0,Graduate Degree,Management,1,0
15669,70000,5,5,Bachellors,Professional,1,4
15670,70000,5,5,Bachellors,Professional,1,4
15671,70000,5,5,Bachellors,Professional,1,4
15672,80000,5,5,Graduate Degree,Management,1,2
15673,80000,5,5,Bachellors,Professional,1,4
15674,90000,0,0,Bachellors,Professional,1,0
15675,60000,3,1,Partial High School,Skilled Manual,1,3
15676,60000,2,0,High School,Professional,1,2
15677,60000,2,0,High School,Professional,1,2
15678,80000,2,0,Partial High School,Skilled Manual,1,2
15679,80000,2,0,Partial High School,Skilled Manual,1,2
15680,80000,2,0,Partial High School,Skilled Manual,1,2
15681,80000,2,0,Partial High School,Skilled Manual,0,2
15682,60000,2,0,High School,Professional,1,2
15683,90000,4,4,Partial College,Professional,1,3
15684,90000,4,4,Partial College,Professional,1,3
15685,110000,2,2,Bachellors,Management,1,3
15686,130000,1,1,Graduate Degree,Management,0,4
15687,80000,4,3,Bachellors,Management,0,0
15688,80000,4,3,Partial College,Professional,1,2
15689,80000,4,3,Partial College,Professional,1,2
15690,110000,3,2,Bachellors,Management,0,4
15691,110000,3,2,Bachellors,Management,1,4
15692,110000,4,2,Bachellors,Management,0,4
15693,70000,3,2,Partial College,Professional,1,0
15694,70000,3,2,Partial College,Professional,1,1
15695,80000,3,0,Partial College,Professional,1,2
15696,80000,3,0,Partial College,Professional,1,2
15697,80000,2,0,Partial High School,Skilled Manual,1,2
15698,100000,0,2,Partial College,Professional,1,2
15699,120000,4,3,Partial College,Professional,1,3
15700,80000,5,4,Partial College,Professional,1,2
15701,80000,5,4,Partial College,Professional,1,2
15702,80000,5,4,Partial College,Professional,1,3
15703,90000,5,4,Partial College,Professional,1,4
15704,100000,1,2,Partial College,Professional,1,3
15705,110000,1,3,Bachellors,Management,0,2
15706,150000,1,1,Partial College,Professional,0,4
15707,70000,5,4,Partial College,Professional,0,3
15708,110000,1,3,Bachellors,Management,0,3
15709,110000,1,3,Partial College,Professional,0,4
15710,80000,2,0,Partial High School,Skilled Manual,0,2
15711,60000,2,0,High School,Professional,1,2
15712,60000,2,0,High School,Professional,0,2
15713,70000,2,0,Partial High School,Skilled Manual,0,2
15714,70000,2,0,Partial High School,Skilled Manual,1,2
15715,70000,2,0,Partial High School,Skilled Manual,0,2
15716,70000,2,0,Partial High School,Skilled Manual,1,2
15717,30000,4,0,High School,Professional,1,2
15718,40000,3,0,Partial College,Professional,1,2
15719,100000,2,2,Graduate Degree,Management,1,4
15720,80000,5,4,Partial College,Professional,0,4
15721,100000,0,3,Partial College,Professional,1,1
15722,100000,0,3,Partial College,Professional,0,3
15723,110000,4,3,Partial College,Professional,1,4
15724,170000,1,1,Bachellors,Management,0,2
15725,60000,2,0,Partial High School,Skilled Manual,1,2
15726,60000,2,0,Partial High School,Skilled Manual,1,2
15727,60000,2,0,Partial High School,Skilled Manual,0,2
15728,70000,3,1,High School,Professional,1,0
15729,70000,3,0,Graduate Degree,Management,0,2
15730,70000,3,0,Graduate Degree,Management,0,2
15731,40000,3,0,Partial College,Professional,1,2
15732,40000,3,0,Partial College,Professional,0,2
15733,40000,3,0,Partial College,Professional,1,2
15734,40000,3,0,Partial College,Professional,1,2
15735,40000,3,0,Partial College,Professional,0,2
15736,40000,3,0,Partial College,Professional,0,2
15737,30000,4,0,High School,Professional,1,2
15738,40000,4,0,Partial College,Professional,1,2
15739,40000,4,0,High School,Professional,1,2
15740,60000,4,4,Bachellors,Professional,1,3
15741,60000,3,2,Bachellors,Professional,0,2
15742,90000,3,3,Bachellors,Professional,1,0
15743,70000,3,0,Partial College,Skilled Manual,1,1
15744,70000,1,0,Partial College,Skilled Manual,1,1
15745,60000,1,0,Bachellors,Professional,1,1
15746,60000,1,0,Bachellors,Professional,1,1
15747,60000,1,0,Partial College,Skilled Manual,0,1
15748,60000,1,0,Partial College,Skilled Manual,0,1
15749,100000,0,0,Graduate Degree,Management,0,1
15750,100000,0,0,Bachellors,Professional,0,1
15751,60000,1,0,Partial College,Skilled Manual,0,1
15752,60000,1,0,Partial College,Skilled Manual,1,1
15753,60000,1,0,Partial College,Skilled Manual,1,1
15754,60000,1,0,Partial College,Skilled Manual,0,1
15755,60000,1,0,Partial College,Skilled Manual,1,1
15756,80000,5,5,Bachellors,Professional,1,4
15757,80000,5,5,Bachellors,Professional,1,4
15758,90000,1,0,Bachellors,Professional,1,1
15759,100000,5,0,Bachellors,Professional,1,1
15760,70000,0,0,Bachellors,Professional,0,1
15761,70000,0,0,Bachellors,Professional,0,2
15762,60000,1,0,Partial College,Skilled Manual,1,1
15763,70000,5,4,Partial College,Skilled Manual,0,2
15764,60000,1,0,Partial College,Skilled Manual,1,1
15765,60000,1,0,Partial College,Skilled Manual,1,1
15766,70000,5,4,Partial College,Skilled Manual,1,2
15767,70000,5,4,Partial College,Skilled Manual,1,3
15768,70000,1,0,Partial College,Skilled Manual,0,1
15769,70000,1,0,Partial College,Skilled Manual,1,1
15770,40000,2,0,Bachellors,Management,1,1
15771,70000,5,4,Partial College,Skilled Manual,1,3
15772,70000,5,4,Partial College,Skilled Manual,1,3
15773,70000,5,4,Partial College,Skilled Manual,1,3
15774,70000,5,4,Partial College,Skilled Manual,1,3
15775,70000,1,0,Partial College,Skilled Manual,1,1
15776,30000,0,0,High School,Skilled Manual,1,2
15777,30000,0,0,High School,Skilled Manual,1,2
15778,40000,0,0,High School,Skilled Manual,1,1
15779,40000,0,0,High School,Skilled Manual,1,2
15780,30000,0,0,High School,Skilled Manual,0,2
15781,30000,0,0,High School,Skilled Manual,1,2
15782,30000,0,0,High School,Skilled Manual,1,2
15783,30000,0,0,High School,Skilled Manual,0,2
15784,40000,0,0,High School,Skilled Manual,0,2
15785,10000,5,0,High School,Skilled Manual,1,2
15786,40000,2,0,Bachellors,Management,1,2
15787,30000,0,0,Partial High School,Clerical,0,2
15788,30000,0,0,Partial High School,Clerical,0,2
15789,40000,0,0,High School,Skilled Manual,0,2
15790,40000,0,0,High School,Skilled Manual,0,2
15791,30000,0,0,Partial High School,Clerical,0,2
15792,30000,0,0,Partial High School,Clerical,0,2
15793,30000,0,0,Partial High School,Clerical,0,2
15794,40000,0,0,High School,Skilled Manual,1,2
15795,40000,0,0,High School,Skilled Manual,1,2
15796,40000,2,0,Bachellors,Management,1,2
15797,40000,2,0,Bachellors,Management,1,2
15798,40000,2,0,Bachellors,Management,0,2
15799,40000,0,0,High School,Skilled Manual,1,2
15800,40000,0,0,Partial College,Skilled Manual,1,1
15801,40000,0,0,Partial College,Skilled Manual,0,1
15802,60000,0,0,Partial College,Skilled Manual,1,1
15803,40000,0,0,High School,Skilled Manual,1,2
15804,50000,0,0,Partial College,Skilled Manual,1,1
15805,50000,0,0,Partial College,Skilled Manual,1,1
15806,60000,0,0,Partial College,Skilled Manual,0,1
15807,50000,3,3,Bachellors,Skilled Manual,1,1
15808,50000,3,3,Bachellors,Skilled Manual,1,1
15809,50000,3,3,Bachellors,Skilled Manual,1,1
15810,50000,3,3,Bachellors,Skilled Manual,0,2
15811,50000,3,3,Bachellors,Skilled Manual,0,2
15812,50000,3,3,Bachellors,Skilled Manual,1,3
15813,50000,3,3,Bachellors,Skilled Manual,1,3
15814,50000,4,4,Bachellors,Skilled Manual,0,1
15815,60000,0,0,Graduate Degree,Professional,1,0
15816,60000,0,0,Graduate Degree,Professional,1,0
15817,40000,0,0,Graduate Degree,Clerical,1,0
15818,40000,0,0,Graduate Degree,Clerical,1,0
15819,10000,3,3,High School,Manual,1,1
15820,10000,3,3,High School,Manual,1,1
15821,10000,3,3,Partial High School,Manual,1,1
15822,10000,4,4,Partial High School,Manual,1,0
15823,20000,1,1,Partial College,Manual,1,1
15824,30000,1,1,Bachellors,Clerical,0,0
15825,10000,4,4,Partial High School,Manual,1,1
15826,10000,4,4,Partial High School,Manual,1,1
15827,10000,5,5,Partial High School,Manual,1,1
15828,40000,0,0,Bachellors,Clerical,0,0
15829,40000,0,0,Bachellors,Clerical,1,0
15830,40000,0,0,Bachellors,Clerical,1,0
15831,30000,1,1,Bachellors,Clerical,1,1
15832,30000,1,1,Bachellors,Clerical,1,1
15833,30000,1,1,Bachellors,Skilled Manual,1,2
15834,30000,1,1,Bachellors,Skilled Manual,1,2
15835,30000,1,1,Bachellors,Skilled Manual,1,2
15836,10000,4,3,Partial High School,Manual,1,2
15837,20000,2,2,High School,Manual,0,0
15838,20000,2,2,High School,Manual,1,0
15839,20000,2,2,High School,Manual,0,1
15840,20000,2,2,High School,Manual,1,2
15841,20000,2,2,High School,Manual,1,2
15842,30000,1,1,Bachellors,Skilled Manual,1,2
15843,10000,5,2,Partial High School,Manual,1,1
15844,10000,4,0,High School,Manual,0,2
15845,20000,2,0,Partial College,Manual,0,1
15846,20000,2,2,High School,Manual,1,2
15847,20000,2,2,High School,Manual,1,2
15848,20000,3,3,High School,Manual,0,0
15849,20000,3,3,High School,Manual,1,0
15850,10000,3,2,Partial High School,Manual,1,2
15851,20000,3,3,High School,Manual,0,2
15852,20000,3,3,High School,Manual,1,2
15853,20000,3,3,High School,Manual,1,2
15854,30000,2,2,Partial College,Manual,1,0
15855,40000,0,0,Bachellors,Professional,1,0
15856,40000,0,0,Bachellors,Professional,0,0
15857,30000,2,2,Partial College,Clerical,1,1
15858,30000,2,2,Partial College,Clerical,1,2
15859,40000,1,0,Bachellors,Skilled Manual,1,0
15860,30000,2,2,Partial College,Clerical,1,2
15861,40000,1,0,Bachellors,Skilled Manual,1,0
15862,30000,3,3,Partial College,Clerical,0,0
15863,30000,3,3,Partial College,Clerical,1,0
15864,20000,0,0,High School,Manual,0,1
15865,30000,3,3,Partial College,Clerical,1,1
15866,30000,3,3,Partial College,Clerical,1,2
15867,30000,3,3,Partial College,Clerical,0,2
15868,40000,1,0,Bachellors,Skilled Manual,1,0
15869,40000,1,0,Bachellors,Skilled Manual,1,0
15870,40000,1,0,Bachellors,Skilled Manual,1,0
15871,40000,1,0,Bachellors,Skilled Manual,1,0
15872,30000,1,0,Partial College,Clerical,0,1
15873,30000,3,3,Partial College,Clerical,1,3
15874,30000,0,0,Partial College,Clerical,1,1
15875,30000,0,0,Partial College,Clerical,0,1
15876,30000,0,0,Partial College,Clerical,0,1
15877,30000,0,0,Partial College,Clerical,0,1
15878,30000,0,0,Partial College,Clerical,0,1
15879,20000,0,0,High School,Manual,0,1
15880,20000,0,0,High School,Manual,0,1
15881,20000,0,0,High School,Manual,1,1
15882,10000,0,0,Partial High School,Manual,1,2
15883,20000,0,0,High School,Manual,0,1
15884,20000,0,0,High School,Manual,0,1
15885,30000,0,0,Partial College,Clerical,0,1
15886,30000,0,0,Partial College,Clerical,0,1
15887,30000,0,0,Partial College,Clerical,0,1
15888,10000,0,0,Partial High School,Manual,1,2
15889,10000,0,0,Partial High School,Manual,1,2
15890,20000,0,0,Partial High School,Manual,0,1
15891,40000,1,1,Bachellors,Skilled Manual,1,0
15892,40000,1,1,Bachellors,Skilled Manual,0,0
15893,40000,1,1,Bachellors,Skilled Manual,1,0
15894,40000,1,1,Bachellors,Skilled Manual,0,0
15895,10000,0,0,Partial High School,Manual,1,2
15896,10000,0,0,Graduate Degree,Manual,0,0
15897,20000,1,0,Graduate Degree,Clerical,1,0
15898,20000,1,0,Graduate Degree,Clerical,1,0
15899,10000,1,0,Bachellors,Manual,1,0
15900,10000,1,0,Bachellors,Manual,1,0
15901,10000,1,0,Bachellors,Manual,0,0
15902,20000,1,0,Graduate Degree,Clerical,1,0
15903,30000,5,0,Graduate Degree,Clerical,1,0
15904,30000,4,0,Graduate Degree,Clerical,1,0
15905,10000,1,0,Bachellors,Clerical,0,0
15906,10000,1,0,Partial College,Manual,1,0
15907,10000,2,0,Partial College,Manual,1,0
15908,10000,2,0,Partial College,Manual,1,0
15909,20000,1,0,Bachellors,Clerical,1,0
15910,20000,1,0,Bachellors,Clerical,1,0
15911,30000,1,0,Graduate Degree,Clerical,1,0
15912,30000,1,0,Graduate Degree,Clerical,0,0
15913,10000,2,0,Bachellors,Clerical,0,1
15914,20000,1,0,Bachellors,Clerical,1,0
15915,20000,1,0,Bachellors,Clerical,1,0
15916,30000,1,0,Bachellors,Clerical,0,0
15917,10000,0,0,Partial College,Manual,1,1
15918,10000,0,0,Partial College,Manual,0,1
15919,10000,0,0,High School,Manual,0,2
15920,10000,0,0,High School,Manual,1,2
15921,20000,0,0,Bachellors,Clerical,0,0
15922,20000,0,0,Bachellors,Clerical,1,0
15923,10000,1,1,High School,Manual,1,0
15924,20000,0,0,Bachellors,Clerical,1,0
15925,20000,0,0,Partial College,Manual,0,0
15926,10000,3,0,Partial College,Manual,1,2
15927,20000,1,0,Partial College,Manual,1,0
15928,20000,1,0,Partial College,Manual,0,0
15929,30000,1,0,Bachellors,Clerical,1,0
15930,40000,1,0,Graduate Degree,Clerical,1,0
15931,30000,4,0,Graduate Degree,Clerical,1,0
15932,30000,4,0,Graduate Degree,Clerical,1,0
15933,30000,3,0,Graduate Degree,Clerical,1,0
15934,20000,1,1,Partial College,Manual,1,0
15935,30000,3,0,Graduate Degree,Clerical,0,0
15936,10000,1,1,High School,Manual,1,1
15937,20000,2,0,Partial College,Manual,0,1
15938,20000,2,0,Partial College,Manual,0,1
15939,30000,3,0,Graduate Degree,Clerical,1,0
15940,20000,2,0,Partial College,Manual,0,1
15941,30000,1,0,Graduate Degree,Clerical,1,0
15942,30000,0,0,Bachellors,Clerical,1,0
15943,30000,1,0,Bachellors,Clerical,1,0
15944,10000,1,1,High School,Manual,0,2
15945,10000,2,2,High School,Manual,1,0
15946,20000,0,0,Partial College,Manual,0,1
15947,20000,0,0,Partial College,Manual,1,1
15948,20000,0,0,Partial College,Manual,0,1
15949,20000,0,0,Partial College,Manual,0,1
15950,20000,0,0,Partial College,Manual,0,1
15951,10000,2,2,High School,Manual,1,0
15952,10000,2,2,High School,Manual,0,0
15953,30000,0,0,Bachellors,Clerical,1,0
15954,30000,0,0,Bachellors,Clerical,1,0
15955,30000,0,0,Bachellors,Clerical,1,0
15956,40000,0,0,Graduate Degree,Clerical,1,0
15957,20000,0,0,Partial College,Manual,0,1
15958,40000,0,0,Graduate Degree,Clerical,0,0
15959,40000,0,0,Graduate Degree,Clerical,1,0
15960,60000,0,0,Graduate Degree,Skilled Manual,1,0
15961,10000,3,0,Partial College,Manual,0,2
15962,10000,3,3,High School,Manual,1,0
15963,20000,1,1,Partial College,Manual,0,0
15964,20000,1,1,Partial College,Manual,1,0
15965,20000,1,1,Partial College,Manual,0,0
15966,30000,1,0,Bachellors,Clerical,1,0
15967,30000,1,1,Bachellors,Clerical,1,0
15968,70000,0,0,Bachellors,Professional,1,1
15969,80000,5,5,Bachellors,Professional,1,4
15970,10000,0,0,Partial High School,Manual,0,2
15971,10000,0,0,Partial High School,Manual,0,2
15972,20000,0,0,Partial High School,Manual,1,2
15973,20000,0,0,Partial High School,Manual,0,2
15974,20000,0,0,Partial High School,Manual,1,2
15975,20000,0,0,Partial High School,Manual,0,2
15976,30000,0,0,Partial College,Clerical,0,1
15977,30000,0,0,High School,Manual,0,1
15978,30000,0,0,High School,Manual,0,1
15979,40000,1,1,Bachellors,Skilled Manual,1,0
15980,40000,1,1,Bachellors,Skilled Manual,0,0
15981,10000,0,0,Partial High School,Manual,1,2
15982,10000,0,0,Partial High School,Manual,1,2
15983,20000,0,0,Partial High School,Manual,0,2
15984,40000,1,1,Bachellors,Skilled Manual,1,0
15985,40000,1,1,Bachellors,Skilled Manual,1,1
15986,40000,1,1,Bachellors,Skilled Manual,0,1
15987,40000,1,1,Bachellors,Skilled Manual,1,1
15988,40000,1,1,Bachellors,Skilled Manual,1,1
15989,40000,1,1,Bachellors,Skilled Manual,1,1
15990,20000,0,0,Partial High School,Manual,0,2
15991,20000,0,0,Partial High School,Manual,1,2
15992,30000,0,0,High School,Manual,0,1
15993,30000,0,0,High School,Manual,0,1
15994,10000,0,0,Partial High School,Manual,1,2
15995,40000,1,1,Bachellors,Skilled Manual,1,1
15996,40000,1,1,Bachellors,Skilled Manual,1,1
15997,40000,2,2,Partial College,Clerical,0,0
15998,40000,2,2,Partial College,Clerical,1,0
15999,10000,0,0,Partial High School,Manual,0,2
16000,10000,0,0,Partial High School,Manual,0,2
16001,10000,0,0,Partial High School,Manual,0,2
16002,10000,0,0,Partial High School,Manual,0,2
16003,20000,0,0,Partial High School,Manual,1,2
16004,20000,0,0,Partial High School,Manual,1,2
16005,30000,0,0,High School,Manual,0,1
16006,30000,0,0,High School,Manual,0,1
16007,30000,0,0,High School,Manual,1,1
16008,40000,2,2,Partial College,Clerical,0,1
16009,40000,2,2,Partial College,Clerical,0,2
16010,40000,2,2,Partial College,Clerical,0,2
16011,40000,3,3,Partial College,Clerical,1,0
16012,40000,3,3,Partial College,Clerical,1,0
16013,40000,3,3,Partial College,Clerical,0,2
16014,40000,3,3,Partial College,Clerical,1,2
16015,80000,0,0,Graduate Degree,Skilled Manual,1,0
16016,80000,0,0,Graduate Degree,Skilled Manual,0,0
16017,80000,0,0,Graduate Degree,Skilled Manual,0,0
16018,80000,0,0,Graduate Degree,Skilled Manual,1,0
16019,80000,0,0,Graduate Degree,Skilled Manual,0,0
16020,20000,2,0,Partial High School,Manual,0,2
16021,40000,1,0,Partial College,Clerical,1,1
16022,40000,1,0,Partial College,Clerical,1,1
16023,20000,3,0,Partial High School,Clerical,0,2
16024,20000,3,0,Partial High School,Clerical,1,2
16025,20000,3,0,Partial High School,Clerical,0,2
16026,20000,3,0,Partial High School,Clerical,1,2
16027,30000,1,0,High School,Clerical,0,1
16028,30000,1,0,High School,Clerical,0,1
16029,30000,1,0,High School,Clerical,1,2
16030,30000,1,0,High School,Clerical,0,2
16031,30000,1,0,High School,Clerical,0,2
16032,30000,1,0,High School,Clerical,0,2
16033,30000,1,0,High School,Clerical,1,2
16034,20000,3,0,Partial High School,Clerical,0,2
16035,20000,3,0,Partial High School,Clerical,1,2
16036,20000,3,0,Partial High School,Clerical,1,2
16037,30000,2,0,High School,Skilled Manual,0,2
16038,30000,2,0,High School,Skilled Manual,1,2
16039,30000,2,0,High School,Skilled Manual,1,2
16040,30000,2,0,High School,Skilled Manual,0,2
16041,20000,2,1,Partial High School,Clerical,1,2
16042,20000,2,1,Partial High School,Clerical,0,2
16043,30000,2,0,High School,Skilled Manual,1,2
16044,30000,2,0,High School,Skilled Manual,1,2
16045,30000,2,0,High School,Skilled Manual,1,2
16046,30000,2,0,High School,Skilled Manual,0,2
16047,40000,1,0,Partial College,Clerical,1,1
16048,40000,1,0,Partial College,Clerical,1,1
16049,40000,1,0,Partial College,Clerical,0,1
16050,40000,1,0,Partial College,Clerical,0,1
16051,40000,2,0,Partial College,Clerical,1,1
16052,40000,2,0,Partial College,Clerical,0,1
16053,40000,2,0,Partial College,Clerical,0,1
16054,40000,2,0,Partial College,Clerical,1,1
16055,40000,2,0,Partial College,Clerical,0,1
16056,40000,2,0,Partial College,Clerical,0,1
16057,40000,2,0,Partial College,Clerical,1,1
16058,50000,0,0,Graduate Degree,Skilled Manual,0,0
16059,50000,0,0,Graduate Degree,Skilled Manual,1,0
16060,50000,0,0,Graduate Degree,Skilled Manual,0,0
16061,40000,0,0,Graduate Degree,Skilled Manual,1,0
16062,40000,0,0,Graduate Degree,Skilled Manual,0,0
16063,40000,0,0,Graduate Degree,Skilled Manual,1,0
16064,40000,0,0,Graduate Degree,Skilled Manual,1,0
16065,40000,0,0,Graduate Degree,Skilled Manual,1,0
16066,40000,1,0,Graduate Degree,Skilled Manual,1,0
16067,40000,1,0,Graduate Degree,Skilled Manual,1,0
16068,60000,1,0,Graduate Degree,Skilled Manual,0,0
16069,60000,1,0,Graduate Degree,Skilled Manual,1,0
16070,60000,1,0,Graduate Degree,Skilled Manual,0,0
16071,50000,1,0,Graduate Degree,Skilled Manual,1,0
16072,40000,4,4,High School,Skilled Manual,1,3
16073,70000,1,0,Graduate Degree,Skilled Manual,1,0
16074,70000,1,1,Graduate Degree,Skilled Manual,1,0
16075,70000,1,1,Graduate Degree,Skilled Manual,1,0
16076,70000,1,1,Graduate Degree,Skilled Manual,0,0
16077,60000,1,0,Graduate Degree,Skilled Manual,1,0
16078,60000,1,0,Graduate Degree,Skilled Manual,0,0
16079,40000,1,1,Bachellors,Skilled Manual,1,0
16080,40000,1,1,Bachellors,Skilled Manual,1,0
16081,40000,1,1,Bachellors,Skilled Manual,1,0
16082,40000,1,1,Bachellors,Skilled Manual,1,0
16083,40000,1,1,Bachellors,Skilled Manual,1,0
16084,40000,1,1,Bachellors,Skilled Manual,1,0
16085,40000,1,1,Bachellors,Skilled Manual,0,0
16086,40000,1,1,Bachellors,Skilled Manual,1,1
16087,40000,1,1,Bachellors,Skilled Manual,1,1
16088,40000,1,1,Bachellors,Skilled Manual,1,1
16089,60000,1,0,Graduate Degree,Professional,1,0
16090,60000,2,2,Bachellors,Skilled Manual,0,0
16091,60000,1,0,Graduate Degree,Professional,1,0
16092,60000,1,0,Graduate Degree,Professional,0,0
16093,70000,2,0,Graduate Degree,Professional,0,0
16094,70000,3,0,Graduate Degree,Professional,1,0
16095,60000,1,0,Graduate Degree,Professional,1,0
16096,60000,1,0,Graduate Degree,Professional,1,0
16097,70000,2,2,Bachellors,Skilled Manual,1,0
16098,70000,2,2,Bachellors,Skilled Manual,1,0
16099,70000,2,2,Bachellors,Skilled Manual,1,1
16100,60000,1,0,Graduate Degree,Professional,1,0
16101,60000,1,0,Graduate Degree,Professional,0,0
16102,60000,1,0,Graduate Degree,Professional,1,0
16103,60000,1,0,Graduate Degree,Professional,0,0
16104,70000,3,0,Graduate Degree,Professional,1,0
16105,70000,4,0,Graduate Degree,Professional,1,0
16106,70000,4,0,Graduate Degree,Professional,1,0
16107,70000,4,0,Graduate Degree,Professional,0,0
16108,70000,4,0,Graduate Degree,Professional,0,0
16109,50000,2,2,Bachellors,Skilled Manual,0,1
16110,80000,3,3,Bachellors,Skilled Manual,1,0
16111,80000,3,3,Bachellors,Skilled Manual,1,1
16112,60000,0,0,Graduate Degree,Professional,1,0
16113,60000,0,0,Graduate Degree,Professional,0,0
16114,60000,0,0,Graduate Degree,Professional,1,0
16115,70000,4,0,Graduate Degree,Professional,1,0
16116,70000,5,0,Graduate Degree,Professional,1,0
16117,70000,5,0,Graduate Degree,Professional,1,0
16118,70000,5,0,Graduate Degree,Professional,1,0
16119,30000,0,0,Bachellors,Clerical,1,0
16120,30000,0,0,Bachellors,Clerical,1,0
16121,30000,0,0,Bachellors,Clerical,1,0
16122,20000,0,0,Partial College,Manual,0,1
16123,20000,0,0,Partial College,Manual,0,1
16124,30000,0,0,Bachellors,Clerical,1,0
16125,30000,0,0,Bachellors,Clerical,0,0
16126,30000,0,0,Bachellors,Clerical,1,0
16127,40000,0,0,Graduate Degree,Clerical,0,0
16128,40000,0,0,Graduate Degree,Clerical,1,0
16129,40000,0,0,Graduate Degree,Clerical,0,0
16130,60000,0,0,Graduate Degree,Skilled Manual,0,0
16131,60000,0,0,Graduate Degree,Skilled Manual,1,0
16132,60000,0,0,Graduate Degree,Skilled Manual,0,0
16133,10000,3,0,Partial College,Manual,0,2
16134,20000,2,0,Partial College,Manual,0,1
16135,20000,2,0,Partial College,Manual,0,1
16136,10000,2,1,High School,Manual,0,2
16137,10000,2,2,High School,Manual,1,1
16138,10000,3,3,High School,Manual,0,0
16139,20000,1,1,Partial College,Manual,1,0
16140,20000,1,1,Partial College,Manual,0,0
16141,20000,1,1,Partial College,Manual,1,0
16142,30000,1,0,Bachellors,Clerical,1,0
16143,30000,1,1,Bachellors,Clerical,1,0
16144,40000,0,0,Graduate Degree,Clerical,1,0
16145,60000,3,3,Bachellors,Professional,1,1
16146,60000,3,3,Bachellors,Professional,1,1
16147,60000,3,3,Bachellors,Professional,1,2
16148,70000,5,5,Bachellors,Professional,1,4
16149,70000,0,0,Bachellors,Professional,0,1
16150,60000,3,3,Bachellors,Professional,1,2
16151,60000,3,3,Bachellors,Professional,1,2
16152,20000,0,0,Partial High School,Manual,1,2
16153,20000,0,0,Partial High School,Manual,1,2
16154,30000,0,0,Partial College,Clerical,0,1
16155,30000,0,0,Partial College,Clerical,0,1
16156,20000,0,0,Partial High School,Manual,1,2
16157,20000,0,0,Partial High School,Manual,0,2
16158,20000,0,0,Partial High School,Manual,1,2
16159,20000,0,0,Partial High School,Manual,1,2
16160,20000,0,0,Partial High School,Manual,0,2
16161,30000,0,0,High School,Manual,0,1
16162,30000,0,0,High School,Manual,0,1
16163,40000,1,1,Bachellors,Skilled Manual,1,0
16164,10000,0,0,Partial High School,Manual,1,2
16165,20000,0,0,Partial High School,Manual,1,2
16166,20000,0,0,Partial High School,Manual,0,2
16167,30000,0,0,High School,Manual,0,1
16168,40000,1,1,Bachellors,Skilled Manual,1,0
16169,20000,0,0,Partial High School,Manual,1,2
16170,30000,0,0,High School,Manual,1,1
16171,30000,0,0,High School,Manual,0,1
16172,30000,0,0,High School,Manual,0,1
16173,10000,0,0,Partial High School,Manual,1,2
16174,10000,0,0,Partial High School,Manual,0,2
16175,40000,2,2,Partial College,Clerical,0,0
16176,40000,2,2,Partial College,Clerical,1,0
16177,20000,0,0,Partial High School,Manual,0,2
16178,20000,0,0,Partial High School,Manual,1,2
16179,20000,0,0,Partial High School,Manual,1,2
16180,30000,0,0,High School,Manual,0,1
16181,30000,0,0,High School,Manual,0,1
16182,40000,2,2,Partial College,Clerical,1,0
16183,40000,2,2,Partial College,Clerical,1,0
16184,40000,2,2,Partial College,Clerical,1,1
16185,40000,2,2,Partial College,Clerical,0,1
16186,40000,2,2,Partial College,Clerical,0,2
16187,40000,2,2,Partial College,Clerical,0,2
16188,40000,2,2,Partial College,Clerical,1,2
16189,40000,2,2,Partial College,Clerical,1,2
16190,40000,3,3,Partial College,Clerical,1,1
16191,40000,3,3,Partial College,Clerical,1,1
16192,40000,3,3,Partial College,Clerical,0,2
16193,40000,3,3,Partial College,Clerical,0,2
16194,50000,0,0,Graduate Degree,Skilled Manual,1,0
16195,40000,1,0,Graduate Degree,Skilled Manual,1,1
16196,80000,5,0,Graduate Degree,Skilled Manual,1,0
16197,80000,0,0,Graduate Degree,Skilled Manual,0,0
16198,80000,0,0,Graduate Degree,Skilled Manual,0,0
16199,80000,0,0,Graduate Degree,Skilled Manual,0,0
16200,80000,0,0,Graduate Degree,Skilled Manual,1,0
16201,80000,0,0,Graduate Degree,Skilled Manual,0,0
16202,80000,0,0,Graduate Degree,Skilled Manual,1,0
16203,80000,0,0,Graduate Degree,Skilled Manual,0,0
16204,20000,3,0,Partial High School,Clerical,0,2
16205,30000,1,0,High School,Clerical,0,1
16206,30000,1,0,High School,Clerical,1,1
16207,40000,1,0,Partial College,Clerical,1,1
16208,20000,3,0,Partial High School,Clerical,1,2
16209,20000,3,0,Partial High School,Clerical,0,2
16210,20000,3,0,Partial High School,Clerical,0,2
16211,20000,3,0,Partial High School,Clerical,0,2
16212,30000,1,0,High School,Clerical,1,1
16213,30000,1,0,High School,Clerical,0,1
16214,20000,3,0,Partial High School,Clerical,0,2
16215,20000,3,0,Partial High School,Clerical,0,2
16216,20000,3,0,Partial High School,Clerical,0,2
16217,30000,2,0,High School,Skilled Manual,0,2
16218,20000,2,1,Partial High School,Clerical,0,2
16219,20000,2,1,Partial High School,Clerical,0,2
16220,20000,2,1,Partial High School,Clerical,0,2
16221,20000,2,1,Partial High School,Clerical,0,2
16222,20000,2,1,Partial High School,Clerical,1,2
16223,20000,2,1,Partial High School,Clerical,1,2
16224,20000,2,1,Partial High School,Clerical,1,2
16225,20000,2,1,Partial High School,Clerical,0,2
16226,30000,2,0,High School,Skilled Manual,1,2
16227,30000,2,0,High School,Skilled Manual,1,2
16228,30000,2,0,High School,Skilled Manual,0,2
16229,40000,1,0,Partial College,Clerical,1,1
16230,40000,1,0,Partial College,Clerical,0,1
16231,40000,2,0,Partial College,Clerical,0,1
16232,40000,2,0,Partial College,Clerical,1,1
16233,40000,2,0,Partial College,Clerical,0,1
16234,40000,2,0,Partial College,Clerical,0,1
16235,40000,2,0,Partial College,Clerical,1,1
16236,40000,2,0,Partial College,Clerical,0,1
16237,40000,2,0,Partial College,Clerical,0,1
16238,40000,2,0,Partial College,Clerical,0,1
16239,40000,2,0,Partial College,Clerical,0,1
16240,40000,2,0,Partial College,Clerical,0,1
16241,40000,4,4,Partial College,Clerical,1,1
16242,50000,0,0,Graduate Degree,Skilled Manual,0,0
16243,40000,0,0,Graduate Degree,Skilled Manual,1,0
16244,40000,0,0,Graduate Degree,Skilled Manual,0,0
16245,40000,1,0,Graduate Degree,Skilled Manual,1,0
16246,40000,1,0,Graduate Degree,Skilled Manual,1,0
16247,40000,1,0,Graduate Degree,Skilled Manual,1,0
16248,40000,1,0,Graduate Degree,Skilled Manual,1,0
16249,50000,1,0,Graduate Degree,Skilled Manual,1,0
16250,70000,1,0,Graduate Degree,Skilled Manual,1,0
16251,70000,1,1,Graduate Degree,Skilled Manual,1,0
16252,50000,1,1,Graduate Degree,Skilled Manual,1,0
16253,50000,1,1,Graduate Degree,Skilled Manual,1,0
16254,50000,1,1,Graduate Degree,Skilled Manual,1,0
16255,50000,1,1,Bachellors,Skilled Manual,1,0
16256,50000,1,1,Bachellors,Skilled Manual,1,0
16257,60000,1,0,Graduate Degree,Skilled Manual,1,0
16258,60000,1,0,Graduate Degree,Skilled Manual,0,0
16259,60000,1,0,Graduate Degree,Professional,0,0
16260,40000,1,1,Bachellors,Skilled Manual,1,0
16261,40000,1,1,Bachellors,Skilled Manual,1,1
16262,40000,1,1,Bachellors,Skilled Manual,0,1
16263,40000,1,1,Bachellors,Skilled Manual,1,1
16264,60000,1,0,Graduate Degree,Professional,1,0
16265,60000,2,2,Bachellors,Skilled Manual,1,0
16266,60000,2,2,Bachellors,Skilled Manual,0,0
16267,60000,2,2,Bachellors,Skilled Manual,0,0
16268,60000,2,2,Bachellors,Skilled Manual,0,0
16269,60000,2,2,Bachellors,Skilled Manual,1,0
16270,60000,1,0,Graduate Degree,Professional,0,0
16271,60000,1,0,Graduate Degree,Professional,1,0
16272,60000,1,0,Graduate Degree,Professional,1,0
16273,60000,1,0,Graduate Degree,Professional,1,0
16274,70000,3,0,Graduate Degree,Professional,0,0
16275,70000,3,0,Graduate Degree,Professional,0,0
16276,60000,1,0,Graduate Degree,Professional,1,0
16277,60000,1,0,Graduate Degree,Professional,1,0
16278,60000,1,0,Graduate Degree,Professional,0,0
16279,40000,4,4,High School,Skilled Manual,1,3
16280,70000,2,2,Bachellors,Skilled Manual,1,0
16281,70000,2,2,Bachellors,Skilled Manual,1,1
16282,70000,2,2,Bachellors,Skilled Manual,0,1
16283,40000,5,5,High School,Skilled Manual,0,1
16284,40000,5,5,High School,Skilled Manual,1,2
16285,40000,0,0,Bachellors,Professional,0,1
16286,60000,1,0,Graduate Degree,Professional,1,0
16287,60000,1,0,Graduate Degree,Professional,0,0
16288,70000,4,0,Graduate Degree,Professional,0,0
16289,70000,4,0,Graduate Degree,Professional,0,0
16290,50000,2,2,Bachellors,Skilled Manual,1,1
16291,80000,3,3,Bachellors,Skilled Manual,1,0
16292,80000,3,3,Bachellors,Skilled Manual,0,1
16293,60000,0,0,Graduate Degree,Professional,1,0
16294,60000,0,0,Graduate Degree,Professional,1,0
16295,70000,0,0,Graduate Degree,Professional,1,0
16296,70000,0,0,Graduate Degree,Professional,1,0
16297,70000,4,0,Graduate Degree,Professional,0,0
16298,60000,2,0,Graduate Degree,Professional,0,0
16299,60000,2,0,Graduate Degree,Professional,0,0
16300,120000,0,5,Partial High School,Management,1,4
16301,70000,4,3,Partial College,Professional,1,1
16302,70000,4,3,Partial College,Professional,1,1
16303,100000,2,3,Partial College,Professional,1,4
16304,110000,2,4,Partial College,Professional,1,3
16305,110000,2,4,Partial College,Professional,0,3
16306,170000,2,3,Bachellors,Management,1,3
16307,110000,2,4,Partial College,Professional,0,4
16308,120000,3,4,High School,Professional,1,4
16309,120000,3,4,High School,Professional,0,4
16310,130000,3,4,Partial College,Professional,1,3
16311,80000,3,2,Partial College,Professional,0,1
16312,80000,4,2,Partial College,Professional,1,1
16313,110000,3,4,Bachellors,Management,1,4
16314,70000,5,1,High School,Professional,1,3
16315,80000,5,0,Bachellors,Management,0,2
16316,100000,2,3,Graduate Degree,Management,1,4
16317,120000,4,5,Bachellors,Management,1,1
16318,150000,3,4,Graduate Degree,Management,1,4
16319,80000,4,2,Partial College,Professional,1,1
16320,90000,3,1,High School,Professional,0,2
16321,70000,4,3,High School,Professional,1,1
16322,80000,4,2,Partial College,Professional,1,2
16323,90000,3,2,Partial College,Professional,0,1
16324,80000,4,1,Partial College,Professional,1,2
16325,80000,4,1,High School,Professional,0,2
16326,100000,3,4,Partial College,Professional,1,4
16327,80000,5,2,High School,Professional,1,2
16328,110000,4,5,Partial College,Management,1,2
16329,80000,5,1,High School,Management,1,3
16330,80000,5,1,High School,Management,0,3
16331,120000,4,5,Partial College,Management,1,3
16332,130000,4,5,High School,Management,0,4
16333,90000,4,1,High School,Management,1,3
16334,100000,3,4,Partial College,Management,1,4
16335,90000,5,0,Partial High School,Skilled Manual,0,2
16336,90000,5,0,Partial High School,Skilled Manual,1,2
16337,120000,5,5,High School,Management,1,4
16338,150000,5,5,Partial High School,Professional,1,4
16339,70000,0,0,Bachellors,Professional,1,2
16340,70000,0,0,Bachellors,Professional,0,2
16341,80000,0,0,Bachellors,Professional,1,2
16342,80000,0,0,Bachellors,Professional,0,2
16343,80000,0,0,Bachellors,Professional,1,2
16344,70000,0,0,Bachellors,Professional,1,3
16345,70000,0,0,Bachellors,Professional,1,3
16346,80000,0,0,Bachellors,Professional,0,3
16347,90000,0,0,Bachellors,Professional,0,2
16348,80000,0,0,Bachellors,Professional,1,3
16349,90000,0,0,Bachellors,Professional,1,2
16350,90000,0,0,Bachellors,Professional,1,3
16351,90000,0,0,Bachellors,Professional,0,3
16352,110000,0,5,Partial College,Management,1,3
16353,110000,0,5,Partial College,Management,1,3
16354,110000,0,5,Partial College,Management,1,3
16355,120000,5,5,Partial High School,Professional,0,4
16356,100000,0,5,High School,Management,1,2
16357,120000,0,5,Partial High School,Professional,1,4
16358,90000,0,0,Bachellors,Professional,0,3
16359,90000,0,0,Bachellors,Professional,1,3
16360,100000,0,5,High School,Management,1,3
16361,80000,0,0,Bachellors,Professional,1,4
16362,80000,0,0,Bachellors,Professional,0,4
16363,110000,0,5,Partial College,Management,0,3
16364,110000,0,5,High School,Management,1,3
16365,90000,0,0,Bachellors,Professional,0,4
16366,100000,0,5,High School,Management,0,4
16367,100000,0,5,High School,Management,1,4
16368,90000,0,0,Bachellors,Professional,1,4
16369,100000,0,5,Partial High School,Professional,0,4
16370,110000,0,5,High School,Management,1,4
16371,110000,0,5,High School,Management,0,4
16372,110000,0,5,Partial High School,Professional,0,4
16373,30000,4,0,High School,Professional,0,2
16374,30000,4,0,High School,Professional,0,2
16375,30000,4,0,High School,Professional,1,2
16376,30000,4,0,High School,Professional,1,2
16377,30000,4,0,High School,Professional,1,2
16378,30000,4,0,High School,Professional,1,2
16379,30000,4,0,High School,Professional,1,2
16380,40000,4,0,High School,Professional,0,2
16381,40000,4,0,High School,Professional,1,2
16382,40000,4,0,High School,Professional,1,2
16383,50000,3,0,Graduate Degree,Management,1,2
16384,60000,3,0,Graduate Degree,Management,1,2
16385,60000,3,0,Graduate Degree,Management,1,2
16386,60000,3,0,Graduate Degree,Management,0,2
16387,60000,3,0,Graduate Degree,Management,1,2
16388,60000,3,0,Graduate Degree,Management,1,2
16389,60000,3,0,Bachellors,Management,0,2
16390,60000,3,0,Bachellors,Management,0,2
16391,60000,3,0,Graduate Degree,Management,0,2
16392,50000,3,0,Bachellors,Management,1,2
16393,50000,4,0,Bachellors,Management,1,2
16394,50000,4,0,Bachellors,Management,1,2
16395,50000,4,0,Bachellors,Management,0,2
16396,50000,4,0,Bachellors,Management,1,2
16397,60000,4,0,Bachellors,Management,1,2
16398,60000,4,0,Bachellors,Management,1,2
16399,60000,4,0,Bachellors,Management,0,2
16400,60000,4,0,Bachellors,Management,0,2
16401,60000,4,0,Bachellors,Management,1,2
16402,30000,5,0,Partial High School,Clerical,0,2
16403,30000,5,0,Partial High School,Clerical,0,2
16404,30000,2,1,Partial High School,Skilled Manual,0,2
16405,40000,5,0,High School,Professional,0,3
16406,40000,5,0,High School,Professional,1,3
16407,70000,5,0,Bachellors,Management,1,3
16408,70000,5,0,Bachellors,Management,1,3
16409,70000,5,0,Bachellors,Management,1,3
16410,40000,2,1,High School,Professional,1,1
16411,40000,2,1,High School,Professional,0,2
16412,40000,2,1,High School,Professional,1,2
16413,70000,2,1,Bachellors,Management,1,1
16414,70000,2,1,Bachellors,Management,1,1
16415,70000,2,1,Bachellors,Management,1,1
16416,40000,2,1,High School,Professional,1,2
16417,60000,2,1,Partial College,Professional,0,1
16418,60000,2,1,Bachellors,Management,1,0
16419,70000,4,1,Partial College,Professional,0,2
16420,40000,2,1,High School,Professional,1,2
16421,40000,2,1,Partial High School,Skilled Manual,1,2
16422,60000,2,1,Partial College,Professional,0,2
16423,60000,2,1,Partial College,Professional,1,2
16424,60000,2,1,Partial College,Professional,0,0
16425,60000,2,1,Partial College,Professional,1,0
16426,60000,2,1,Partial College,Professional,0,1
16427,60000,2,1,Partial College,Professional,1,1
16428,70000,5,1,Partial College,Professional,0,2
16429,40000,2,1,Partial High School,Skilled Manual,1,2
16430,40000,2,1,Partial High School,Skilled Manual,1,3
16431,60000,2,1,Partial College,Professional,1,2
16432,60000,2,1,Partial College,Professional,0,2
16433,60000,2,1,Partial College,Professional,1,1
16434,60000,2,1,Partial College,Professional,0,1
16435,70000,4,2,Partial College,Professional,1,1
16436,70000,4,2,Partial College,Professional,1,1
16437,60000,2,1,High School,Professional,1,2
16438,60000,2,1,High School,Professional,1,2
16439,60000,2,1,Partial College,Professional,1,1
16440,70000,2,1,High School,Professional,0,2
16441,70000,2,1,Partial High School,Skilled Manual,0,2
16442,60000,3,1,High School,Professional,0,2
16443,60000,3,1,High School,Professional,1,2
16444,60000,3,1,Partial High School,Skilled Manual,1,2
16445,70000,5,5,Graduate Degree,Professional,0,2
16446,70000,5,5,Graduate Degree,Professional,1,2
16447,80000,3,0,Graduate Degree,Professional,1,0
16448,80000,3,0,Graduate Degree,Professional,1,0
16449,40000,0,0,Bachellors,Professional,1,1
16450,80000,0,0,Bachellors,Management,1,1
16451,100000,1,0,Bachellors,Management,1,2
16452,100000,2,0,Bachellors,Management,0,2
16453,120000,0,1,Bachellors,Management,0,3
16454,80000,4,3,Bachellors,Management,1,0
16455,90000,4,4,Bachellors,Management,1,1
16456,100000,2,0,Bachellors,Management,0,3
16457,100000,2,0,Bachellors,Management,1,3
16458,100000,2,0,Bachellors,Management,0,3
16459,110000,2,1,Bachellors,Management,1,3
16460,130000,1,0,Graduate Degree,Management,1,2
16461,130000,1,0,Graduate Degree,Management,0,3
16462,40000,0,0,High School,Skilled Manual,1,2
16463,40000,0,0,Partial College,Skilled Manual,1,1
16464,40000,0,0,Partial College,Skilled Manual,0,1
16465,20000,3,0,High School,Skilled Manual,0,2
16466,30000,0,0,Partial College,Skilled Manual,1,1
16467,30000,0,0,Partial College,Skilled Manual,0,1
16468,60000,0,0,Partial College,Skilled Manual,1,2
16469,60000,0,0,Partial College,Skilled Manual,0,2
16470,30000,2,0,Partial College,Clerical,0,2
16471,30000,2,0,Partial College,Clerical,0,2
16472,20000,2,1,High School,Skilled Manual,1,2
16473,20000,2,1,Partial High School,Clerical,1,2
16474,20000,2,1,Partial High School,Clerical,1,2
16475,40000,0,0,Bachellors,Professional,1,2
16476,40000,0,0,Partial College,Skilled Manual,1,1
16477,40000,0,0,Partial College,Skilled Manual,1,2
16478,40000,0,0,Partial College,Skilled Manual,1,2
16479,60000,0,0,Partial College,Skilled Manual,1,2
16480,60000,0,0,Partial College,Skilled Manual,0,2
16481,70000,0,0,Partial College,Skilled Manual,0,2
16482,70000,0,0,Partial College,Skilled Manual,0,2
16483,10000,2,1,Partial High School,Clerical,1,2
16484,20000,2,1,Partial High School,Clerical,1,2
16485,20000,2,1,Partial High School,Clerical,1,2
16486,20000,2,1,Partial High School,Clerical,0,2
16487,20000,2,1,Partial High School,Clerical,0,2
16488,20000,2,1,Partial High School,Clerical,1,2
16489,20000,2,1,Partial High School,Clerical,0,2
16490,20000,2,1,Partial High School,Clerical,1,2
16491,20000,2,1,Partial High School,Clerical,1,2
16492,20000,3,1,Partial High School,Clerical,0,4
16493,30000,3,0,High School,Skilled Manual,1,2
16494,30000,3,0,High School,Skilled Manual,1,2
16495,40000,2,0,Partial College,Skilled Manual,0,2
16496,40000,3,0,Partial High School,Clerical,0,2
16497,40000,3,0,Partial High School,Clerical,0,2
16498,40000,3,0,Partial High School,Clerical,0,2
16499,80000,2,0,Partial College,Skilled Manual,0,2
16500,80000,2,0,Partial College,Skilled Manual,1,2
16501,80000,2,0,Partial College,Skilled Manual,1,2
16502,80000,2,0,Partial College,Skilled Manual,1,2
16503,40000,0,0,Partial College,Skilled Manual,1,2
16504,40000,0,0,Partial College,Skilled Manual,1,2
16505,40000,0,0,High School,Skilled Manual,0,2
16506,40000,0,0,High School,Skilled Manual,1,2
16507,40000,0,0,High School,Skilled Manual,1,2
16508,40000,0,0,High School,Skilled Manual,1,2
16509,60000,0,0,Partial College,Skilled Manual,0,2
16510,60000,0,0,Partial College,Professional,0,2
16511,60000,0,0,Partial College,Professional,0,2
16512,80000,2,0,High School,Skilled Manual,0,2
16513,80000,2,0,High School,Skilled Manual,0,2
16514,70000,2,0,High School,Skilled Manual,0,2
16515,70000,2,0,High School,Skilled Manual,0,2
16516,100000,1,0,Bachellors,Management,0,3
16517,100000,1,1,Bachellors,Management,1,3
16518,100000,1,1,Bachellors,Management,1,3
16519,100000,1,1,Bachellors,Management,1,3
16520,110000,4,1,Bachellors,Management,0,4
16521,110000,4,1,Bachellors,Management,0,4
16522,80000,0,0,Bachellors,Management,0,1
16523,50000,0,0,High School,Professional,1,2
16524,50000,0,0,High School,Professional,0,2
16525,50000,0,0,Partial High School,Skilled Manual,0,2
16526,60000,0,0,Partial College,Professional,0,2
16527,60000,0,0,Partial College,Professional,1,2
16528,120000,2,2,Bachellors,Management,0,3
16529,130000,0,1,Graduate Degree,Management,1,4
16530,130000,1,1,Graduate Degree,Management,1,4
16531,70000,2,0,Partial High School,Skilled Manual,1,2
16532,40000,0,0,Bachellors,Professional,0,1
16533,60000,4,4,Bachellors,Skilled Manual,1,2
16534,60000,4,4,Bachellors,Skilled Manual,1,2
16535,60000,4,4,Bachellors,Skilled Manual,0,3
16536,60000,5,5,Bachellors,Skilled Manual,1,3
16537,60000,4,2,Bachellors,Skilled Manual,1,2
16538,70000,4,2,Bachellors,Professional,1,2
16539,70000,4,2,Bachellors,Professional,1,2
16540,70000,0,0,Bachellors,Professional,0,1
16541,70000,0,0,Bachellors,Professional,0,1
16542,70000,0,0,Bachellors,Professional,1,1
16543,70000,1,0,Bachellors,Professional,1,1
16544,70000,1,0,Bachellors,Professional,1,1
16545,60000,1,0,Partial College,Skilled Manual,1,1
16546,60000,1,0,Partial College,Skilled Manual,1,1
16547,40000,4,2,High School,Skilled Manual,1,2
16548,40000,4,2,High School,Skilled Manual,1,2
16549,60000,1,0,Partial College,Skilled Manual,1,1
16550,60000,1,0,Partial College,Skilled Manual,1,1
16551,60000,0,0,Partial College,Skilled Manual,0,1
16552,60000,0,0,Partial College,Skilled Manual,0,1
16553,60000,0,0,Graduate Degree,Professional,0,1
16554,60000,0,0,Graduate Degree,Professional,0,1
16555,60000,1,0,Partial College,Skilled Manual,1,1
16556,60000,1,0,Partial College,Skilled Manual,1,1
16557,60000,1,0,Partial College,Skilled Manual,1,1
16558,60000,1,0,Partial College,Skilled Manual,1,1
16559,60000,1,0,Partial College,Skilled Manual,1,1
16560,60000,1,0,Partial College,Skilled Manual,1,1
16561,60000,1,0,Partial College,Skilled Manual,1,1
16562,60000,5,4,Bachellors,Professional,1,0
16563,60000,5,4,Bachellors,Professional,1,1
16564,60000,5,4,Bachellors,Professional,1,1
16565,60000,4,3,Bachellors,Professional,1,0
16566,60000,4,3,Bachellors,Professional,0,0
16567,60000,4,3,Bachellors,Professional,1,0
16568,60000,4,3,Bachellors,Professional,0,0
16569,70000,2,0,Graduate Degree,Professional,0,1
16570,70000,2,0,Graduate Degree,Professional,1,1
16571,80000,2,0,Graduate Degree,Professional,0,0
16572,80000,4,0,Graduate Degree,Professional,1,0
16573,80000,1,0,Partial College,Skilled Manual,1,1
16574,80000,1,0,Partial College,Skilled Manual,1,1
16575,80000,1,0,Partial College,Skilled Manual,1,1
16576,60000,3,2,Bachellors,Professional,0,0
16577,60000,1,0,Bachellors,Professional,0,1
16578,60000,1,0,Bachellors,Professional,0,1
16579,60000,1,0,Bachellors,Professional,1,1
16580,70000,5,4,Graduate Degree,Professional,1,2
16581,80000,4,4,Graduate Degree,Management,1,0
16582,80000,4,4,Graduate Degree,Management,1,0
16583,90000,2,0,Bachellors,Professional,0,0
16584,90000,2,0,Bachellors,Professional,1,0
16585,90000,2,0,Bachellors,Professional,0,0
16586,90000,2,0,Bachellors,Professional,0,0
16587,60000,2,2,Bachellors,Professional,1,1
16588,60000,2,2,Bachellors,Professional,0,1
16589,70000,5,5,Bachellors,Professional,1,3
16590,60000,2,2,Bachellors,Professional,0,1
16591,60000,2,2,Bachellors,Professional,1,1
16592,70000,5,5,Bachellors,Professional,0,3
16593,70000,5,5,Bachellors,Professional,1,3
16594,70000,5,5,Bachellors,Professional,1,4
16595,80000,5,5,Graduate Degree,Management,1,3
16596,80000,5,5,Graduate Degree,Management,1,3
16597,80000,5,5,Bachellors,Professional,1,3
16598,90000,0,0,Bachellors,Professional,0,0
16599,90000,2,0,Bachellors,Professional,1,0
16600,90000,2,0,Bachellors,Professional,0,0
16601,60000,3,1,Partial High School,Skilled Manual,0,2
16602,60000,3,1,Partial High School,Skilled Manual,0,3
16603,60000,3,1,Partial High School,Skilled Manual,0,3
16604,70000,2,0,Partial High School,Skilled Manual,1,2
16605,60000,2,0,High School,Professional,1,2
16606,60000,2,0,High School,Professional,1,2
16607,70000,2,1,Partial College,Professional,0,0
16608,80000,2,0,Partial High School,Skilled Manual,1,2
16609,80000,2,0,Partial High School,Skilled Manual,1,2
16610,80000,2,0,Partial High School,Skilled Manual,1,2
16611,80000,2,0,Partial High School,Skilled Manual,0,2
16612,60000,2,0,High School,Professional,1,2
16613,60000,2,0,High School,Professional,1,2
16614,60000,2,0,High School,Professional,0,2
16615,60000,2,0,High School,Professional,0,2
16616,120000,3,2,Bachellors,Management,1,4
16617,120000,3,2,Bachellors,Management,1,4
16618,90000,0,0,Partial College,Professional,0,1
16619,100000,5,2,Partial College,Professional,1,1
16620,120000,4,2,Partial College,Professional,1,4
16621,130000,2,2,Graduate Degree,Management,0,2
16622,160000,0,0,Graduate Degree,Management,0,4
16623,70000,4,3,Partial College,Professional,0,0
16624,80000,3,0,Partial College,Professional,0,1
16625,80000,2,1,Partial College,Professional,1,1
16626,90000,2,1,Partial College,Professional,0,0
16627,90000,4,0,Bachellors,Management,1,1
16628,130000,1,2,Graduate Degree,Management,0,3
16629,80000,4,3,Partial College,Professional,0,2
16630,90000,0,0,Partial College,Professional,1,1
16631,110000,4,2,Bachellors,Management,0,4
16632,130000,3,2,Bachellors,Management,0,4
16633,80000,5,4,Partial College,Professional,1,2
16634,80000,5,4,Partial College,Professional,1,3
16635,80000,5,4,Partial College,Professional,1,3
16636,90000,5,4,Partial College,Professional,1,4
16637,100000,1,2,Partial College,Professional,1,3
16638,100000,1,2,Partial College,Professional,0,3
16639,100000,1,2,Partial College,Professional,0,3
16640,100000,1,2,Partial College,Professional,0,4
16641,120000,1,3,Partial College,Professional,0,4
16642,120000,1,3,Partial College,Professional,1,4
16643,120000,1,3,High School,Professional,0,4
16644,70000,5,4,Partial College,Professional,1,3
16645,90000,4,3,Partial College,Professional,1,0
16646,120000,1,3,High School,Professional,1,4
16647,130000,1,3,Bachellors,Management,0,2
16648,150000,1,2,Partial College,Professional,0,4
16649,80000,2,0,Partial High School,Skilled Manual,0,2
16650,60000,2,0,High School,Professional,0,2
16651,70000,4,3,High School,Professional,1,0
16652,90000,2,1,High School,Professional,1,1
16653,70000,2,0,Partial High School,Skilled Manual,1,2
16654,30000,4,0,High School,Professional,1,2
16655,60000,2,0,Graduate Degree,Management,1,2
16656,90000,4,0,Bachellors,Management,1,2
16657,40000,3,0,Partial College,Professional,0,2
16658,50000,2,0,Graduate Degree,Management,0,2
16659,50000,2,0,Graduate Degree,Management,1,2
16660,50000,2,0,Graduate Degree,Management,1,2
16661,80000,4,0,Graduate Degree,Management,1,2
16662,120000,1,3,Graduate Degree,Management,1,4
16663,110000,5,3,Partial College,Professional,1,4
16664,170000,1,1,Graduate Degree,Management,0,2
16665,170000,1,1,Bachellors,Management,1,4
16666,70000,2,0,Partial High School,Skilled Manual,1,2
16667,60000,3,0,Partial High School,Skilled Manual,1,2
16668,70000,3,1,High School,Professional,0,1
16669,70000,3,0,Graduate Degree,Management,1,2
16670,70000,3,0,Graduate Degree,Management,1,2
16671,70000,3,0,Graduate Degree,Management,0,2
16672,70000,3,0,Graduate Degree,Management,0,2
16673,60000,3,0,Graduate Degree,Management,1,2
16674,60000,3,0,Graduate Degree,Management,1,2
16675,40000,3,0,Partial College,Professional,1,2
16676,40000,3,0,Partial College,Professional,1,2
16677,40000,3,0,Partial College,Professional,1,2
16678,40000,3,0,Partial College,Professional,1,2
16679,40000,3,0,Partial College,Professional,0,2
16680,40000,3,0,Partial College,Professional,1,2
16681,40000,3,0,Partial College,Professional,1,2
16682,40000,4,0,Partial College,Professional,0,2
16683,40000,4,0,Partial College,Professional,1,2
16684,30000,4,0,High School,Professional,0,2
16685,40000,4,0,Partial College,Professional,1,2
16686,60000,4,4,Bachellors,Professional,0,3
16687,60000,4,4,Bachellors,Professional,1,3
16688,60000,3,2,Bachellors,Professional,1,2
16689,70000,0,0,Bachellors,Professional,0,1
16690,70000,0,0,Bachellors,Professional,1,1
16691,90000,2,2,Bachellors,Professional,1,0
16692,90000,2,2,Bachellors,Professional,1,0
16693,90000,3,3,Bachellors,Professional,1,0
16694,90000,4,4,Bachellors,Professional,1,0
16695,60000,1,0,Bachellors,Professional,1,1
16696,60000,1,0,Bachellors,Professional,1,1
16697,60000,1,0,Bachellors,Professional,1,1
16698,60000,1,0,Partial College,Skilled Manual,1,1
16699,60000,1,0,Bachellors,Professional,1,1
16700,60000,1,0,Bachellors,Professional,1,1
16701,70000,3,0,Graduate Degree,Management,0,1
16702,60000,1,0,Partial College,Skilled Manual,1,1
16703,60000,1,0,Partial College,Skilled Manual,1,1
16704,90000,1,0,Bachellors,Professional,0,1
16705,40000,2,0,Bachellors,Professional,1,1
16706,80000,5,5,Bachellors,Professional,1,4
16707,70000,0,0,Bachellors,Professional,0,1
16708,70000,0,0,Bachellors,Professional,0,1
16709,70000,0,0,Bachellors,Professional,0,1
16710,70000,0,0,Bachellors,Professional,0,2
16711,70000,0,0,Bachellors,Professional,0,2
16712,70000,0,0,Bachellors,Professional,0,2
16713,60000,1,0,Partial College,Skilled Manual,0,1
16714,60000,1,0,Partial College,Skilled Manual,1,1
16715,60000,1,0,Partial College,Skilled Manual,0,1
16716,60000,1,0,Partial College,Skilled Manual,1,1
16717,70000,5,4,Partial College,Skilled Manual,1,2
16718,70000,5,4,Partial College,Skilled Manual,0,3
16719,70000,5,4,Partial College,Skilled Manual,1,3
16720,70000,5,4,Partial College,Skilled Manual,1,3
16721,70000,5,4,Partial College,Skilled Manual,1,3
16722,80000,1,0,Partial College,Skilled Manual,1,1
16723,80000,1,0,Partial College,Skilled Manual,0,1
16724,40000,2,0,Bachellors,Management,1,1
16725,30000,0,0,High School,Skilled Manual,1,2
16726,30000,0,0,High School,Skilled Manual,0,2
16727,30000,0,0,High School,Skilled Manual,0,2
16728,30000,0,0,High School,Skilled Manual,1,2
16729,30000,2,0,Partial College,Clerical,0,2
16730,30000,0,0,Partial High School,Clerical,1,2
16731,30000,0,0,Partial High School,Clerical,1,2
16732,40000,0,0,High School,Skilled Manual,1,2
16733,40000,0,0,High School,Skilled Manual,1,2
16734,40000,2,0,Bachellors,Management,1,2
16735,30000,0,0,Partial High School,Clerical,0,2
16736,40000,0,0,High School,Skilled Manual,0,2
16737,40000,0,0,High School,Skilled Manual,1,2
16738,40000,0,0,High School,Skilled Manual,0,2
16739,30000,0,0,Partial High School,Clerical,0,2
16740,30000,0,0,Partial High School,Clerical,0,2
16741,40000,0,0,High School,Skilled Manual,1,2
16742,40000,0,0,High School,Skilled Manual,1,2
16743,40000,0,0,High School,Skilled Manual,1,2
16744,40000,2,0,Bachellors,Management,1,2
16745,50000,2,0,Graduate Degree,Management,1,1
16746,40000,2,0,Bachellors,Management,1,2
16747,60000,2,0,Graduate Degree,Management,0,1
16748,40000,0,0,High School,Skilled Manual,0,2
16749,40000,0,0,High School,Skilled Manual,0,2
16750,40000,0,0,Partial College,Skilled Manual,1,1
16751,40000,0,0,Partial College,Skilled Manual,1,1
16752,40000,0,0,Partial College,Skilled Manual,1,1
16753,40000,0,0,High School,Skilled Manual,0,2
16754,40000,0,0,High School,Skilled Manual,0,2
16755,50000,0,0,Partial College,Skilled Manual,0,1
16756,50000,0,0,Partial College,Skilled Manual,0,1
16757,50000,3,3,Bachellors,Skilled Manual,0,1
16758,50000,3,3,Bachellors,Skilled Manual,1,3
16759,50000,3,3,Bachellors,Skilled Manual,1,3
16760,50000,3,3,Bachellors,Skilled Manual,0,3
16761,40000,0,0,Graduate Degree,Clerical,0,0
16762,40000,0,0,Graduate Degree,Clerical,1,0
16763,40000,0,0,Graduate Degree,Clerical,0,0
16764,10000,3,3,High School,Manual,1,1
16765,20000,1,1,Partial College,Manual,0,1
16766,20000,1,1,Partial College,Manual,1,1
16767,20000,1,1,Partial College,Manual,1,1
16768,20000,1,1,Partial College,Manual,1,1
16769,20000,1,1,High School,Manual,0,1
16770,20000,1,1,High School,Manual,0,1
16771,30000,1,1,Bachellors,Clerical,0,0
16772,30000,1,1,Bachellors,Clerical,1,1
16773,10000,5,3,Partial High School,Manual,0,1
16774,20000,1,1,High School,Manual,1,1
16775,20000,2,2,High School,Manual,1,0
16776,40000,0,0,Bachellors,Clerical,0,0
16777,30000,1,1,Bachellors,Clerical,0,1
16778,30000,1,1,Bachellors,Skilled Manual,1,1
16779,30000,1,1,Bachellors,Skilled Manual,1,1
16780,10000,5,3,Partial High School,Manual,1,2
16781,20000,2,2,High School,Manual,1,1
16782,20000,2,2,High School,Manual,1,1
16783,20000,2,2,High School,Manual,1,2
16784,30000,1,1,Bachellors,Skilled Manual,1,2
16785,10000,3,2,Partial High School,Manual,0,1
16786,30000,1,0,Bachellors,Skilled Manual,1,1
16787,20000,3,3,High School,Manual,0,0
16788,30000,1,1,Bachellors,Skilled Manual,0,2
16789,10000,3,2,Partial High School,Manual,1,2
16790,20000,3,3,High School,Manual,1,1
16791,20000,3,3,High School,Manual,0,1
16792,20000,3,3,High School,Manual,0,1
16793,20000,3,3,High School,Manual,1,1
16794,10000,4,0,High School,Manual,0,2
16795,40000,1,0,Graduate Degree,Skilled Manual,1,0
16796,40000,0,0,Bachellors,Professional,0,0
16797,40000,0,0,Bachellors,Professional,0,0
16798,40000,0,0,Bachellors,Professional,1,0
16799,40000,0,0,Bachellors,Professional,1,0
16800,80000,0,0,Graduate Degree,Skilled Manual,1,0
16801,80000,0,0,Graduate Degree,Skilled Manual,1,0
16802,30000,2,2,Partial College,Clerical,1,0
16803,30000,2,2,Partial College,Clerical,1,0
16804,30000,2,2,Partial College,Clerical,0,0
16805,30000,1,0,Partial College,Clerical,0,1
16806,30000,1,0,Partial College,Clerical,0,1
16807,30000,1,0,Partial College,Clerical,0,1
16808,20000,2,0,Partial College,Clerical,1,1
16809,30000,2,2,Partial College,Clerical,1,0
16810,40000,1,0,Bachellors,Skilled Manual,1,0
16811,40000,1,0,Bachellors,Skilled Manual,1,0
16812,40000,1,0,Bachellors,Skilled Manual,1,0
16813,20000,0,0,High School,Manual,0,1
16814,20000,0,0,High School,Manual,0,1
16815,30000,3,3,Partial College,Clerical,0,1
16816,30000,3,3,Partial College,Clerical,1,2
16817,20000,0,0,High School,Manual,0,1
16818,40000,1,0,Bachellors,Skilled Manual,1,0
16819,40000,1,0,Bachellors,Skilled Manual,1,0
16820,40000,1,0,Bachellors,Skilled Manual,1,0
16821,40000,1,0,Bachellors,Skilled Manual,1,0
16822,40000,1,0,Bachellors,Skilled Manual,1,0
16823,30000,1,0,Partial College,Clerical,0,1
16824,40000,1,0,Bachellors,Skilled Manual,1,1
16825,30000,3,3,Partial College,Clerical,1,2
16826,30000,3,3,Partial College,Clerical,1,2
16827,30000,4,4,Partial College,Clerical,0,1
16828,30000,4,4,Partial College,Clerical,1,2
16829,30000,4,4,Partial College,Clerical,1,2
16830,30000,0,0,Partial College,Clerical,0,1
16831,20000,0,0,High School,Manual,0,1
16832,20000,0,0,Partial High School,Manual,0,1
16833,30000,0,0,Partial College,Clerical,0,1
16834,20000,0,0,Partial High School,Manual,1,2
16835,20000,0,0,Partial High School,Manual,0,2
16836,20000,0,0,Partial High School,Manual,1,2
16837,20000,0,0,Partial High School,Manual,1,2
16838,20000,0,0,Partial High School,Manual,1,2
16839,20000,0,0,Partial High School,Manual,0,2
16840,40000,1,1,Bachellors,Skilled Manual,1,0
16841,10000,0,0,Partial High School,Manual,1,2
16842,20000,1,0,Graduate Degree,Clerical,1,0
16843,10000,1,0,Bachellors,Manual,1,0
16844,20000,1,0,Graduate Degree,Clerical,0,0
16845,10000,1,0,Graduate Degree,Clerical,1,0
16846,30000,5,0,Graduate Degree,Clerical,0,0
16847,30000,4,0,Graduate Degree,Clerical,1,0
16848,10000,1,0,Partial College,Manual,0,0
16849,10000,2,0,Partial College,Manual,1,0
16850,20000,1,0,Bachellors,Clerical,1,0
16851,20000,1,0,Bachellors,Clerical,0,0
16852,20000,1,0,Bachellors,Clerical,0,0
16853,20000,1,0,Bachellors,Clerical,1,0
16854,10000,2,0,Bachellors,Clerical,0,1
16855,10000,2,0,Partial College,Manual,1,1
16856,20000,1,0,Partial College,Manual,0,0
16857,30000,1,0,Bachellors,Clerical,1,0
16858,10000,2,0,Partial College,Manual,0,1
16859,10000,3,0,Partial College,Manual,0,1
16860,20000,1,0,Partial College,Manual,1,0
16861,10000,0,0,Partial College,Manual,1,1
16862,10000,0,0,Partial College,Manual,1,1
16863,10000,0,0,Partial College,Manual,1,1
16864,20000,0,0,Bachellors,Clerical,0,0
16865,20000,0,0,Bachellors,Clerical,1,0
16866,10000,0,0,High School,Manual,1,2
16867,10000,0,0,High School,Manual,0,2
16868,10000,0,0,High School,Manual,1,2
16869,10000,1,1,High School,Manual,0,0
16870,10000,1,1,High School,Manual,1,0
16871,10000,1,1,High School,Manual,1,0
16872,10000,1,1,High School,Manual,0,0
16873,20000,0,0,Bachellors,Clerical,1,0
16874,20000,0,0,Bachellors,Clerical,1,0
16875,20000,0,0,Bachellors,Clerical,1,0
16876,10000,1,1,High School,Manual,1,0
16877,10000,1,1,High School,Manual,0,0
16878,20000,0,0,Bachellors,Clerical,0,0
16879,20000,0,0,Partial College,Manual,0,0
16880,20000,0,0,Partial College,Manual,0,0
16881,40000,1,0,Graduate Degree,Clerical,0,0
16882,20000,1,1,Partial College,Manual,0,0
16883,30000,4,0,Graduate Degree,Clerical,1,0
16884,30000,4,0,Graduate Degree,Clerical,1,0
16885,30000,4,0,Graduate Degree,Clerical,1,0
16886,30000,3,0,Graduate Degree,Clerical,0,0
16887,10000,1,1,High School,Manual,1,1
16888,10000,1,1,High School,Manual,0,1
16889,10000,1,1,High School,Manual,0,1
16890,10000,1,1,High School,Manual,0,1
16891,20000,1,1,Partial College,Manual,0,0
16892,20000,1,1,Partial College,Manual,0,0
16893,30000,3,0,Graduate Degree,Clerical,0,0
16894,10000,1,1,High School,Manual,0,1
16895,20000,2,0,Partial College,Manual,1,1
16896,20000,2,0,Partial College,Manual,0,1
16897,30000,3,0,Bachellors,Clerical,1,0
16898,30000,3,0,Bachellors,Clerical,1,0
16899,30000,3,0,Bachellors,Clerical,1,0
16900,30000,0,0,Bachellors,Clerical,1,0
16901,30000,0,0,Bachellors,Clerical,1,0
16902,40000,3,0,Graduate Degree,Clerical,1,0
16903,40000,3,0,Graduate Degree,Clerical,0,0
16904,10000,1,1,High School,Manual,0,1
16905,10000,1,1,High School,Manual,0,1
16906,10000,2,2,High School,Manual,0,0
16907,10000,2,2,High School,Manual,1,0
16908,20000,0,0,Partial College,Manual,0,1
16909,20000,0,0,Partial College,Manual,0,1
16910,20000,0,0,Partial College,Manual,0,1
16911,40000,2,0,Bachellors,Management,1,2
16912,40000,0,0,High School,Skilled Manual,0,2
16913,40000,0,0,High School,Skilled Manual,1,2
16914,40000,0,0,Partial College,Skilled Manual,1,1
16915,50000,0,0,Partial College,Skilled Manual,0,1
16916,50000,0,0,Partial College,Skilled Manual,0,1
16917,50000,0,0,Partial College,Skilled Manual,0,1
16918,60000,0,0,Partial College,Skilled Manual,1,1
16919,70000,0,0,Partial College,Skilled Manual,1,2
16920,70000,0,0,Partial College,Skilled Manual,1,2
16921,70000,0,0,Partial College,Skilled Manual,1,2
16922,70000,4,3,Partial College,Professional,1,1
16923,70000,4,3,Partial College,Professional,1,1
16924,130000,2,3,Bachellors,Management,0,4
16925,130000,2,4,Partial College,Professional,0,2
16926,150000,2,3,High School,Professional,0,4
16927,100000,2,3,High School,Professional,1,4
16928,120000,3,4,Partial High School,Professional,0,4
16929,160000,2,4,High School,Professional,0,2
16930,170000,3,3,Partial College,Professional,0,4
16931,110000,3,4,Partial College,Professional,1,4
16932,110000,3,4,Partial College,Professional,1,4
16933,110000,3,4,Partial College,Professional,0,4
16934,80000,3,1,Partial College,Professional,0,2
16935,70000,5,1,High School,Professional,0,2
16936,60000,3,1,Partial High School,Skilled Manual,1,3
16937,60000,3,1,Partial High School,Skilled Manual,0,4
16938,90000,5,0,Partial College,Professional,0,2
16939,130000,4,4,Bachellors,Management,0,4
16940,130000,4,4,Partial College,Professional,0,4
16941,130000,4,4,Partial College,Professional,0,4
16942,80000,4,2,Partial College,Professional,1,2
16943,90000,4,2,High School,Professional,0,1
16944,120000,2,5,Partial High School,Professional,0,2
16945,120000,2,5,Partial High School,Professional,0,2
16946,130000,4,5,High School,Professional,0,1
16947,170000,0,4,High School,Professional,0,4
16948,110000,2,5,Partial College,Professional,0,2
16949,120000,2,5,Bachellors,Management,1,2
16950,170000,0,5,Bachellors,Management,0,3
16951,80000,4,1,Partial College,Professional,1,2
16952,80000,4,1,Partial College,Professional,0,2
16953,90000,4,1,High School,Professional,0,2
16954,160000,4,5,Partial College,Professional,1,2
16955,80000,4,1,High School,Professional,0,3
16956,130000,4,5,High School,Professional,0,3
16957,130000,4,5,High School,Professional,1,3
16958,130000,4,5,High School,Professional,0,3
16959,150000,4,5,Bachellors,Management,0,3
16960,110000,4,5,Partial College,Management,0,2
16961,110000,4,5,Partial College,Management,1,2
16962,70000,5,1,Partial High School,Skilled Manual,1,3
16963,80000,5,1,High School,Management,1,3
16964,120000,4,5,Partial College,Management,1,3
16965,150000,3,5,High School,Management,0,4
16966,160000,4,5,High School,Management,0,4
16967,80000,5,1,High School,Management,1,4
16968,170000,5,5,Partial High School,Professional,0,4
16969,70000,0,0,Bachellors,Professional,1,3
16970,80000,0,0,Bachellors,Professional,1,2
16971,80000,0,0,Bachellors,Professional,1,2
16972,80000,0,0,Bachellors,Professional,0,3
16973,90000,0,0,Bachellors,Professional,1,3
16974,100000,0,5,High School,Management,1,2
16975,160000,2,5,High School,Management,1,4
16976,90000,0,0,Bachellors,Professional,1,3
16977,90000,0,0,Bachellors,Professional,0,3
16978,100000,0,5,High School,Management,0,3
16979,80000,0,0,Bachellors,Professional,1,4
16980,80000,0,0,Bachellors,Professional,1,4
16981,80000,0,0,Bachellors,Professional,0,4
16982,80000,0,0,Bachellors,Professional,0,4
16983,120000,0,5,Partial High School,Professional,0,4
16984,100000,0,5,High School,Management,0,3
16985,100000,0,5,High School,Management,1,4
16986,100000,0,5,Partial High School,Professional,0,4
16987,110000,0,5,High School,Management,0,4
16988,110000,0,5,High School,Management,0,4
16989,40000,4,0,High School,Professional,1,2
16990,30000,4,0,High School,Professional,1,2
16991,30000,4,0,High School,Professional,1,2
16992,30000,4,0,High School,Professional,0,2
16993,30000,4,0,High School,Professional,1,2
16994,30000,4,0,High School,Professional,0,2
16995,40000,4,0,High School,Professional,1,2
16996,40000,4,0,High School,Professional,0,2
16997,50000,3,0,Graduate Degree,Management,1,2
16998,50000,3,0,Graduate Degree,Management,0,2
16999,50000,3,0,Graduate Degree,Management,0,2
17000,60000,3,0,Graduate Degree,Management,0,2
17001,60000,3,0,Graduate Degree,Management,0,2
17002,60000,3,0,Graduate Degree,Management,1,2
17003,60000,3,0,Graduate Degree,Management,1,2
17004,60000,3,0,Graduate Degree,Management,1,2
17005,60000,3,0,Bachellors,Management,1,2
17006,60000,3,0,Graduate Degree,Management,1,2
17007,50000,3,0,Bachellors,Management,0,2
17008,50000,3,0,Bachellors,Management,1,2
17009,60000,4,0,Bachellors,Management,0,2
17010,50000,4,0,Bachellors,Management,0,2
17011,50000,4,0,Bachellors,Management,1,2
17012,60000,4,0,Bachellors,Management,1,2
17013,60000,4,0,Bachellors,Management,0,2
17014,30000,4,0,High School,Professional,1,2
17015,30000,5,0,Partial High School,Clerical,0,2
17016,40000,4,0,High School,Professional,0,2
17017,20000,5,0,Partial High School,Clerical,0,4
17018,30000,5,0,Partial High School,Clerical,0,3
17019,30000,2,1,Partial High School,Skilled Manual,1,3
17020,40000,5,0,High School,Professional,1,3
17021,40000,5,0,High School,Professional,0,3
17022,40000,5,0,High School,Professional,0,3
17023,40000,5,0,High School,Professional,1,3
17024,40000,5,0,High School,Professional,0,3
17025,70000,5,0,Bachellors,Management,0,3
17026,40000,2,1,High School,Professional,0,2
17027,40000,2,1,High School,Professional,0,2
17028,40000,2,1,High School,Professional,0,2
17029,40000,2,1,High School,Professional,1,2
17030,40000,2,1,High School,Professional,1,2
17031,70000,2,1,Bachellors,Management,0,1
17032,70000,2,1,Bachellors,Management,0,1
17033,70000,2,1,Bachellors,Management,1,1
17034,70000,2,1,Bachellors,Management,1,1
17035,40000,2,1,High School,Professional,1,2
17036,40000,2,1,High School,Professional,1,2
17037,40000,2,1,High School,Professional,0,2
17038,70000,2,1,Partial College,Professional,1,2
17039,70000,2,1,Partial College,Professional,1,2
17040,60000,2,1,Bachellors,Management,0,0
17041,60000,2,1,Partial College,Professional,0,2
17042,60000,2,1,Partial College,Professional,0,2
17043,60000,2,1,Bachellors,Management,0,0
17044,60000,2,1,Bachellors,Management,1,0
17045,60000,2,1,Bachellors,Management,0,0
17046,40000,2,1,Partial High School,Skilled Manual,1,2
17047,40000,2,1,Partial High School,Skilled Manual,1,2
17048,60000,2,1,Partial College,Professional,0,2
17049,70000,4,2,Partial College,Professional,1,1
17050,70000,4,2,Partial College,Professional,1,1
17051,80000,3,1,Bachellors,Management,1,1
17052,60000,2,1,High School,Professional,0,2
17053,60000,2,1,High School,Professional,1,2
17054,60000,2,1,Partial College,Professional,1,2
17055,70000,4,2,Partial College,Professional,1,1
17056,70000,2,1,High School,Professional,1,2
17057,70000,2,1,Partial High School,Skilled Manual,1,2
17058,70000,2,1,Partial High School,Skilled Manual,1,2
17059,70000,2,1,Partial High School,Skilled Manual,1,2
17060,60000,3,1,Partial High School,Skilled Manual,1,2
17061,60000,0,0,Graduate Degree,Professional,1,0
17062,70000,4,0,Graduate Degree,Professional,0,0
17063,70000,4,0,Graduate Degree,Professional,1,0
17064,70000,4,0,Graduate Degree,Professional,1,0
17065,70000,5,0,Graduate Degree,Professional,1,0
17066,70000,5,0,Graduate Degree,Professional,0,0
17067,80000,2,0,Graduate Degree,Professional,1,0
17068,80000,3,0,Graduate Degree,Professional,1,0
17069,80000,3,0,Graduate Degree,Professional,0,0
17070,80000,0,0,Bachellors,Management,0,1
17071,80000,0,0,Bachellors,Management,1,1
17072,80000,0,0,Bachellors,Management,0,1
17073,80000,0,0,Bachellors,Management,0,1
17074,100000,1,0,Bachellors,Management,0,2
17075,100000,1,0,Bachellors,Management,0,2
17076,110000,0,1,Graduate Degree,Management,0,1
17077,110000,0,1,Graduate Degree,Management,0,2
17078,120000,0,0,Bachellors,Management,1,3
17079,80000,4,3,Bachellors,Management,1,0
17080,90000,4,4,Partial College,Skilled Manual,1,2
17081,90000,4,4,Partial College,Skilled Manual,0,2
17082,100000,3,0,Bachellors,Management,1,3
17083,100000,3,0,Bachellors,Management,0,3
17084,110000,2,1,Graduate Degree,Management,1,3
17085,110000,2,1,Graduate Degree,Management,0,3
17086,40000,0,0,High School,Skilled Manual,1,2
17087,40000,0,0,Partial College,Skilled Manual,1,1
17088,40000,0,0,Partial College,Skilled Manual,0,1
17089,40000,0,0,Partial College,Skilled Manual,1,1
17090,40000,0,0,Partial College,Skilled Manual,0,1
17091,40000,0,0,Partial College,Skilled Manual,1,1
17092,20000,3,0,High School,Skilled Manual,1,2
17093,40000,0,0,High School,Skilled Manual,0,2
17094,30000,0,0,Partial College,Skilled Manual,0,1
17095,30000,0,0,Partial College,Skilled Manual,1,1
17096,30000,0,0,Partial College,Skilled Manual,1,1
17097,60000,0,0,Partial College,Skilled Manual,1,2
17098,60000,0,0,Partial College,Skilled Manual,1,2
17099,30000,2,0,Partial College,Clerical,0,2
17100,70000,0,0,Partial College,Skilled Manual,1,2
17101,90000,4,4,Partial College,Skilled Manual,0,3
17102,40000,0,0,Bachellors,Professional,0,2
17103,20000,4,0,High School,Skilled Manual,1,2
17104,20000,2,1,Partial High School,Clerical,1,2
17105,60000,0,0,Partial College,Skilled Manual,1,2
17106,60000,0,0,Partial College,Skilled Manual,0,2
17107,60000,0,0,Partial College,Skilled Manual,1,2
17108,20000,2,1,Partial High School,Clerical,1,2
17109,20000,2,1,Partial High School,Clerical,1,2
17110,20000,2,1,Partial High School,Clerical,0,2
17111,20000,2,1,Partial High School,Clerical,1,2
17112,20000,2,1,Partial High School,Clerical,1,2
17113,30000,0,0,Partial College,Skilled Manual,1,2
17114,30000,3,0,High School,Skilled Manual,1,2
17115,40000,2,0,Partial College,Skilled Manual,1,2
17116,40000,2,0,Partial College,Skilled Manual,1,2
17117,40000,2,0,Partial College,Skilled Manual,1,2
17118,40000,3,0,Partial High School,Clerical,0,2
17119,80000,2,0,Partial College,Skilled Manual,1,2
17120,80000,2,0,Partial College,Skilled Manual,1,2
17121,80000,2,0,Partial College,Skilled Manual,1,2
17122,40000,0,0,Partial College,Skilled Manual,1,2
17123,40000,0,0,High School,Skilled Manual,0,2
17124,40000,0,0,High School,Skilled Manual,1,2
17125,40000,0,0,High School,Skilled Manual,1,2
17126,60000,0,0,Partial College,Skilled Manual,1,2
17127,60000,0,0,Partial College,Skilled Manual,1,2
17128,60000,0,0,Partial College,Skilled Manual,1,2
17129,50000,0,0,High School,Skilled Manual,1,2
17130,50000,0,0,High School,Skilled Manual,0,2
17131,60000,0,0,Partial College,Skilled Manual,1,2
17132,70000,0,0,Partial College,Professional,0,2
17133,80000,2,0,High School,Skilled Manual,0,2
17134,80000,2,0,High School,Skilled Manual,1,2
17135,80000,2,0,High School,Skilled Manual,0,2
17136,70000,2,0,High School,Skilled Manual,0,2
17137,70000,2,0,High School,Skilled Manual,1,2
17138,100000,1,0,Bachellors,Management,0,3
17139,100000,1,0,Bachellors,Management,0,4
17140,100000,1,1,Bachellors,Management,0,0
17141,100000,1,1,Bachellors,Management,1,3
17142,50000,0,0,High School,Professional,1,2
17143,50000,0,0,High School,Professional,0,2
17144,60000,0,0,Partial College,Professional,1,2
17145,60000,0,0,Partial College,Professional,1,2
17146,60000,0,0,Partial College,Professional,0,2
17147,130000,0,1,Graduate Degree,Management,0,4
17148,60000,4,4,Bachellors,Skilled Manual,0,3
17149,60000,4,4,Bachellors,Skilled Manual,0,3
17150,60000,4,2,Bachellors,Skilled Manual,1,2
17151,60000,4,2,Bachellors,Skilled Manual,0,2
17152,40000,0,0,Bachellors,Professional,0,1
17153,70000,4,2,Bachellors,Professional,1,2
17154,70000,4,2,Bachellors,Professional,1,2
17155,70000,0,0,Bachellors,Professional,0,1
17156,70000,0,0,Bachellors,Professional,1,1
17157,70000,0,0,Bachellors,Professional,0,1
17158,70000,4,2,Bachellors,Professional,1,3
17159,70000,1,0,Bachellors,Professional,1,1
17160,70000,1,0,Bachellors,Professional,1,1
17161,70000,1,0,Bachellors,Professional,0,1
17162,60000,1,0,Bachellors,Professional,0,1
17163,60000,1,0,Partial College,Skilled Manual,1,1
17164,60000,1,0,Partial College,Skilled Manual,1,1
17165,60000,1,0,Partial College,Skilled Manual,1,1
17166,40000,4,2,High School,Skilled Manual,0,2
17167,40000,4,2,High School,Skilled Manual,1,2
17168,60000,1,0,Partial College,Skilled Manual,1,1
17169,60000,1,0,Partial College,Skilled Manual,1,1
17170,60000,1,0,Partial College,Skilled Manual,0,1
17171,60000,1,0,Partial College,Skilled Manual,1,1
17172,60000,1,0,Partial College,Skilled Manual,1,1
17173,60000,1,0,Partial College,Skilled Manual,1,1
17174,40000,4,2,High School,Skilled Manual,1,2
17175,40000,4,2,High School,Skilled Manual,1,3
17176,40000,4,2,High School,Skilled Manual,1,3
17177,60000,0,0,Partial College,Skilled Manual,0,1
17178,60000,0,0,Partial College,Skilled Manual,0,1
17179,60000,0,0,Partial College,Skilled Manual,0,1
17180,60000,0,0,Partial College,Skilled Manual,0,1
17181,60000,0,0,Partial College,Skilled Manual,0,1
17182,60000,1,0,Partial College,Skilled Manual,1,1
17183,60000,1,0,Partial College,Skilled Manual,1,1
17184,60000,1,0,Partial College,Skilled Manual,1,1
17185,60000,1,0,Partial College,Skilled Manual,1,1
17186,60000,1,0,Partial College,Skilled Manual,1,1
17187,60000,1,0,Partial College,Skilled Manual,1,1
17188,60000,4,3,Bachellors,Professional,1,0
17189,60000,4,3,Bachellors,Professional,1,0
17190,70000,2,0,Graduate Degree,Professional,0,1
17191,70000,2,0,Graduate Degree,Professional,1,1
17192,70000,2,0,Graduate Degree,Professional,1,1
17193,70000,5,5,Graduate Degree,Professional,1,3
17194,70000,5,5,Graduate Degree,Professional,1,3
17195,80000,1,0,Graduate Degree,Professional,0,0
17196,80000,3,0,Graduate Degree,Professional,0,0
17197,80000,1,0,Partial College,Skilled Manual,1,1
17198,60000,1,0,Bachellors,Professional,1,1
17199,60000,1,0,Bachellors,Professional,0,1
17200,60000,1,0,Bachellors,Professional,0,1
17201,60000,1,0,Bachellors,Professional,1,1
17202,80000,4,4,Graduate Degree,Management,1,0
17203,80000,4,4,Graduate Degree,Management,1,0
17204,90000,1,0,Graduate Degree,Management,1,0
17205,100000,1,0,Graduate Degree,Management,1,0
17206,60000,2,2,Bachellors,Professional,0,1
17207,80000,4,4,Graduate Degree,Management,1,1
17208,80000,4,4,Graduate Degree,Management,1,1
17209,90000,2,0,Bachellors,Professional,1,0
17210,60000,2,2,Bachellors,Professional,1,1
17211,60000,2,2,Bachellors,Professional,1,1
17212,60000,2,2,Bachellors,Professional,1,1
17213,60000,2,2,Bachellors,Professional,1,1
17214,70000,5,5,Bachellors,Professional,0,3
17215,70000,5,5,Bachellors,Professional,1,3
17216,60000,2,2,Bachellors,Professional,0,1
17217,70000,5,5,Bachellors,Professional,0,3
17218,110000,1,0,Graduate Degree,Management,1,0
17219,70000,5,5,Bachellors,Professional,1,4
17220,80000,5,5,Graduate Degree,Management,1,3
17221,80000,5,5,Bachellors,Professional,0,4
17222,60000,2,0,High School,Professional,1,2
17223,60000,2,0,High School,Professional,0,2
17224,60000,2,0,High School,Professional,1,2
17225,90000,2,0,Partial College,Professional,0,1
17226,90000,2,0,Partial College,Professional,1,1
17227,80000,2,0,Partial High School,Skilled Manual,1,2
17228,80000,2,0,Partial High School,Skilled Manual,0,2
17229,80000,2,0,Partial High School,Skilled Manual,0,2
17230,80000,2,0,Partial High School,Skilled Manual,0,2
17231,80000,2,0,Partial High School,Skilled Manual,1,2
17232,80000,2,0,Partial High School,Skilled Manual,1,2
17233,90000,4,4,Partial College,Professional,0,3
17234,100000,4,1,Partial College,Professional,0,4
17235,100000,4,1,Partial College,Professional,1,4
17236,120000,2,2,Bachellors,Management,0,4
17237,120000,2,2,Bachellors,Management,0,4
17238,120000,3,2,Bachellors,Management,1,4
17239,120000,3,2,Bachellors,Management,0,4
17240,80000,4,3,Partial College,Professional,0,1
17241,90000,0,0,Partial College,Professional,0,1
17242,100000,5,2,Partial College,Professional,1,0
17243,120000,4,2,Partial College,Professional,1,4
17244,130000,2,2,Bachellors,Management,0,3
17245,160000,1,1,Bachellors,Management,1,3
17246,80000,3,0,Partial College,Professional,1,1
17247,80000,3,0,Partial College,Professional,0,2
17248,90000,2,1,Partial College,Professional,1,0
17249,80000,4,3,Partial College,Professional,0,2
17250,90000,0,0,Partial College,Professional,1,1
17251,100000,0,2,Partial College,Professional,1,2
17252,100000,0,2,Partial College,Professional,1,2
17253,130000,3,2,Bachellors,Management,1,4
17254,160000,1,1,Bachellors,Management,0,4
17255,80000,5,4,Partial College,Professional,0,3
17256,90000,5,4,Partial College,Professional,1,3
17257,90000,5,4,Partial College,Professional,1,3
17258,100000,1,2,Partial College,Professional,1,4
17259,130000,1,3,Bachellors,Management,0,1
17260,160000,1,2,Bachellors,Management,1,3
17261,70000,5,4,Partial College,Professional,0,3
17262,80000,5,4,Partial College,Professional,1,3
17263,80000,5,4,Partial College,Professional,1,3
17264,80000,5,4,Partial College,Professional,1,3
17265,90000,4,3,Partial College,Professional,0,1
17266,90000,4,3,High School,Professional,1,2
17267,90000,4,3,High School,Professional,0,2
17268,110000,1,3,Partial College,Professional,1,4
17269,120000,1,3,High School,Professional,1,4
17270,130000,1,3,Bachellors,Management,0,1
17271,60000,2,0,High School,Professional,1,2
17272,60000,2,0,High School,Professional,1,2
17273,70000,4,3,High School,Professional,1,1
17274,90000,2,1,High School,Professional,1,1
17275,70000,2,0,Partial High School,Skilled Manual,1,2
17276,70000,2,0,Partial High School,Skilled Manual,0,2
17277,40000,3,0,Partial College,Professional,1,2
17278,40000,3,0,Partial College,Professional,1,2
17279,50000,2,0,Graduate Degree,Management,1,2
17280,50000,2,0,Graduate Degree,Management,1,2
17281,50000,2,0,Graduate Degree,Management,1,2
17282,70000,4,0,Graduate Degree,Management,1,2
17283,50000,2,0,Graduate Degree,Management,1,2
17284,80000,5,4,Partial College,Professional,0,3
17285,80000,5,4,Partial College,Professional,1,3
17286,100000,3,2,Partial College,Professional,1,4
17287,100000,0,3,Partial College,Professional,0,1
17288,110000,3,3,Partial College,Professional,1,4
17289,110000,3,3,Partial College,Professional,1,4
17290,160000,1,3,Partial College,Professional,0,3
17291,70000,2,0,Partial High School,Skilled Manual,0,2
17292,70000,3,0,Partial High School,Skilled Manual,0,2
17293,70000,3,0,Partial High School,Skilled Manual,1,2
17294,60000,2,0,Partial High School,Skilled Manual,0,2
17295,60000,2,0,Partial High School,Skilled Manual,1,2
17296,60000,2,0,Partial High School,Skilled Manual,0,2
17297,70000,3,0,Graduate Degree,Management,0,2
17298,70000,3,0,Graduate Degree,Management,0,2
17299,70000,3,0,Graduate Degree,Management,1,2
17300,40000,3,0,Partial College,Professional,0,2
17301,30000,4,0,High School,Professional,1,2
17302,30000,4,0,High School,Professional,0,2
17303,30000,4,0,High School,Professional,1,2
17304,60000,3,3,Bachellors,Professional,1,2
17305,60000,4,4,Bachellors,Professional,1,3
17306,60000,4,4,Bachellors,Professional,1,3
17307,60000,5,5,Bachellors,Professional,1,3
17308,60000,3,2,Bachellors,Professional,1,1
17309,60000,3,2,Bachellors,Professional,1,2
17310,90000,2,2,Bachellors,Professional,0,0
17311,90000,4,4,Bachellors,Professional,0,0
17312,100000,0,0,Graduate Degree,Management,1,0
17313,60000,1,0,Partial College,Skilled Manual,0,1
17314,60000,1,0,Bachellors,Professional,1,1
17315,60000,1,0,Bachellors,Professional,1,1
17316,60000,1,0,Bachellors,Professional,0,1
17317,60000,1,0,Bachellors,Professional,0,1
17318,60000,1,0,Partial College,Skilled Manual,0,1
17319,60000,1,0,Bachellors,Professional,0,1
17320,60000,1,0,Partial College,Skilled Manual,0,1
17321,60000,1,0,Partial College,Skilled Manual,1,1
17322,60000,1,0,Partial College,Skilled Manual,0,1
17323,70000,0,0,Bachellors,Professional,0,1
17324,70000,0,0,Bachellors,Professional,0,2
17325,60000,1,0,Partial College,Skilled Manual,1,1
17326,60000,1,0,Partial College,Skilled Manual,0,1
17327,90000,2,0,Bachellors,Professional,1,1
17328,70000,1,0,Partial College,Skilled Manual,0,1
17329,80000,2,0,Partial College,Skilled Manual,1,1
17330,30000,2,0,Partial College,Clerical,1,2
17331,30000,0,0,High School,Skilled Manual,1,2
17332,30000,0,0,High School,Skilled Manual,0,2
17333,40000,0,0,High School,Skilled Manual,1,2
17334,30000,0,0,High School,Skilled Manual,0,2
17335,30000,0,0,High School,Skilled Manual,1,2
17336,30000,0,0,High School,Skilled Manual,0,2
17337,40000,0,0,High School,Skilled Manual,1,2
17338,40000,0,0,High School,Skilled Manual,1,2
17339,30000,2,0,Partial College,Clerical,0,2
17340,40000,0,0,High School,Skilled Manual,0,2
17341,40000,0,0,High School,Skilled Manual,0,2
17342,40000,0,0,High School,Skilled Manual,1,2
17343,40000,0,0,High School,Skilled Manual,1,2
17344,30000,0,0,Partial High School,Clerical,0,2
17345,30000,0,0,Partial High School,Clerical,0,2
17346,40000,0,0,High School,Skilled Manual,1,2
17347,30000,0,0,Partial High School,Clerical,0,2
17348,40000,0,0,High School,Skilled Manual,0,2
17349,40000,2,0,Bachellors,Management,1,2
17350,40000,2,0,Bachellors,Management,0,2
17351,60000,2,0,Graduate Degree,Management,0,1
17352,40000,2,0,Bachellors,Management,1,2
17353,40000,2,0,Bachellors,Management,0,2
17354,40000,2,0,Bachellors,Management,0,2
17355,40000,0,0,Bachellors,Professional,0,1
17356,40000,0,0,Bachellors,Professional,1,1
17357,50000,3,3,Bachellors,Skilled Manual,1,1
17358,50000,3,3,Bachellors,Skilled Manual,0,1
17359,50000,3,3,Bachellors,Skilled Manual,1,2
17360,50000,3,3,Bachellors,Skilled Manual,1,2
17361,50000,4,4,Bachellors,Skilled Manual,1,2
17362,60000,0,0,Graduate Degree,Professional,0,0
17363,60000,0,0,Graduate Degree,Professional,0,1
17364,60000,0,0,Graduate Degree,Professional,0,1
17365,40000,0,0,Graduate Degree,Clerical,1,0
17366,40000,0,0,Graduate Degree,Clerical,1,0
17367,10000,3,3,High School,Manual,1,1
17368,20000,1,1,Partial College,Manual,0,1
17369,20000,1,1,Partial College,Manual,0,1
17370,20000,1,1,High School,Manual,1,1
17371,30000,1,1,Bachellors,Clerical,0,0
17372,30000,1,1,Bachellors,Clerical,0,0
17373,30000,1,1,Bachellors,Clerical,0,0
17374,10000,4,4,Partial High School,Manual,0,2
17375,10000,4,4,Partial High School,Manual,1,2
17376,20000,1,1,High School,Manual,0,1
17377,40000,0,0,Bachellors,Clerical,0,0
17378,40000,0,0,Bachellors,Clerical,0,0
17379,20000,2,2,High School,Manual,0,0
17380,30000,1,1,Bachellors,Skilled Manual,1,2
17381,10000,5,3,Partial High School,Manual,0,2
17382,20000,2,2,High School,Manual,0,0
17383,20000,2,2,High School,Manual,1,0
17384,20000,2,2,High School,Manual,1,1
17385,30000,1,1,Bachellors,Skilled Manual,1,2
17386,30000,1,1,Bachellors,Skilled Manual,1,2
17387,10000,5,2,Partial High School,Manual,1,1
17388,10000,5,2,Partial High School,Manual,1,1
17389,10000,3,2,Partial High School,Manual,1,1
17390,20000,3,3,High School,Manual,0,0
17391,20000,3,3,High School,Manual,0,1
17392,30000,1,1,Bachellors,Skilled Manual,0,2
17393,30000,1,0,Bachellors,Skilled Manual,1,1
17394,40000,0,0,Bachellors,Professional,1,0
17395,40000,0,0,Bachellors,Professional,0,0
17396,40000,0,0,Bachellors,Professional,0,0
17397,40000,0,0,Bachellors,Professional,1,0
17398,40000,0,0,Bachellors,Professional,0,0
17399,30000,2,2,Partial College,Clerical,0,0
17400,30000,2,2,Partial College,Clerical,1,0
17401,30000,2,2,Partial College,Clerical,1,0
17402,30000,2,2,Partial College,Clerical,1,1
17403,30000,2,2,Partial College,Clerical,0,1
17404,40000,1,0,Bachellors,Skilled Manual,1,0
17405,30000,2,2,Partial College,Clerical,1,2
17406,40000,1,0,Bachellors,Skilled Manual,1,0
17407,30000,2,2,Partial College,Clerical,1,2
17408,30000,3,3,Partial College,Clerical,0,0
17409,20000,0,0,High School,Manual,0,1
17410,20000,0,0,High School,Manual,0,1
17411,20000,0,0,High School,Manual,0,1
17412,20000,0,0,High School,Manual,1,1
17413,20000,0,0,High School,Manual,0,1
17414,10000,0,0,Partial High School,Manual,1,2
17415,30000,3,3,Partial College,Clerical,0,2
17416,40000,1,0,Bachellors,Skilled Manual,1,0
17417,40000,1,0,Bachellors,Skilled Manual,1,0
17418,40000,1,0,Bachellors,Skilled Manual,1,0
17419,40000,1,0,Bachellors,Skilled Manual,1,0
17420,40000,1,0,Bachellors,Skilled Manual,1,1
17421,40000,1,0,Bachellors,Skilled Manual,1,1
17422,30000,3,3,Partial College,Clerical,0,4
17423,30000,5,5,Partial College,Clerical,0,3
17424,30000,0,0,Partial College,Clerical,0,1
17425,30000,0,0,Partial College,Clerical,0,1
17426,30000,0,0,Partial College,Clerical,1,1
17427,30000,0,0,Partial College,Clerical,0,1
17428,30000,0,0,Partial College,Clerical,0,1
17429,30000,0,0,Partial College,Clerical,1,1
17430,20000,0,0,High School,Manual,0,1
17431,10000,0,0,Partial High School,Manual,1,2
17432,10000,0,0,Partial High School,Manual,0,2
17433,20000,0,0,High School,Manual,0,1
17434,20000,0,0,High School,Manual,0,1
17435,30000,0,0,Partial College,Clerical,1,1
17436,30000,0,0,Partial College,Clerical,0,1
17437,30000,0,0,Partial College,Clerical,0,1
17438,30000,0,0,Partial College,Clerical,1,1
17439,30000,0,0,Partial College,Clerical,0,1
17440,20000,0,0,Partial High School,Manual,0,1
17441,20000,0,0,Partial High School,Manual,1,1
17442,10000,0,0,Partial High School,Manual,0,2
17443,20000,0,0,Partial High School,Manual,0,2
17444,30000,0,0,Partial College,Clerical,0,1
17445,30000,0,0,Partial College,Clerical,0,1
17446,30000,0,0,Partial College,Clerical,0,1
17447,40000,1,1,Bachellors,Skilled Manual,1,0
17448,10000,0,0,Partial High School,Manual,1,2
17449,10000,0,0,Partial High School,Manual,1,2
17450,10000,0,0,Graduate Degree,Manual,1,0
17451,10000,1,0,Bachellors,Manual,0,0
17452,20000,1,0,Graduate Degree,Manual,0,0
17453,10000,1,0,Bachellors,Manual,0,0
17454,10000,1,0,Bachellors,Manual,1,0
17455,10000,1,0,Bachellors,Manual,1,0
17456,10000,1,0,Bachellors,Manual,0,0
17457,20000,1,0,Graduate Degree,Clerical,1,0
17458,10000,1,0,Graduate Degree,Clerical,0,0
17459,30000,4,0,Graduate Degree,Clerical,1,0
17460,20000,1,0,Graduate Degree,Clerical,0,0
17461,20000,1,0,Bachellors,Manual,1,0
17462,10000,1,0,Partial College,Manual,1,0
17463,10000,1,0,Partial College,Manual,0,0
17464,10000,1,0,Partial College,Manual,1,0
17465,10000,2,0,Partial College,Manual,1,0
17466,20000,1,0,Bachellors,Clerical,1,0
17467,20000,1,0,Bachellors,Clerical,1,0
17468,10000,2,0,Partial College,Manual,1,0
17469,10000,2,0,Partial College,Manual,1,0
17470,10000,2,0,Partial College,Manual,1,0
17471,10000,2,0,Partial College,Manual,0,1
17472,10000,2,0,Partial College,Manual,0,1
17473,20000,1,0,Bachellors,Clerical,1,0
17474,20000,1,0,Bachellors,Clerical,0,0
17475,20000,1,0,Bachellors,Clerical,1,0
17476,10000,2,0,Partial College,Manual,0,1
17477,10000,2,0,Partial College,Manual,0,1
17478,30000,1,0,Bachellors,Clerical,1,0
17479,10000,3,0,Partial College,Manual,1,1
17480,10000,0,0,Partial College,Manual,0,1
17481,10000,0,0,Partial College,Manual,1,1
17482,10000,0,0,Partial College,Manual,1,1
17483,10000,0,0,Partial College,Manual,0,1
17484,10000,1,1,High School,Manual,1,0
17485,20000,0,0,Bachellors,Clerical,0,0
17486,20000,0,0,Bachellors,Clerical,1,0
17487,20000,0,0,Bachellors,Clerical,0,0
17488,20000,0,0,Bachellors,Clerical,1,0
17489,20000,0,0,Partial College,Manual,1,0
17490,20000,2,0,Partial College,Manual,0,1
17491,20000,2,0,Partial College,Manual,0,1
17492,20000,1,1,Partial College,Manual,0,0
17493,30000,4,0,Graduate Degree,Clerical,0,0
17494,30000,4,0,Graduate Degree,Clerical,1,0
17495,30000,4,0,Graduate Degree,Clerical,0,0
17496,10000,1,1,High School,Manual,0,1
17497,10000,1,1,High School,Manual,1,1
17498,20000,1,1,Partial College,Manual,0,0
17499,10000,1,1,High School,Manual,0,1
17500,20000,2,0,Partial College,Manual,1,1
17501,20000,2,0,Partial College,Manual,0,1
17502,20000,2,0,Partial College,Manual,0,1
17503,20000,2,0,Partial College,Manual,0,1
17504,30000,3,0,Graduate Degree,Clerical,1,0
17505,20000,2,0,Partial College,Manual,0,1
17506,30000,1,0,Graduate Degree,Clerical,0,0
17507,40000,3,0,Graduate Degree,Clerical,1,0
17508,30000,3,0,Bachellors,Clerical,1,0
17509,30000,0,0,Bachellors,Clerical,1,0
17510,30000,0,0,Bachellors,Clerical,1,0
17511,30000,0,0,Bachellors,Clerical,1,0
17512,20000,0,0,Partial College,Manual,0,1
17513,20000,0,0,Partial College,Manual,0,1
17514,20000,0,0,Partial College,Manual,0,1
17515,10000,2,2,High School,Manual,0,0
17516,10000,2,2,High School,Manual,1,0
17517,30000,0,0,Bachellors,Clerical,0,0
17518,20000,0,0,Partial College,Manual,0,1
17519,30000,0,0,Bachellors,Clerical,0,0
17520,30000,1,0,Bachellors,Clerical,1,0
17521,40000,0,0,Graduate Degree,Clerical,1,0
17522,40000,0,0,Graduate Degree,Clerical,0,0
17523,60000,0,0,Graduate Degree,Skilled Manual,1,0
17524,60000,0,0,Graduate Degree,Skilled Manual,1,0
17525,60000,0,0,Graduate Degree,Skilled Manual,1,0
17526,20000,2,0,Partial College,Manual,0,1
17527,10000,2,1,High School,Manual,1,2
17528,10000,2,2,High School,Manual,0,1
17529,20000,1,1,Partial College,Manual,0,0
17530,20000,1,1,Partial College,Manual,1,1
17531,20000,1,1,Partial College,Manual,0,1
17532,30000,1,0,Bachellors,Clerical,0,0
17533,30000,1,0,Bachellors,Clerical,1,0
17534,60000,3,3,Bachellors,Professional,1,1
17535,60000,3,3,Bachellors,Professional,0,2
17536,70000,0,0,Bachellors,Professional,1,1
17537,60000,3,3,Bachellors,Professional,1,2
17538,50000,1,0,Bachellors,Professional,0,1
17539,10000,0,0,Partial High School,Manual,0,2
17540,10000,0,0,Partial High School,Manual,0,2
17541,30000,0,0,Partial College,Clerical,0,1
17542,30000,0,0,Partial College,Clerical,0,1
17543,30000,0,0,Partial College,Clerical,1,1
17544,30000,0,0,Partial College,Clerical,0,1
17545,30000,0,0,Partial College,Clerical,0,1
17546,20000,0,0,Partial High School,Manual,1,2
17547,20000,0,0,Partial High School,Manual,1,2
17548,20000,0,0,Partial High School,Manual,0,2
17549,20000,0,0,Partial High School,Manual,0,2
17550,40000,1,1,Bachellors,Skilled Manual,1,0
17551,10000,0,0,Partial High School,Manual,1,2
17552,10000,0,0,Partial High School,Manual,1,2
17553,20000,0,0,Partial High School,Manual,0,2
17554,40000,1,1,Bachellors,Skilled Manual,1,0
17555,40000,1,1,Bachellors,Skilled Manual,1,0
17556,40000,1,1,Bachellors,Skilled Manual,1,1
17557,40000,1,1,Bachellors,Skilled Manual,1,1
17558,40000,1,1,Bachellors,Skilled Manual,1,1
17559,20000,0,0,Partial High School,Manual,0,2
17560,30000,0,0,High School,Manual,0,1
17561,30000,0,0,High School,Manual,1,1
17562,10000,0,0,Partial High School,Manual,0,2
17563,40000,1,1,Bachellors,Skilled Manual,1,1
17564,40000,1,1,Partial College,Clerical,1,1
17565,40000,2,2,Partial College,Clerical,1,0
17566,10000,0,0,Partial High School,Manual,0,2
17567,20000,0,0,Partial High School,Manual,0,2
17568,20000,0,0,Partial High School,Manual,0,2
17569,40000,2,2,Partial College,Clerical,1,0
17570,40000,2,2,Partial College,Clerical,1,1
17571,40000,2,2,Partial College,Clerical,0,2
17572,40000,3,3,Partial College,Clerical,0,1
17573,40000,3,3,Partial College,Clerical,1,2
17574,40000,3,3,Partial College,Clerical,1,2
17575,50000,0,0,Graduate Degree,Skilled Manual,1,0
17576,40000,3,3,Partial College,Clerical,0,2
17577,80000,0,0,Graduate Degree,Skilled Manual,0,0
17578,80000,0,0,Graduate Degree,Skilled Manual,0,0
17579,80000,0,0,Graduate Degree,Skilled Manual,0,0
17580,80000,0,0,Graduate Degree,Skilled Manual,0,0
17581,80000,0,0,Graduate Degree,Skilled Manual,1,0
17582,20000,2,0,Partial High School,Manual,0,2
17583,20000,3,0,Partial High School,Clerical,0,2
17584,30000,1,0,High School,Clerical,1,1
17585,30000,1,0,High School,Clerical,1,1
17586,30000,1,0,High School,Clerical,0,1
17587,40000,1,0,Partial College,Clerical,1,1
17588,40000,1,0,Partial College,Clerical,1,1
17589,40000,1,0,Partial College,Clerical,1,1
17590,20000,3,0,Partial High School,Clerical,0,2
17591,20000,3,0,Partial High School,Clerical,0,2
17592,20000,3,0,Partial High School,Clerical,0,2
17593,20000,3,0,Partial High School,Clerical,0,2
17594,20000,3,0,Partial High School,Clerical,0,2
17595,20000,3,0,Partial High School,Clerical,1,2
17596,20000,3,0,Partial High School,Clerical,0,2
17597,20000,3,0,Partial High School,Clerical,0,2
17598,20000,3,0,Partial High School,Clerical,0,2
17599,30000,1,0,High School,Clerical,1,1
17600,30000,1,0,High School,Clerical,0,2
17601,30000,1,0,High School,Clerical,0,2
17602,30000,1,0,High School,Clerical,0,2
17603,20000,3,0,Partial High School,Clerical,0,2
17604,20000,3,0,Partial High School,Clerical,0,2
17605,20000,3,0,Partial High School,Clerical,0,2
17606,20000,3,0,Partial High School,Clerical,0,2
17607,20000,3,0,Partial High School,Clerical,0,2
17608,20000,3,0,Partial High School,Clerical,0,2
17609,20000,3,0,Partial High School,Clerical,0,2
17610,30000,2,0,High School,Skilled Manual,0,2
17611,30000,2,0,High School,Skilled Manual,0,2
17612,30000,2,0,High School,Skilled Manual,1,2
17613,30000,2,0,High School,Skilled Manual,1,2
17614,30000,2,0,High School,Skilled Manual,1,2
17615,20000,2,1,Partial High School,Clerical,1,2
17616,20000,2,1,Partial High School,Clerical,1,2
17617,30000,2,0,High School,Skilled Manual,1,2
17618,30000,2,0,High School,Skilled Manual,0,2
17619,30000,2,0,High School,Skilled Manual,1,2
17620,30000,2,0,High School,Skilled Manual,1,2
17621,30000,2,0,High School,Skilled Manual,1,2
17622,40000,1,0,Partial College,Clerical,1,1
17623,40000,1,0,Partial College,Clerical,1,1
17624,40000,1,0,Partial College,Clerical,0,1
17625,40000,2,0,Partial College,Clerical,1,1
17626,40000,2,0,Partial College,Clerical,0,1
17627,40000,2,0,Partial College,Clerical,0,1
17628,40000,2,0,Partial College,Clerical,0,1
17629,40000,2,0,Partial College,Clerical,0,1
17630,40000,2,0,Partial College,Clerical,0,1
17631,40000,2,0,Partial College,Clerical,1,1
17632,50000,0,0,Graduate Degree,Skilled Manual,0,0
17633,40000,0,0,Graduate Degree,Skilled Manual,1,0
17634,40000,1,0,Graduate Degree,Skilled Manual,1,0
17635,40000,1,0,Graduate Degree,Skilled Manual,1,0
17636,40000,1,0,Graduate Degree,Skilled Manual,1,0
17637,40000,1,0,Graduate Degree,Skilled Manual,1,0
17638,40000,1,0,Graduate Degree,Skilled Manual,0,0
17639,40000,1,0,Graduate Degree,Skilled Manual,1,0
17640,40000,1,0,Graduate Degree,Skilled Manual,1,0
17641,50000,1,0,Graduate Degree,Skilled Manual,1,0
17642,50000,1,0,Graduate Degree,Skilled Manual,1,0
17643,50000,1,0,Graduate Degree,Skilled Manual,1,0
17644,50000,1,1,Graduate Degree,Skilled Manual,1,0
17645,50000,1,1,Graduate Degree,Skilled Manual,1,0
17646,50000,1,1,Graduate Degree,Skilled Manual,1,0
17647,50000,1,1,Graduate Degree,Skilled Manual,1,0
17648,50000,1,1,Graduate Degree,Skilled Manual,1,0
17649,50000,1,1,Graduate Degree,Skilled Manual,1,0
17650,60000,1,0,Graduate Degree,Skilled Manual,1,0
17651,40000,1,1,Bachellors,Skilled Manual,1,0
17652,40000,1,1,Bachellors,Skilled Manual,1,1
17653,40000,1,1,Bachellors,Skilled Manual,1,1
17654,40000,1,1,Bachellors,Skilled Manual,1,1
17655,60000,1,0,Graduate Degree,Professional,1,0
17656,60000,1,1,Bachellors,Skilled Manual,1,1
17657,60000,2,2,Bachellors,Skilled Manual,0,0
17658,60000,2,2,Bachellors,Skilled Manual,1,0
17659,60000,2,2,Bachellors,Skilled Manual,0,0
17660,60000,1,0,Graduate Degree,Professional,1,0
17661,60000,1,0,Graduate Degree,Professional,1,0
17662,60000,1,0,Graduate Degree,Professional,0,0
17663,70000,3,0,Graduate Degree,Professional,0,0
17664,60000,1,0,Graduate Degree,Professional,0,0
17665,70000,2,2,Bachellors,Skilled Manual,1,1
17666,70000,2,2,Bachellors,Skilled Manual,1,1
17667,70000,2,2,Bachellors,Skilled Manual,1,1
17668,70000,2,2,Bachellors,Skilled Manual,0,1
17669,40000,0,0,Bachellors,Professional,0,1
17670,60000,1,0,Graduate Degree,Professional,0,0
17671,60000,2,0,Graduate Degree,Professional,1,0
17672,70000,3,0,Graduate Degree,Professional,0,0
17673,70000,4,0,Graduate Degree,Professional,1,0
17674,70000,4,0,Graduate Degree,Professional,0,0
17675,80000,2,0,Graduate Degree,Professional,1,0
17676,60000,2,2,Bachellors,Skilled Manual,1,1
17677,60000,2,2,Bachellors,Skilled Manual,0,1
17678,80000,3,3,Bachellors,Skilled Manual,1,0
17679,80000,3,3,Bachellors,Skilled Manual,0,1
17680,60000,0,0,Graduate Degree,Professional,0,0
17681,60000,0,0,Graduate Degree,Professional,0,0
17682,60000,0,0,Graduate Degree,Professional,1,0
17683,60000,0,0,Graduate Degree,Professional,1,0
17684,10000,1,1,High School,Manual,0,1
17685,10000,2,2,High School,Manual,1,0
17686,10000,2,2,High School,Manual,1,0
17687,10000,2,2,High School,Manual,1,0
17688,10000,2,2,High School,Manual,0,0
17689,30000,0,0,Bachellors,Clerical,0,0
17690,10000,2,2,High School,Manual,1,0
17691,30000,0,0,Bachellors,Clerical,1,0
17692,30000,0,0,Bachellors,Clerical,0,0
17693,30000,0,0,Bachellors,Clerical,0,0
17694,30000,0,0,Bachellors,Clerical,0,0
17695,30000,0,0,Bachellors,Clerical,1,0
17696,40000,0,0,Graduate Degree,Clerical,1,0
17697,40000,0,0,Graduate Degree,Clerical,1,0
17698,40000,0,0,Graduate Degree,Clerical,0,0
17699,20000,0,0,Partial College,Manual,1,1
17700,30000,1,0,Bachellors,Clerical,1,0
17701,40000,0,0,Graduate Degree,Clerical,0,0
17702,40000,0,0,Graduate Degree,Clerical,0,0
17703,60000,0,0,Graduate Degree,Skilled Manual,0,0
17704,60000,0,0,Graduate Degree,Skilled Manual,1,0
17705,60000,0,0,Graduate Degree,Skilled Manual,1,0
17706,10000,3,0,Partial College,Manual,0,2
17707,10000,3,0,Partial College,Manual,1,2
17708,10000,3,0,Partial College,Manual,0,2
17709,20000,2,0,Partial College,Manual,0,1
17710,20000,2,0,Partial College,Manual,0,1
17711,10000,2,1,High School,Manual,1,2
17712,30000,1,0,Bachellors,Clerical,1,0
17713,30000,1,0,Bachellors,Clerical,0,0
17714,40000,0,0,Graduate Degree,Clerical,1,0
17715,90000,2,0,Bachellors,Professional,1,0
17716,60000,2,2,Bachellors,Professional,1,1
17717,60000,3,3,Bachellors,Professional,1,1
17718,60000,3,3,Bachellors,Professional,1,1
17719,60000,3,3,Bachellors,Professional,0,1
17720,70000,0,0,Bachellors,Professional,0,1
17721,70000,0,0,Bachellors,Professional,1,1
17722,60000,3,3,Bachellors,Professional,0,2
17723,20000,0,0,Partial High School,Manual,0,2
17724,30000,0,0,Partial College,Clerical,0,1
17725,30000,0,0,Partial College,Clerical,0,1
17726,30000,0,0,Partial College,Clerical,1,1
17727,20000,0,0,Partial High School,Manual,0,2
17728,20000,0,0,Partial High School,Manual,0,2
17729,20000,0,0,Partial High School,Manual,0,2
17730,20000,0,0,Partial High School,Manual,1,2
17731,30000,0,0,Partial College,Clerical,0,1
17732,30000,0,0,High School,Manual,0,1
17733,40000,1,1,Bachellors,Skilled Manual,1,0
17734,40000,1,1,Bachellors,Skilled Manual,1,0
17735,40000,1,1,Bachellors,Skilled Manual,1,0
17736,30000,0,0,High School,Manual,0,1
5913,90000,5,0,Bachellors,Management,0,2
5914,100000,2,3,Graduate Degree,Management,1,3
5915,100000,3,0,Bachellors,Management,1,3
5916,100000,3,0,Bachellors,Management,1,3
5917,110000,1,1,Graduate Degree,Management,0,2
5918,120000,1,1,Bachellors,Management,1,4
5919,40000,0,0,High School,Skilled Manual,1,2
5920,20000,4,0,High School,Skilled Manual,0,2
5921,60000,0,0,Partial College,Skilled Manual,0,2
5922,40000,0,0,High School,Skilled Manual,1,2
5923,40000,0,0,Partial College,Skilled Manual,1,1
5924,40000,0,0,Partial College,Skilled Manual,1,1
5925,60000,0,0,Partial College,Skilled Manual,0,2
5926,60000,0,0,Partial College,Skilled Manual,0,2
5927,10000,2,1,Partial High School,Clerical,1,2
5928,20000,4,0,High School,Skilled Manual,1,2
5929,30000,2,0,Partial College,Clerical,1,2
5930,30000,2,0,Partial College,Clerical,0,2
5931,20000,4,0,High School,Skilled Manual,1,2
5932,30000,3,0,Partial College,Clerical,1,2
5933,20000,1,0,Graduate Degree,Manual,1,0
5934,20000,1,0,Graduate Degree,Manual,1,0
5935,20000,1,0,Graduate Degree,Manual,1,0
5936,20000,1,0,Graduate Degree,Clerical,1,0
5937,10000,1,0,Graduate Degree,Clerical,1,0
5938,30000,5,0,Graduate Degree,Clerical,1,0
5939,20000,1,0,Bachellors,Manual,1,0
5940,10000,1,0,Partial College,Manual,1,0
5941,20000,1,0,Bachellors,Clerical,1,0
5942,10000,2,0,Partial College,Manual,1,0
5943,10000,2,0,Partial College,Manual,1,1
5944,20000,1,0,Bachellors,Clerical,1,0
5945,20000,1,0,Bachellors,Clerical,1,0
5946,30000,1,0,Graduate Degree,Clerical,1,0
5947,30000,1,0,Graduate Degree,Clerical,1,0
5948,50000,1,1,Bachellors,Skilled Manual,1,0
5949,50000,1,1,Bachellors,Skilled Manual,1,1
5950,50000,1,1,Bachellors,Skilled Manual,1,1
5951,50000,1,1,Bachellors,Skilled Manual,1,1
5952,50000,1,1,Bachellors,Skilled Manual,1,1
5953,50000,1,1,Bachellors,Skilled Manual,1,1
5954,60000,1,0,Graduate Degree,Professional,1,0
5955,60000,1,0,Graduate Degree,Professional,1,0
5956,50000,2,2,Bachellors,Skilled Manual,1,0
5957,50000,2,2,Bachellors,Skilled Manual,1,0
5958,60000,1,0,Graduate Degree,Professional,1,0
5959,60000,1,0,Graduate Degree,Professional,1,0
5960,60000,1,0,Graduate Degree,Professional,1,0
5961,60000,1,0,Graduate Degree,Professional,1,0
5962,70000,2,0,Graduate Degree,Professional,1,0
5963,60000,1,0,Graduate Degree,Professional,1,0
5964,60000,1,0,Graduate Degree,Professional,1,0
5965,60000,1,0,Graduate Degree,Professional,1,0
5966,70000,2,2,Bachellors,Skilled Manual,0,1
5967,40000,5,5,High School,Skilled Manual,0,3
5968,70000,3,0,Graduate Degree,Professional,1,0
5969,80000,2,0,Graduate Degree,Professional,1,0
5970,80000,2,0,Graduate Degree,Professional,1,0
5971,50000,2,2,Bachellors,Skilled Manual,1,1
5972,50000,2,2,Bachellors,Skilled Manual,0,1
5973,50000,2,2,Bachellors,Skilled Manual,1,1
5974,50000,2,2,Bachellors,Skilled Manual,1,1
5975,50000,2,2,Bachellors,Skilled Manual,1,1
5976,60000,3,3,Bachellors,Skilled Manual,1,0
5977,60000,3,3,Bachellors,Skilled Manual,0,0
5978,60000,0,0,Graduate Degree,Professional,1,0
5979,60000,0,0,Graduate Degree,Professional,1,0
5980,70000,4,0,Graduate Degree,Professional,1,0
5981,70000,4,0,Graduate Degree,Professional,1,0
5982,70000,5,0,Graduate Degree,Professional,1,0
5983,70000,5,5,Graduate Degree,Professional,1,2
5984,80000,3,0,Graduate Degree,Professional,1,0
5985,40000,0,0,Bachellors,Professional,1,1
5986,80000,3,3,Bachellors,Skilled Manual,1,1
5987,80000,3,3,Bachellors,Skilled Manual,1,1
5988,80000,3,3,Bachellors,Skilled Manual,1,2
5989,80000,3,3,Bachellors,Skilled Manual,0,2
5990,80000,3,3,Bachellors,Skilled Manual,1,2
5991,60000,0,0,Graduate Degree,Professional,1,0
5992,60000,4,4,Bachellors,Skilled Manual,1,2
5993,60000,4,4,Bachellors,Skilled Manual,1,2
5994,60000,4,4,Bachellors,Skilled Manual,1,3
5995,60000,5,5,Bachellors,Skilled Manual,1,1
5996,60000,5,5,Bachellors,Skilled Manual,1,3
5997,60000,5,5,Bachellors,Skilled Manual,1,3
5998,60000,4,2,Bachellors,Skilled Manual,0,2
5999,60000,4,2,Bachellors,Skilled Manual,0,2
6000,60000,4,2,Bachellors,Skilled Manual,0,2
6001,70000,4,2,Bachellors,Skilled Manual,1,2
6002,70000,4,2,Bachellors,Skilled Manual,0,2
6003,70000,4,2,Bachellors,Professional,1,2
6004,70000,4,2,Bachellors,Professional,0,2
6005,70000,4,2,Bachellors,Professional,1,2
6006,70000,4,2,Bachellors,Professional,1,2
6007,70000,4,2,Bachellors,Professional,1,2
6008,70000,0,0,Bachellors,Professional,0,1
6009,70000,0,0,Bachellors,Professional,0,1
6010,70000,0,0,Bachellors,Professional,1,1
6011,70000,0,0,Bachellors,Professional,1,1
6012,60000,2,2,Graduate Degree,Professional,1,0
6013,60000,3,2,Graduate Degree,Professional,1,0
6014,70000,1,0,Bachellors,Professional,0,1
6015,70000,1,0,Bachellors,Professional,1,1
6016,70000,1,0,Bachellors,Professional,1,1
6017,70000,1,0,Bachellors,Professional,0,1
6018,70000,1,0,Partial College,Skilled Manual,1,1
6019,40000,4,3,High School,Skilled Manual,1,3
6020,40000,4,3,High School,Skilled Manual,1,4
6021,40000,4,2,High School,Skilled Manual,1,2
6022,60000,1,0,Partial College,Skilled Manual,1,1
6023,60000,1,0,Partial College,Skilled Manual,1,1
6024,60000,1,0,Partial College,Skilled Manual,1,1
6025,60000,1,0,Partial College,Skilled Manual,1,1
6026,50000,0,0,Partial College,Skilled Manual,0,1
6027,50000,0,0,Partial College,Skilled Manual,0,1
6028,50000,0,0,Partial College,Skilled Manual,0,1
6029,60000,1,0,Partial College,Skilled Manual,1,1
6030,60000,1,0,Partial College,Skilled Manual,1,1
6031,60000,1,0,Partial College,Skilled Manual,1,1
6032,60000,5,4,Bachellors,Professional,1,1
6033,60000,5,4,Bachellors,Professional,1,1
6034,60000,5,4,Bachellors,Professional,1,1
6035,60000,4,3,Bachellors,Professional,1,0
6036,60000,4,3,Bachellors,Professional,1,1
6037,70000,5,5,Graduate Degree,Professional,0,3
6038,80000,4,0,Graduate Degree,Professional,1,0
6039,80000,4,0,Graduate Degree,Professional,1,0
6040,60000,1,0,Bachellors,Professional,1,1
6041,60000,1,0,Bachellors,Professional,1,1
6042,60000,1,0,Bachellors,Professional,1,1
6043,60000,1,0,Bachellors,Professional,1,1
6044,60000,1,0,Bachellors,Professional,1,1
6045,80000,5,4,Graduate Degree,Management,1,0
6046,90000,1,0,Graduate Degree,Management,1,0
6047,90000,1,0,Graduate Degree,Management,1,0
6048,90000,1,0,Graduate Degree,Management,1,0
6049,90000,1,0,Graduate Degree,Management,1,0
6050,100000,1,0,Graduate Degree,Management,0,0
6051,80000,4,4,Graduate Degree,Management,1,1
6052,60000,2,2,Bachellors,Professional,1,1
6053,70000,5,5,Bachellors,Professional,1,3
6054,70000,5,5,Bachellors,Professional,1,3
6055,70000,5,5,Bachellors,Professional,1,3
6056,110000,1,0,Graduate Degree,Management,1,1
6057,110000,1,0,Graduate Degree,Management,1,1
6058,110000,1,0,Graduate Degree,Management,1,1
6059,70000,5,5,Bachellors,Professional,1,4
6060,70000,5,5,Bachellors,Professional,1,4
6061,80000,5,5,Graduate Degree,Management,1,2
6062,80000,5,5,Graduate Degree,Management,1,3
6063,80000,5,5,Graduate Degree,Management,1,3
6064,80000,5,5,Bachellors,Professional,1,4
6065,90000,0,0,Bachellors,Professional,1,0
6066,100000,0,0,Graduate Degree,Management,1,0
6067,60000,3,3,Bachellors,Professional,1,1
6068,60000,3,3,Bachellors,Professional,1,1
6069,70000,0,0,Bachellors,Professional,0,1
6070,70000,0,0,Bachellors,Professional,0,1
6071,80000,5,5,Bachellors,Professional,1,4
6072,70000,0,0,Bachellors,Professional,1,1
6073,60000,3,3,Bachellors,Professional,1,2
6074,60000,3,3,Bachellors,Professional,1,2
6075,60000,4,4,Bachellors,Professional,1,2
6076,60000,4,4,Bachellors,Professional,1,3
6077,60000,5,5,Bachellors,Professional,1,3
6078,60000,3,2,Bachellors,Professional,0,2
6079,70000,0,0,Bachellors,Professional,0,1
6080,70000,0,0,Bachellors,Professional,0,1
6081,30000,0,0,Partial College,Clerical,1,1
6082,30000,0,0,Partial College,Clerical,0,1
6083,30000,0,0,Partial College,Clerical,0,1
6084,30000,0,0,Partial College,Clerical,1,1
6085,20000,0,0,Partial High School,Manual,0,2
6086,40000,1,1,Bachellors,Skilled Manual,1,0
6087,30000,0,0,High School,Manual,0,1
6088,10000,0,0,Partial High School,Manual,0,2
6089,10000,0,0,Partial High School,Manual,1,2
6090,10000,0,0,Partial High School,Manual,0,2
6091,10000,0,0,Partial High School,Manual,0,2
6092,10000,0,0,Partial High School,Manual,0,2
6093,40000,1,1,Bachellors,Skilled Manual,1,0
6094,40000,1,1,Bachellors,Skilled Manual,1,1
6095,50000,0,0,Graduate Degree,Skilled Manual,1,0
6096,20000,0,0,Partial High School,Manual,0,2
6097,20000,0,0,Partial High School,Manual,0,2
6098,30000,0,0,High School,Manual,0,1
6099,30000,0,0,High School,Manual,0,1
6100,30000,0,0,High School,Manual,0,1
6101,30000,0,0,High School,Manual,1,1
6102,30000,0,0,High School,Manual,1,1
6103,30000,0,0,High School,Manual,1,1
6104,40000,1,1,Partial College,Clerical,1,1
6105,40000,2,2,Partial College,Clerical,1,0
6106,10000,0,0,Partial High School,Manual,0,2
6107,10000,0,0,Partial High School,Manual,0,2
6108,20000,0,0,Partial High School,Manual,0,2
6109,20000,0,0,Partial High School,Manual,0,2
6110,30000,0,0,High School,Manual,0,1
6111,30000,0,0,High School,Manual,1,1
6112,40000,2,2,Partial College,Clerical,0,0
6113,40000,2,2,Partial College,Clerical,0,0
6114,40000,2,2,Partial College,Clerical,1,1
6115,40000,2,2,Partial College,Clerical,1,1
6116,40000,2,2,Partial College,Clerical,0,2
6117,40000,3,3,Partial College,Clerical,1,2
6118,40000,3,3,Partial College,Clerical,0,2
6119,30000,0,0,Graduate Degree,Skilled Manual,1,0
6120,40000,4,4,Partial College,Clerical,1,1
6121,60000,0,0,Graduate Degree,Skilled Manual,1,0
6122,60000,0,0,Graduate Degree,Skilled Manual,1,0
6123,60000,0,0,Graduate Degree,Skilled Manual,1,0
6124,30000,1,0,Bachellors,Skilled Manual,1,1
6125,30000,1,0,Bachellors,Skilled Manual,1,1
6126,20000,3,0,Partial High School,Manual,0,2
6127,70000,4,0,Bachellors,Management,0,2
6128,40000,4,0,High School,Professional,1,2
6129,40000,4,0,High School,Professional,1,2
6130,40000,4,0,High School,Professional,1,2
6131,70000,4,0,Bachellors,Management,1,2
6132,70000,4,0,Bachellors,Management,1,2
6133,70000,5,0,Bachellors,Management,1,2
6134,70000,5,0,Bachellors,Management,1,3
6135,70000,5,0,Bachellors,Management,0,4
6136,70000,5,0,Bachellors,Management,1,4
6137,70000,5,0,Bachellors,Management,1,4
6138,60000,4,0,Bachellors,Management,1,2
6139,60000,4,0,Bachellors,Management,1,2
6140,70000,2,1,Partial College,Professional,1,1
6141,70000,2,1,Partial College,Professional,1,1
6142,70000,2,1,Partial College,Professional,1,1
6143,60000,5,0,Bachellors,Management,1,3
6144,40000,2,1,High School,Professional,1,2
6145,60000,2,1,Partial College,Professional,1,1
6146,60000,2,1,Partial College,Professional,1,2
6147,60000,2,1,Bachellors,Management,1,0
6148,40000,2,1,High School,Professional,1,2
6149,40000,2,1,Partial High School,Skilled Manual,1,2
6150,60000,2,1,Partial College,Professional,1,2
6151,60000,2,1,Partial College,Professional,1,2
6152,60000,2,1,Partial College,Professional,1,2
6153,60000,2,1,Partial College,Professional,1,2
6154,60000,2,1,Bachellors,Management,1,0
6155,60000,2,1,Bachellors,Management,1,0
6156,60000,2,1,Partial College,Professional,1,0
6157,70000,4,1,Partial College,Professional,1,2
6158,70000,5,1,Partial College,Professional,1,2
6159,60000,2,1,Partial College,Professional,1,2
6160,60000,2,1,Partial College,Professional,1,2
6161,60000,2,1,Partial College,Professional,1,2
6162,60000,2,1,Partial College,Professional,1,2
6163,60000,2,1,Partial College,Professional,1,2
6164,60000,2,1,Partial College,Professional,1,1
6165,60000,2,1,Partial College,Professional,1,1
6166,70000,4,2,Partial College,Professional,1,1
6167,60000,2,1,High School,Professional,1,2
6168,60000,2,1,High School,Professional,1,2
6169,60000,2,1,High School,Professional,1,2
6170,60000,2,1,Partial College,Professional,1,2
6171,60000,2,1,Partial College,Professional,1,2
6172,70000,4,2,Partial College,Professional,1,2
6173,70000,2,1,Partial High School,Skilled Manual,1,2
6174,70000,2,1,Partial High School,Skilled Manual,1,2
6175,70000,2,1,Partial High School,Skilled Manual,1,2
6176,70000,2,1,Partial High School,Skilled Manual,1,3
6177,70000,2,1,Partial High School,Skilled Manual,1,3
6178,60000,2,1,High School,Professional,1,2
6179,60000,2,1,High School,Professional,1,2
6180,60000,2,1,High School,Professional,1,2
6181,70000,4,3,Partial College,Professional,1,1
6182,130000,2,3,Bachellors,Management,0,4
6183,170000,2,3,Bachellors,Management,0,2
6184,130000,2,4,Partial College,Professional,1,2
6185,130000,2,4,Partial College,Professional,1,2
6186,170000,4,3,Partial College,Professional,0,3
6187,120000,3,4,High School,Professional,1,4
6188,90000,2,1,High School,Professional,1,2
6189,110000,3,4,Partial College,Professional,1,4
6190,110000,3,4,Partial College,Professional,1,4
6191,120000,2,4,Partial High School,Professional,1,4
6192,130000,3,4,Partial College,Professional,0,3
6193,160000,2,4,High School,Professional,0,3
6194,80000,4,2,Partial College,Professional,1,1
6195,80000,4,2,Partial College,Professional,1,1
6196,70000,5,1,High School,Professional,1,2
6197,70000,5,1,High School,Professional,1,2
6198,90000,5,0,Partial College,Professional,1,2
6199,90000,5,0,Partial College,Professional,0,2
6200,70000,5,1,High School,Professional,0,3
6201,80000,5,0,Partial College,Professional,0,2
6202,80000,5,0,Partial College,Professional,0,2
6203,110000,3,4,Bachellors,Management,1,4
6204,130000,4,4,Partial College,Professional,1,4
6205,130000,4,4,Partial College,Professional,0,4
6206,150000,3,4,Graduate Degree,Management,0,4
6207,90000,3,1,High School,Professional,0,2
6208,80000,4,2,Partial College,Professional,1,1
6209,80000,4,2,Partial College,Professional,1,2
6210,90000,4,2,Partial College,Professional,0,1
6211,130000,3,4,Partial College,Professional,0,4
6212,100000,3,4,Bachellors,Management,1,3
6213,80000,4,1,High School,Professional,1,2
6214,120000,4,5,Bachellors,Management,1,3
6215,130000,4,5,High School,Professional,1,3
6216,90000,4,1,High School,Professional,1,2
6217,90000,4,1,High School,Management,1,3
6218,100000,3,4,Partial College,Management,1,4
6219,110000,4,5,High School,Management,1,2
6220,80000,5,1,High School,Management,1,3
6221,90000,4,1,High School,Management,0,3
6222,90000,4,1,High School,Management,0,3
6223,70000,5,1,Partial High School,Skilled Manual,1,3
6224,80000,5,1,High School,Management,1,4
6225,90000,4,1,Partial High School,Skilled Manual,1,4
6226,160000,5,5,Partial High School,Professional,1,4
6227,130000,5,5,Partial High School,Professional,1,4
6228,60000,0,0,Bachellors,Professional,1,4
6229,60000,0,0,Bachellors,Professional,0,4
6230,70000,0,0,Bachellors,Professional,0,2
6231,80000,0,0,Bachellors,Professional,1,3
6232,70000,0,0,Bachellors,Professional,0,3
6233,90000,0,0,Bachellors,Professional,1,2
6234,90000,0,0,Bachellors,Professional,1,2
6235,70000,0,0,Bachellors,Professional,1,4
6236,70000,0,0,Bachellors,Professional,0,4
6237,70000,0,0,Partial High School,Professional,0,4
6238,80000,0,0,Bachellors,Professional,0,3
6239,80000,0,0,Bachellors,Professional,1,3
6240,100000,0,5,High School,Management,0,2
6241,110000,0,5,Partial College,Management,0,3
6242,110000,0,5,Partial College,Management,1,3
6243,110000,0,5,Partial College,Management,1,3
6244,100000,0,5,High School,Management,1,3
6245,100000,0,5,High School,Management,1,3
6246,80000,0,0,Bachellors,Professional,1,4
6247,90000,0,0,Bachellors,Professional,1,3
6248,90000,0,0,Bachellors,Professional,1,3
6249,120000,0,5,Partial High School,Professional,1,4
6250,120000,0,5,Partial High School,Professional,1,4
6251,150000,0,5,Partial High School,Professional,1,4
6252,100000,0,5,High School,Management,1,3
6253,100000,0,5,High School,Management,1,3
6254,100000,0,5,High School,Management,1,3
6255,100000,0,5,High School,Management,0,4
6256,100000,0,5,Partial High School,Professional,1,4
6257,110000,0,5,High School,Management,1,4
6258,130000,5,5,High School,Management,0,4
6259,110000,0,5,Partial High School,Professional,1,4
6260,110000,0,5,Partial High School,Management,1,4
6261,90000,5,5,Partial College,Professional,1,3
6262,60000,1,0,Partial College,Skilled Manual,1,1
6263,60000,1,0,Partial College,Skilled Manual,1,1
6264,60000,1,0,Partial College,Skilled Manual,1,1
6265,70000,1,0,Graduate Degree,Professional,1,1
6266,70000,5,5,Graduate Degree,Professional,1,3
6267,70000,5,5,Graduate Degree,Professional,1,3
6268,80000,1,0,Partial College,Skilled Manual,1,1
6269,80000,1,0,Partial College,Skilled Manual,1,1
6270,60000,3,2,Bachellors,Professional,0,0
6271,60000,3,2,Bachellors,Professional,0,1
6272,60000,1,0,Bachellors,Professional,1,1
6273,60000,1,0,Bachellors,Professional,1,1
6274,70000,5,4,Graduate Degree,Professional,1,1
6275,70000,5,4,Graduate Degree,Professional,1,2
6276,80000,5,4,Graduate Degree,Professional,1,0
6277,50000,1,0,Graduate Degree,Management,1,1
6278,90000,1,0,Graduate Degree,Management,1,0
6279,90000,2,0,Bachellors,Professional,1,0
6280,60000,2,2,Bachellors,Professional,1,1
6281,60000,2,2,Bachellors,Professional,1,1
6282,60000,2,2,Bachellors,Professional,0,1
6283,80000,4,4,Graduate Degree,Management,1,1
6284,60000,2,2,Bachellors,Professional,0,1
6285,60000,2,2,Bachellors,Professional,1,1
6286,60000,2,2,Bachellors,Professional,1,1
6287,60000,2,2,Bachellors,Professional,1,1
6288,70000,5,5,Bachellors,Professional,0,3
6289,120000,1,0,Graduate Degree,Management,0,2
6290,70000,5,5,Bachellors,Professional,1,4
6291,80000,5,5,Graduate Degree,Management,1,2
6292,80000,5,5,Graduate Degree,Management,1,3
6293,80000,5,5,Graduate Degree,Management,1,3
6294,90000,0,0,Bachellors,Professional,1,0
6295,90000,0,0,Bachellors,Professional,1,0
6296,90000,0,0,Bachellors,Professional,1,0
6297,60000,3,3,Bachellors,Professional,0,1
6298,70000,0,0,Bachellors,Professional,0,1
6299,70000,0,0,Bachellors,Professional,0,1
6300,70000,0,0,Bachellors,Professional,1,1
6301,70000,0,0,Bachellors,Professional,0,1
6302,60000,0,0,Bachellors,Professional,1,1
6303,60000,0,0,Bachellors,Professional,1,1
6304,60000,3,3,Bachellors,Professional,1,2
6305,60000,3,2,Bachellors,Professional,1,2
6306,60000,3,2,Bachellors,Professional,1,2
6307,60000,3,2,Bachellors,Professional,0,2
6308,90000,3,3,Bachellors,Professional,1,0
6309,60000,1,0,Bachellors,Professional,1,1
6310,60000,1,0,Bachellors,Professional,1,1
6311,60000,1,0,Partial College,Skilled Manual,1,1
6312,100000,0,0,Bachellors,Professional,0,1
6313,110000,0,0,Graduate Degree,Management,0,2
6314,110000,0,0,Graduate Degree,Management,0,3
6315,110000,0,0,Graduate Degree,Management,0,3
6316,60000,1,0,Partial College,Skilled Manual,1,1
6317,60000,1,0,Partial College,Skilled Manual,1,1
6318,70000,0,0,Bachellors,Professional,0,1
6319,80000,5,5,Bachellors,Professional,1,4
6320,70000,0,0,Bachellors,Professional,0,1
6321,70000,0,0,Bachellors,Professional,0,1
6322,70000,0,0,Bachellors,Professional,0,1
6323,70000,0,0,Bachellors,Professional,0,1
6324,100000,5,0,Bachellors,Professional,1,1
6325,100000,4,0,Bachellors,Professional,1,1
6326,70000,0,0,Bachellors,Professional,0,1
6327,70000,0,0,Bachellors,Professional,1,1
6328,70000,0,0,Bachellors,Professional,0,1
6329,70000,0,0,Bachellors,Professional,0,2
6330,60000,1,0,Partial College,Skilled Manual,1,1
6331,70000,5,4,Bachellors,Professional,1,2
6332,70000,5,4,Partial College,Skilled Manual,0,2
6333,90000,2,0,Bachellors,Professional,1,1
6334,70000,1,0,Partial College,Skilled Manual,1,1
6335,70000,1,0,Partial College,Skilled Manual,0,1
6336,30000,0,0,High School,Skilled Manual,1,2
6337,30000,0,0,High School,Skilled Manual,0,2
6338,40000,0,0,High School,Skilled Manual,1,1
6339,40000,0,0,High School,Skilled Manual,1,2
6340,40000,0,0,High School,Skilled Manual,0,2
6341,30000,0,0,High School,Skilled Manual,1,2
6342,30000,0,0,High School,Skilled Manual,0,2
6343,30000,0,0,Partial High School,Clerical,0,2
6344,30000,0,0,Partial High School,Clerical,0,2
6345,40000,0,0,High School,Skilled Manual,1,2
6346,40000,0,0,High School,Skilled Manual,1,2
6347,30000,2,0,Partial College,Clerical,0,2
6348,30000,0,0,Partial High School,Clerical,0,2
6349,30000,0,0,Partial High School,Clerical,0,2
6350,40000,0,0,High School,Skilled Manual,1,2
6351,40000,2,0,Bachellors,Management,1,2
6352,40000,2,0,Bachellors,Management,1,2
6353,50000,2,0,Graduate Degree,Management,1,1
6354,60000,2,0,Graduate Degree,Management,1,1
6355,60000,2,0,Graduate Degree,Management,1,1
6356,10000,5,0,High School,Skilled Manual,1,2
6357,40000,0,0,High School,Skilled Manual,0,2
6358,40000,0,0,High School,Skilled Manual,1,2
6359,60000,0,0,Partial College,Skilled Manual,1,1
6360,40000,0,0,High School,Skilled Manual,1,2
6361,40000,0,0,High School,Skilled Manual,1,2
6362,60000,0,0,Partial College,Skilled Manual,1,1
6363,80000,0,0,Bachellors,Management,1,1
6364,80000,0,0,Bachellors,Management,1,1
6365,80000,0,0,Bachellors,Management,0,1
6366,80000,0,0,Bachellors,Management,0,1
6367,90000,4,4,Bachellors,Management,1,0
6368,80000,4,3,Bachellors,Management,1,0
6369,90000,4,4,Partial College,Skilled Manual,0,3
6370,30000,0,0,Partial College,Skilled Manual,1,1
6371,30000,2,0,Partial College,Clerical,0,2
6372,40000,0,0,High School,Skilled Manual,1,2
6373,40000,0,0,High School,Skilled Manual,0,2
6374,40000,0,0,High School,Skilled Manual,0,2
6375,40000,0,0,Partial High School,Clerical,1,2
6376,10000,2,1,Partial High School,Clerical,1,2
6377,40000,0,0,Partial College,Skilled Manual,0,1
6378,40000,0,0,Partial College,Skilled Manual,0,1
6379,40000,0,0,Partial College,Skilled Manual,1,1
6380,40000,0,0,Partial College,Skilled Manual,0,1
6381,40000,0,0,Partial College,Skilled Manual,1,1
6382,20000,4,0,High School,Skilled Manual,1,2
6383,60000,1,1,Graduate Degree,Skilled Manual,1,0
6384,60000,1,1,Graduate Degree,Skilled Manual,1,0
6385,60000,1,1,Graduate Degree,Skilled Manual,1,0
6386,60000,1,1,Graduate Degree,Skilled Manual,1,0
6387,60000,1,1,Graduate Degree,Skilled Manual,1,0
6388,50000,1,1,Graduate Degree,Skilled Manual,1,0
6389,50000,1,1,Graduate Degree,Skilled Manual,1,0
6390,50000,1,1,Bachellors,Skilled Manual,1,0
6391,60000,1,0,Graduate Degree,Skilled Manual,1,0
6392,100000,5,2,Partial College,Professional,1,0
6393,100000,5,2,Partial College,Professional,1,0
6394,110000,3,2,Bachellors,Management,1,4
6395,130000,2,2,Graduate Degree,Management,0,2
6396,130000,2,2,Graduate Degree,Management,0,2
6397,130000,2,2,Graduate Degree,Management,1,2
6398,130000,2,2,Graduate Degree,Management,1,3
6399,150000,0,0,Bachellors,Management,0,3
6400,150000,1,0,Bachellors,Management,1,3
6401,70000,3,2,Partial College,Professional,1,0
6402,80000,3,0,Partial College,Professional,0,2
6403,80000,3,2,Partial College,Professional,1,0
6404,80000,3,2,Partial College,Professional,1,0
6405,50000,2,0,Graduate Degree,Management,1,2
6406,50000,2,0,Graduate Degree,Management,1,2
6407,60000,2,0,Graduate Degree,Management,1,2
6408,80000,4,0,Graduate Degree,Management,1,2
6409,130000,1,2,Graduate Degree,Management,1,3
6410,80000,4,3,Partial College,Professional,1,2
6411,80000,4,3,Partial College,Professional,1,2
6412,80000,4,3,Partial College,Professional,1,2
6413,90000,0,0,Partial College,Professional,0,2
6414,90000,0,0,Partial College,Professional,0,2
6415,90000,0,0,Partial College,Professional,0,2
6416,100000,0,2,Partial College,Professional,1,2
6417,100000,0,2,Partial College,Professional,1,2
6418,100000,0,2,Partial College,Professional,1,2
6419,110000,4,2,Bachellors,Management,1,4
6420,110000,4,2,Bachellors,Management,1,4
6421,150000,2,0,Bachellors,Management,1,4
6422,150000,3,1,Bachellors,Management,1,3
6423,80000,5,4,Partial College,Professional,1,2
6424,100000,1,2,Partial College,Professional,1,3
6425,100000,1,2,Partial College,Professional,1,3
6426,100000,1,2,Partial College,Professional,1,3
6427,110000,1,3,Bachellors,Management,0,1
6428,120000,1,3,Partial College,Professional,1,4
6429,130000,1,2,Bachellors,Management,0,4
6430,80000,5,4,Partial College,Professional,1,3
6431,80000,5,4,Partial College,Professional,1,3
6432,80000,5,4,Partial College,Professional,1,3
6433,90000,4,3,High School,Professional,1,2
6434,100000,3,2,Partial College,Professional,1,4
6435,110000,1,3,Partial College,Professional,0,4
6436,170000,0,0,Graduate Degree,Management,0,4
6437,60000,2,0,High School,Professional,0,2
6438,60000,2,0,High School,Professional,0,2
6439,60000,2,0,High School,Professional,0,2
6440,80000,3,2,Partial College,Professional,0,1
6441,80000,2,0,Partial High School,Skilled Manual,0,2
6442,80000,2,0,Partial High School,Skilled Manual,1,2
6443,30000,4,0,High School,Professional,0,2
6444,50000,2,0,Graduate Degree,Management,1,2
6445,50000,2,0,Graduate Degree,Management,1,2
6446,60000,2,0,Graduate Degree,Management,1,2
6447,70000,4,0,Graduate Degree,Management,1,2
6448,80000,4,0,Graduate Degree,Management,1,2
6449,120000,1,3,Graduate Degree,Management,1,4
6450,60000,2,0,Graduate Degree,Management,1,2
6451,80000,5,4,Partial College,Professional,1,3
6452,90000,4,3,High School,Professional,1,3
6453,90000,4,3,High School,Professional,1,3
6454,90000,4,3,High School,Professional,1,3
6455,110000,3,3,Partial College,Professional,0,4
6456,110000,3,3,Partial College,Professional,1,4
6457,80000,2,0,Partial High School,Skilled Manual,1,2
6458,60000,3,0,Partial High School,Skilled Manual,0,2
6459,70000,3,1,High School,Professional,1,0
6460,70000,3,1,High School,Professional,1,0
6461,70000,3,1,High School,Professional,1,1
6462,70000,3,1,High School,Professional,1,1
6463,70000,3,0,Graduate Degree,Management,1,2
6464,60000,3,0,Graduate Degree,Management,1,2
6465,60000,3,0,Graduate Degree,Management,1,2
6466,40000,3,0,Partial College,Professional,1,2
6467,60000,3,0,Graduate Degree,Management,1,2
6468,60000,3,0,Graduate Degree,Management,1,2
6469,60000,3,0,Graduate Degree,Management,1,2
6470,60000,3,0,Graduate Degree,Management,0,2
6471,70000,4,0,Graduate Degree,Management,0,2
6472,80000,4,0,Graduate Degree,Management,1,2
6473,60000,3,0,Graduate Degree,Management,1,2
6474,60000,3,0,Graduate Degree,Management,0,2
6475,70000,5,0,Graduate Degree,Management,1,2
6476,70000,5,0,Graduate Degree,Management,1,2
6477,60000,3,0,Graduate Degree,Management,0,2
6478,50000,4,0,Bachellors,Management,0,2
6479,30000,3,0,Partial College,Clerical,0,2
6480,10000,2,1,Partial High School,Clerical,1,2
6481,60000,0,0,Partial College,Skilled Manual,1,2
6482,40000,0,0,Partial High School,Clerical,1,2
6483,40000,0,0,Partial High School,Clerical,1,2
6484,40000,0,0,Partial High School,Clerical,0,2
6485,20000,4,0,High School,Skilled Manual,1,2
6486,30000,0,0,Partial College,Skilled Manual,1,1
6487,30000,0,0,Partial College,Skilled Manual,0,1
6488,30000,0,0,Partial College,Skilled Manual,1,1
6489,40000,0,0,Partial College,Skilled Manual,0,2
6490,60000,0,0,Partial College,Skilled Manual,0,2
6491,60000,0,0,Partial College,Skilled Manual,0,2
6492,60000,0,0,Partial College,Skilled Manual,1,2
6493,60000,0,0,Partial College,Skilled Manual,0,2
6494,10000,2,1,Partial High School,Clerical,1,2
6495,20000,2,1,Partial High School,Clerical,1,2
6496,20000,2,1,Partial High School,Clerical,1,2
6497,20000,2,1,Partial High School,Clerical,1,2
6498,40000,0,0,Partial High School,Clerical,0,2
6499,20000,0,0,Partial College,Skilled Manual,0,2
6500,100000,3,0,Bachellors,Management,1,3
6501,30000,3,0,High School,Skilled Manual,1,2
6502,30000,3,0,High School,Skilled Manual,1,2
6503,40000,3,0,Partial High School,Clerical,1,2
6504,40000,3,0,Partial High School,Clerical,0,2
6505,80000,2,0,Partial College,Skilled Manual,1,2
6506,30000,0,0,High School,Skilled Manual,1,2
6507,60000,0,0,Partial College,Skilled Manual,1,2
6508,60000,0,0,Partial College,Professional,1,2
6509,70000,0,0,Partial College,Professional,0,2
6510,60000,0,0,Partial College,Professional,0,2
6511,80000,2,0,High School,Skilled Manual,1,2
6512,80000,2,0,High School,Skilled Manual,1,2
6513,70000,2,0,High School,Skilled Manual,1,2
6514,70000,2,0,High School,Skilled Manual,1,2
6515,110000,4,1,Bachellors,Management,1,3
6516,130000,0,0,Graduate Degree,Management,0,3
6517,80000,0,0,Bachellors,Management,0,1
6518,80000,0,0,Bachellors,Management,1,1
6519,30000,0,0,Partial High School,Skilled Manual,0,2
6520,60000,0,0,Partial College,Professional,1,2
6521,60000,0,0,Partial College,Professional,1,2
6522,60000,0,0,High School,Professional,0,2
6523,120000,4,2,Bachellors,Management,1,1
6524,130000,0,1,Graduate Degree,Management,1,4
6525,160000,0,0,Graduate Degree,Management,0,3
6526,130000,1,1,Graduate Degree,Management,1,4
6527,60000,2,0,High School,Professional,1,2
6528,60000,2,0,High School,Professional,1,2
6529,70000,2,1,Partial College,Professional,1,0
6530,90000,2,1,Partial College,Professional,1,0
6531,60000,2,0,High School,Professional,0,2
6532,60000,2,0,High School,Professional,0,2
6533,60000,2,0,High School,Professional,0,2
6534,40000,3,0,Partial College,Professional,0,2
6535,90000,5,5,Partial College,Professional,0,3
6536,90000,5,5,Partial College,Professional,1,3
6537,120000,3,2,Bachellors,Management,0,4
6538,160000,0,0,Graduate Degree,Management,0,4
6539,160000,0,0,Graduate Degree,Management,1,4
6540,80000,4,3,Bachellors,Management,1,1
6541,40000,4,3,High School,Skilled Manual,1,2
6542,40000,4,3,High School,Skilled Manual,1,2
6543,70000,1,0,Bachellors,Professional,0,1
6544,70000,1,0,Bachellors,Professional,0,1
6545,70000,1,0,Partial College,Skilled Manual,1,1
6546,70000,1,0,Partial College,Skilled Manual,0,1
6547,70000,1,0,Partial College,Skilled Manual,1,1
6548,40000,4,3,High School,Skilled Manual,1,3
6549,40000,4,2,High School,Skilled Manual,1,2
6550,60000,3,0,Graduate Degree,Management,1,2
6551,60000,3,0,Graduate Degree,Management,1,2
6552,60000,3,0,Graduate Degree,Management,1,2
6553,70000,5,0,Bachellors,Management,1,2
6554,70000,5,0,Bachellors,Management,1,2
6555,60000,3,0,Graduate Degree,Management,1,2
6556,70000,5,0,Bachellors,Management,1,2
6557,30000,5,0,Partial High School,Clerical,0,2
6558,30000,5,0,Partial High School,Clerical,1,2
6559,40000,4,0,High School,Professional,1,2
6560,40000,4,0,High School,Professional,1,2
6561,60000,1,0,Graduate Degree,Skilled Manual,1,0
6562,60000,1,0,Graduate Degree,Skilled Manual,1,0
6563,60000,1,0,Graduate Degree,Professional,1,0
6564,70000,1,0,Graduate Degree,Professional,1,0
6565,50000,1,1,Bachellors,Skilled Manual,1,0
6566,50000,1,1,Bachellors,Skilled Manual,1,0
6567,50000,1,1,Bachellors,Skilled Manual,1,0
6568,50000,1,1,Bachellors,Skilled Manual,1,1
6569,50000,1,1,Bachellors,Skilled Manual,1,1
6570,60000,1,0,Graduate Degree,Professional,1,0
6571,60000,1,0,Graduate Degree,Professional,1,0
6572,50000,1,1,Bachellors,Skilled Manual,1,1
6573,50000,2,2,Bachellors,Skilled Manual,1,0
6574,50000,2,2,Bachellors,Skilled Manual,0,0
6575,50000,2,2,Bachellors,Skilled Manual,0,0
6576,50000,2,2,Bachellors,Skilled Manual,1,0
6577,50000,2,2,Bachellors,Skilled Manual,1,0
6578,60000,1,0,Graduate Degree,Professional,1,0
6579,60000,1,0,Graduate Degree,Professional,1,0
6580,60000,1,0,Graduate Degree,Professional,1,0
6581,70000,3,0,Graduate Degree,Professional,1,0
6582,70000,3,0,Graduate Degree,Professional,1,0
6583,70000,2,2,Bachellors,Skilled Manual,0,0
6584,70000,2,2,Bachellors,Skilled Manual,0,1
6585,70000,2,2,Bachellors,Skilled Manual,0,1
6586,70000,2,2,Bachellors,Skilled Manual,0,1
6587,40000,0,0,Bachellors,Professional,1,1
6588,60000,2,0,Graduate Degree,Professional,1,0
6589,60000,2,0,Graduate Degree,Professional,1,0
6590,60000,2,0,Graduate Degree,Professional,1,0
6591,60000,2,0,Graduate Degree,Professional,1,0
6592,70000,4,0,Graduate Degree,Professional,1,0
6593,70000,4,0,Graduate Degree,Professional,1,0
6594,70000,4,0,Graduate Degree,Professional,1,0
6595,70000,4,0,Graduate Degree,Professional,1,0
6596,50000,2,2,Bachellors,Skilled Manual,1,1
6597,60000,3,3,Bachellors,Skilled Manual,1,1
6598,60000,3,3,Bachellors,Skilled Manual,1,1
6599,60000,0,0,Graduate Degree,Professional,1,0
6600,60000,0,0,Graduate Degree,Professional,1,0
6601,60000,0,0,Graduate Degree,Professional,1,0
6602,60000,0,0,Graduate Degree,Professional,1,0
6603,60000,0,0,Graduate Degree,Professional,1,0
6604,70000,5,0,Graduate Degree,Professional,1,0
6605,70000,5,0,Graduate Degree,Professional,1,0
6606,70000,5,5,Graduate Degree,Professional,1,2
6607,70000,5,5,Graduate Degree,Professional,1,2
6608,40000,0,0,Bachellors,Professional,0,1
6609,40000,0,0,Bachellors,Professional,0,1
6610,40000,0,0,Bachellors,Professional,0,1
6611,80000,3,3,Bachellors,Skilled Manual,1,1
6612,80000,3,3,Bachellors,Skilled Manual,0,2
6613,80000,3,3,Bachellors,Skilled Manual,1,2
6614,80000,3,3,Bachellors,Skilled Manual,1,3
6615,60000,0,0,Graduate Degree,Professional,1,0
6616,40000,0,0,Bachellors,Professional,0,1
6617,60000,4,4,Bachellors,Skilled Manual,0,2
6618,60000,4,4,Bachellors,Skilled Manual,1,3
6619,60000,4,4,Bachellors,Skilled Manual,1,3
6620,60000,5,4,Partial High School,Skilled Manual,1,0
6621,60000,4,2,Bachellors,Skilled Manual,1,2
6622,40000,0,0,Bachellors,Professional,1,1
6623,70000,4,2,Bachellors,Skilled Manual,1,2
6624,70000,0,0,Bachellors,Professional,0,1
6625,70000,0,0,Bachellors,Professional,0,1
6626,70000,0,0,Bachellors,Professional,0,1
6627,40000,1,1,Bachellors,Skilled Manual,1,0
6628,40000,1,1,Bachellors,Skilled Manual,1,0
6629,10000,0,0,Partial High School,Manual,1,2
6630,20000,0,0,Partial High School,Manual,1,2
6631,40000,1,1,Bachellors,Skilled Manual,1,1
6632,40000,1,1,Bachellors,Skilled Manual,1,1
6633,40000,1,1,Bachellors,Skilled Manual,1,1
6634,20000,0,0,Partial High School,Manual,0,2
6635,20000,0,0,Partial High School,Manual,0,2
6636,30000,0,0,High School,Manual,0,1
6637,30000,0,0,High School,Manual,1,1
6638,30000,0,0,High School,Manual,0,1
6639,30000,0,0,High School,Manual,1,1
6640,40000,2,2,Partial College,Clerical,1,0
6641,30000,1,0,High School,Manual,1,1
6642,20000,0,0,Partial High School,Manual,0,2
6643,20000,0,0,Partial High School,Manual,0,2
6644,20000,0,0,Partial High School,Manual,1,2
6645,30000,0,0,High School,Manual,0,1
6646,30000,0,0,High School,Manual,0,1
6647,30000,0,0,High School,Manual,0,1
6648,40000,2,2,Partial College,Clerical,1,1
6649,40000,2,2,Partial College,Clerical,1,1
6650,40000,2,2,Partial College,Clerical,1,1
6651,40000,2,2,Partial College,Clerical,1,2
6652,40000,2,2,Partial College,Clerical,1,2
6653,50000,0,0,Graduate Degree,Skilled Manual,0,0
6654,50000,0,0,Graduate Degree,Skilled Manual,1,0
6655,40000,3,3,Partial College,Clerical,1,1
6656,40000,3,3,Partial College,Clerical,1,1
6657,30000,0,0,Graduate Degree,Skilled Manual,1,0
6658,40000,4,4,Partial College,Clerical,0,0
6659,20000,2,0,High School,Manual,0,2
6660,60000,0,0,Graduate Degree,Skilled Manual,1,0
6661,60000,0,0,Graduate Degree,Skilled Manual,1,0
6662,40000,1,0,Partial College,Clerical,1,1
6663,40000,1,0,Partial College,Clerical,1,1
6664,30000,1,0,High School,Clerical,0,2
6665,30000,2,0,High School,Clerical,1,2
6666,30000,2,0,High School,Clerical,0,2
6667,40000,1,0,Partial College,Clerical,1,1
6668,40000,1,0,Partial College,Clerical,1,1
6669,30000,2,0,High School,Skilled Manual,1,2
6670,30000,2,0,High School,Skilled Manual,0,2
6671,30000,2,0,High School,Skilled Manual,1,2
6672,30000,2,0,High School,Skilled Manual,1,2
6673,30000,2,0,High School,Skilled Manual,0,2
6674,40000,1,0,Partial College,Clerical,1,1
6675,30000,2,0,High School,Skilled Manual,0,2
6676,30000,2,0,High School,Skilled Manual,0,2
6677,30000,2,0,High School,Skilled Manual,0,2
6678,40000,2,0,Partial College,Clerical,1,1
6679,40000,2,0,Partial College,Clerical,1,1
6680,40000,2,0,Partial College,Clerical,1,1
6681,40000,2,0,Partial College,Clerical,1,1
6682,40000,2,0,Partial College,Clerical,1,1
6683,80000,5,0,Graduate Degree,Skilled Manual,1,0
6684,80000,4,0,Graduate Degree,Skilled Manual,1,0
6685,80000,4,0,Graduate Degree,Skilled Manual,1,0
6686,80000,4,0,Graduate Degree,Skilled Manual,1,0
6687,60000,4,0,Graduate Degree,Skilled Manual,1,0
6688,60000,4,0,Graduate Degree,Skilled Manual,1,0
6689,60000,4,0,Graduate Degree,Skilled Manual,1,0
6690,50000,0,0,Graduate Degree,Skilled Manual,1,0
6691,50000,0,0,Graduate Degree,Skilled Manual,1,0
6692,50000,0,0,Graduate Degree,Skilled Manual,1,0
6693,50000,0,0,Graduate Degree,Skilled Manual,0,0
6694,50000,1,0,Graduate Degree,Skilled Manual,1,0
6695,50000,1,0,Graduate Degree,Skilled Manual,1,0
6696,50000,1,0,Graduate Degree,Skilled Manual,1,0
6697,50000,1,0,Graduate Degree,Skilled Manual,1,0
6698,50000,1,0,Graduate Degree,Skilled Manual,1,0
6699,60000,1,0,Graduate Degree,Skilled Manual,1,0
6700,60000,1,0,Graduate Degree,Skilled Manual,0,0
6701,10000,0,0,Graduate Degree,Manual,1,0
6702,10000,1,0,Graduate Degree,Manual,1,0
6703,10000,1,0,Graduate Degree,Manual,1,0
6704,10000,1,0,Graduate Degree,Manual,1,0
6705,10000,1,0,Graduate Degree,Manual,1,0
6706,20000,1,0,Graduate Degree,Clerical,1,0
6707,10000,1,0,Bachellors,Manual,1,0
6708,10000,1,0,Bachellors,Manual,1,0
6709,20000,1,0,Graduate Degree,Clerical,1,0
6710,20000,1,0,Graduate Degree,Clerical,1,0
6711,30000,1,0,Graduate Degree,Clerical,1,0
6712,20000,1,0,Graduate Degree,Clerical,1,0
6713,10000,1,0,Bachellors,Manual,1,0
6714,10000,2,0,Partial College,Manual,1,0
6715,20000,1,0,Bachellors,Clerical,1,0
6716,20000,1,0,Bachellors,Clerical,1,0
6717,20000,1,0,Bachellors,Clerical,1,0
6718,10000,2,0,Partial College,Manual,1,1
6719,20000,1,0,Graduate Degree,Clerical,1,0
6720,10000,2,0,Bachellors,Clerical,1,1
6721,30000,1,0,Bachellors,Clerical,1,0
6722,10000,2,0,Partial College,Manual,1,1
6723,20000,1,0,Partial College,Manual,1,0
6724,30000,1,0,Bachellors,Clerical,1,0
6725,10000,0,0,Partial College,Manual,1,1
6726,10000,0,0,Partial College,Manual,1,1
6727,10000,0,0,Partial College,Manual,1,1
6728,10000,0,0,Partial College,Manual,1,1
6729,10000,0,0,Partial College,Manual,0,1
6730,10000,0,0,Partial College,Manual,0,1
6731,10000,0,0,Partial College,Manual,1,1
6732,10000,0,0,Partial College,Manual,0,1
6733,20000,0,0,Bachellors,Clerical,1,0
6734,20000,0,0,Bachellors,Clerical,1,0
6735,20000,0,0,Bachellors,Clerical,1,0
6736,10000,1,1,High School,Manual,0,0
6737,10000,1,1,High School,Manual,0,0
6738,20000,2,0,Partial College,Manual,1,0
6739,20000,2,0,Partial College,Manual,1,0
6740,20000,1,1,Partial College,Manual,0,0
6741,20000,1,1,Partial College,Manual,0,0
6742,30000,4,0,Graduate Degree,Clerical,1,0
6743,30000,4,0,Graduate Degree,Clerical,1,0
6744,30000,3,0,Graduate Degree,Clerical,1,0
6745,30000,3,0,Graduate Degree,Clerical,1,0
6746,20000,1,1,Partial College,Manual,1,0
6747,20000,1,1,Partial College,Manual,1,0
6748,30000,3,0,Graduate Degree,Clerical,1,0
6749,10000,1,1,High School,Manual,0,1
6750,10000,1,1,High School,Manual,1,1
6751,20000,2,0,Partial College,Manual,1,1
6752,20000,2,0,Partial College,Manual,1,1
6753,20000,2,0,Partial College,Manual,1,1
6754,30000,3,0,Bachellors,Clerical,1,0
6755,30000,3,0,Bachellors,Clerical,1,0
6756,30000,3,0,Bachellors,Clerical,1,0
6757,30000,1,0,Bachellors,Clerical,1,0
6758,20000,0,0,Partial College,Manual,1,1
6759,20000,0,0,Partial College,Manual,0,1
6760,20000,0,0,Partial College,Manual,0,1
6761,20000,0,0,Partial College,Manual,0,1
6762,30000,0,0,Bachellors,Clerical,0,0
6763,10000,2,2,High School,Manual,1,1
6764,20000,0,0,Partial College,Manual,0,1
6765,30000,0,0,Bachellors,Clerical,1,0
6766,30000,1,0,Bachellors,Clerical,1,0
6767,40000,0,0,Graduate Degree,Clerical,1,0
6768,40000,0,0,Graduate Degree,Clerical,1,0
6769,10000,3,0,Partial College,Manual,1,2
6770,10000,3,0,Partial College,Manual,1,2
6771,10000,3,0,Partial College,Manual,1,2
6772,10000,3,0,Partial College,Manual,0,2
6773,20000,2,0,Partial College,Manual,1,1
6774,10000,3,3,High School,Manual,1,0
6775,20000,1,1,Partial College,Manual,1,0
6776,20000,1,1,Partial College,Manual,0,1
6777,20000,1,1,Partial College,Manual,0,1
6778,30000,1,0,Bachellors,Clerical,1,0
6779,40000,0,0,Graduate Degree,Clerical,1,0
6780,40000,0,0,Graduate Degree,Clerical,1,0
6781,40000,0,0,Graduate Degree,Clerical,1,0
6782,40000,0,0,Graduate Degree,Clerical,1,0
6783,40000,0,0,Graduate Degree,Clerical,1,0
6784,10000,3,3,Partial High School,Manual,1,1
6785,10000,4,4,Partial High School,Manual,1,0
6786,20000,1,1,Partial College,Manual,1,1
6787,20000,1,1,Partial College,Manual,0,1
6788,20000,1,1,Partial College,Manual,0,1
6789,20000,1,1,High School,Manual,1,1
6790,30000,1,1,Bachellors,Clerical,0,0
6791,30000,1,1,Bachellors,Clerical,0,1
6792,30000,1,1,Bachellors,Clerical,1,1
6793,40000,0,0,Bachellors,Clerical,1,0
6794,40000,0,0,Bachellors,Clerical,1,0
6795,30000,1,1,Bachellors,Clerical,1,1
6796,30000,1,1,Bachellors,Skilled Manual,1,2
6797,10000,4,3,Partial High School,Manual,1,2
6798,20000,2,2,High School,Manual,1,0
6799,20000,2,2,High School,Manual,1,0
6800,20000,2,2,High School,Manual,1,0
6801,20000,2,2,High School,Manual,1,1
6802,20000,2,2,High School,Manual,1,1
6803,10000,4,3,Partial High School,Manual,1,2
6804,10000,5,2,Partial High School,Manual,1,1
6805,10000,5,2,Partial High School,Manual,1,1
6806,20000,2,2,High School,Manual,1,2
6807,20000,2,2,High School,Manual,0,2
6808,20000,2,2,High School,Manual,1,2
6809,10000,3,2,Partial High School,Manual,1,2
6810,10000,3,2,Partial High School,Manual,1,2
6811,10000,3,2,Partial High School,Manual,0,2
6812,40000,0,0,Bachellors,Professional,0,0
6813,40000,0,0,Bachellors,Professional,1,0
6814,30000,2,2,Partial College,Clerical,0,0
6815,30000,2,2,Partial College,Clerical,0,0
6816,30000,1,0,Partial College,Clerical,1,1
6817,20000,2,0,Partial College,Clerical,1,1
6818,30000,1,0,Bachellors,Skilled Manual,1,1
6819,40000,1,0,Bachellors,Skilled Manual,1,0
6820,40000,1,0,Bachellors,Skilled Manual,1,0
6821,40000,1,0,Bachellors,Skilled Manual,1,0
6822,40000,1,0,Bachellors,Skilled Manual,1,0
6823,30000,2,2,Partial College,Clerical,1,2
6824,30000,3,3,Partial College,Clerical,0,0
6825,30000,3,3,Partial College,Clerical,1,0
6826,40000,1,0,Bachellors,Skilled Manual,1,0
6827,10000,0,0,Partial High School,Manual,1,2
6828,20000,4,4,High School,Manual,1,3
6829,40000,1,0,Bachellors,Skilled Manual,1,0
6830,40000,1,0,Bachellors,Skilled Manual,1,0
6831,30000,1,0,Partial College,Clerical,1,1
6832,30000,1,0,Partial College,Clerical,1,1
6833,30000,1,0,Partial College,Clerical,1,1
6834,40000,1,0,Bachellors,Skilled Manual,1,1
6835,40000,1,0,Bachellors,Skilled Manual,1,1
6836,30000,4,4,Partial College,Clerical,0,3
6837,20000,0,0,High School,Manual,1,1
6838,30000,0,0,Partial College,Clerical,1,1
6839,10000,0,0,Partial High School,Manual,0,2
6840,10000,0,0,Partial High School,Manual,1,2
6841,10000,0,0,Partial High School,Manual,0,2
6842,30000,0,0,Partial College,Clerical,0,1
6843,20000,0,0,Partial High School,Manual,1,1
6844,10000,0,0,Partial High School,Manual,0,2
6845,10000,0,0,Partial High School,Manual,0,2
6846,20000,0,0,Partial High School,Manual,0,2
6847,30000,0,0,Partial College,Clerical,0,1
6848,30000,0,0,Partial College,Clerical,0,1
6849,30000,0,0,Partial College,Clerical,0,1
6850,40000,1,1,Bachellors,Skilled Manual,1,0
6851,10000,0,0,Partial High School,Manual,0,2
6852,10000,0,0,Partial High School,Manual,1,2
6853,20000,0,0,Partial High School,Manual,0,2
6854,20000,0,0,Partial High School,Manual,1,2
6855,30000,0,0,Partial College,Clerical,1,1
6856,20000,0,0,Partial High School,Manual,0,2
6857,20000,0,0,Partial High School,Manual,0,2
6858,20000,0,0,Partial High School,Manual,0,2
6859,40000,4,2,High School,Skilled Manual,1,2
6860,60000,1,0,Partial College,Skilled Manual,1,1
6861,60000,1,0,Partial College,Skilled Manual,1,1
6862,40000,4,2,High School,Skilled Manual,1,2
6863,40000,4,2,High School,Skilled Manual,1,2
6864,40000,0,0,Bachellors,Professional,1,1
6865,60000,1,0,Partial College,Skilled Manual,1,1
6866,60000,1,0,Partial College,Skilled Manual,0,1
6867,60000,1,0,Partial College,Skilled Manual,1,1
6868,50000,0,0,Partial College,Skilled Manual,0,1
6869,60000,0,0,Graduate Degree,Professional,0,1
6870,60000,0,0,Graduate Degree,Professional,0,1
6871,60000,0,0,Graduate Degree,Professional,0,1
6872,60000,1,0,Partial College,Skilled Manual,1,1
6873,60000,1,0,Graduate Degree,Skilled Manual,1,0
6874,10000,0,0,Graduate Degree,Manual,1,0
6875,10000,1,0,Graduate Degree,Manual,1,0
6876,10000,1,0,Graduate Degree,Manual,1,0
6877,10000,1,0,Graduate Degree,Manual,1,0
6878,10000,1,0,Bachellors,Manual,1,0
6879,10000,1,0,Bachellors,Manual,1,0
6880,10000,1,0,Bachellors,Manual,1,0
6881,20000,1,0,Graduate Degree,Clerical,1,0
6882,20000,1,0,Graduate Degree,Clerical,1,0
6883,20000,1,0,Graduate Degree,Clerical,1,0
6884,20000,1,0,Graduate Degree,Clerical,1,0
6885,30000,1,0,Graduate Degree,Clerical,1,0
6886,30000,4,0,Graduate Degree,Clerical,1,0
6887,10000,1,0,Bachellors,Manual,1,0
6888,10000,1,0,Bachellors,Manual,1,0
6889,10000,1,0,Bachellors,Manual,1,0
6890,20000,1,0,Bachellors,Manual,1,0
6891,10000,2,0,Partial College,Manual,1,1
6892,10000,2,0,Partial College,Manual,1,1
6893,20000,1,0,Bachellors,Clerical,1,0
6894,20000,1,0,Bachellors,Clerical,1,0
6895,20000,1,0,Bachellors,Clerical,1,0
6896,10000,2,0,Partial College,Manual,1,1
6897,10000,2,0,Partial College,Manual,1,1
6898,10000,2,0,Bachellors,Clerical,1,1
6899,20000,1,0,Bachellors,Clerical,1,0
6900,20000,1,0,Bachellors,Clerical,1,0
6901,10000,3,0,Partial College,Manual,1,1
6902,20000,1,0,Partial College,Manual,1,0
6903,20000,1,0,Partial College,Manual,1,0
6904,30000,1,0,Bachellors,Clerical,1,0
6905,10000,0,0,Partial College,Manual,0,1
6906,10000,0,0,Partial College,Manual,1,1
6907,10000,0,0,Partial College,Manual,1,1
6908,10000,0,0,Partial College,Manual,1,1
6909,10000,0,0,Partial College,Manual,1,1
6910,10000,0,0,High School,Manual,0,1
6911,10000,0,0,High School,Manual,1,2
6912,10000,1,1,High School,Manual,1,0
6913,10000,1,1,High School,Manual,1,0
6914,10000,1,1,High School,Manual,0,0
6915,20000,0,0,Bachellors,Clerical,1,0
6916,10000,1,1,High School,Manual,0,0
6917,10000,1,1,High School,Manual,0,0
6918,20000,0,0,Bachellors,Clerical,1,0
6919,20000,0,0,Bachellors,Clerical,1,0
6920,20000,0,0,Bachellors,Clerical,1,0
6921,20000,0,0,Bachellors,Clerical,1,0
6922,20000,0,0,Bachellors,Clerical,1,0
6923,20000,0,0,Bachellors,Clerical,1,0
6924,10000,1,1,High School,Manual,0,0
6925,10000,1,1,High School,Manual,0,0
6926,20000,0,0,Bachellors,Clerical,1,0
6927,20000,0,0,Bachellors,Clerical,0,0
6928,20000,0,0,Partial College,Manual,1,0
6929,20000,2,0,Partial College,Manual,1,1
6930,20000,2,0,Partial College,Manual,1,1
6931,20000,1,1,Partial College,Manual,1,0
6932,20000,1,1,Partial College,Manual,1,0
6933,30000,4,0,Graduate Degree,Clerical,1,0
6934,30000,3,0,Graduate Degree,Clerical,1,0
6935,20000,1,1,Partial College,Manual,0,0
6936,20000,1,1,Partial College,Manual,1,0
6937,20000,1,1,Partial College,Manual,1,0
6938,30000,3,0,Graduate Degree,Clerical,1,0
6939,10000,1,1,High School,Manual,0,1
6940,10000,1,1,High School,Manual,0,1
6941,20000,2,0,Partial College,Manual,1,1
6942,20000,2,0,Partial College,Manual,1,1
6943,20000,2,0,Partial College,Manual,1,1
6944,30000,3,0,Graduate Degree,Clerical,1,0
6945,20000,2,0,Partial College,Manual,1,1
6946,30000,1,0,Graduate Degree,Clerical,1,0
6947,30000,1,0,Graduate Degree,Clerical,1,0
6948,30000,1,0,Graduate Degree,Clerical,1,0
6949,30000,3,0,Bachellors,Clerical,1,0
6950,40000,3,0,Graduate Degree,Clerical,1,0
6951,30000,1,0,Bachellors,Clerical,1,0
6952,10000,1,1,High School,Manual,1,1
6953,10000,2,2,High School,Manual,1,0
6954,10000,2,2,High School,Manual,1,0
6955,20000,0,0,Partial College,Manual,0,1
6956,20000,0,0,Partial College,Manual,1,1
6957,30000,0,0,Bachellors,Clerical,1,0
6958,30000,0,0,Bachellors,Clerical,1,0
6959,30000,0,0,Bachellors,Clerical,1,0
6960,30000,0,0,Bachellors,Clerical,1,0
6961,40000,0,0,Graduate Degree,Clerical,1,0
6962,20000,0,0,Partial College,Manual,0,1
6963,30000,0,0,Bachellors,Clerical,1,0
6964,30000,0,0,Bachellors,Clerical,0,0
6965,40000,0,0,Graduate Degree,Clerical,1,0
6966,40000,0,0,Graduate Degree,Clerical,1,0
6967,50000,0,0,Graduate Degree,Skilled Manual,1,0
6968,10000,3,0,Partial College,Manual,0,2
6969,20000,2,0,Partial College,Manual,1,1
6970,20000,2,0,Partial College,Manual,1,1
6971,10000,2,1,High School,Manual,1,2
6972,10000,2,2,High School,Manual,1,1
6973,20000,1,1,Partial College,Manual,0,1
6974,30000,1,0,Bachellors,Clerical,1,0
6975,30000,1,1,Bachellors,Clerical,1,0
6976,40000,0,0,Graduate Degree,Clerical,1,0
6977,40000,0,0,Graduate Degree,Clerical,1,0
6978,40000,0,0,Graduate Degree,Clerical,1,0
6979,40000,0,0,Graduate Degree,Clerical,1,0
6980,40000,0,0,Bachellors,Clerical,0,0
6981,30000,1,1,Bachellors,Clerical,0,1
6982,30000,1,1,Bachellors,Clerical,1,1
6983,40000,0,0,Bachellors,Clerical,1,0
6984,40000,0,0,Bachellors,Clerical,1,0
6985,40000,0,0,Bachellors,Clerical,1,0
6986,40000,0,0,Bachellors,Clerical,1,0
6987,40000,0,0,Bachellors,Clerical,1,0
6988,30000,1,1,Bachellors,Clerical,1,1
6989,20000,2,2,High School,Manual,1,1
6990,20000,2,2,High School,Manual,1,1
6991,20000,2,2,High School,Manual,1,1
6992,30000,1,1,Bachellors,Skilled Manual,1,2
6993,10000,5,2,Partial High School,Manual,1,1
6994,10000,4,0,High School,Manual,0,2
6995,20000,2,2,High School,Manual,1,2
6996,20000,2,2,High School,Manual,1,2
6997,20000,3,3,High School,Manual,1,0
6998,20000,3,3,High School,Manual,1,0
6999,20000,3,3,High School,Manual,1,1
7000,20000,3,3,High School,Manual,1,1
7001,20000,3,3,High School,Manual,1,1
7002,20000,3,3,High School,Manual,1,2
7003,20000,2,0,Partial College,Manual,1,1
7004,30000,1,0,Bachellors,Skilled Manual,1,1
7005,40000,0,0,Bachellors,Professional,0,0
7006,40000,0,0,Bachellors,Professional,1,0
7007,40000,1,0,Graduate Degree,Skilled Manual,1,0
7008,40000,1,0,Graduate Degree,Skilled Manual,1,0
7009,30000,2,2,Partial College,Clerical,1,1
7010,30000,2,2,Partial College,Clerical,1,1
7011,30000,2,2,Partial College,Clerical,1,1
7012,30000,2,2,Partial College,Clerical,1,1
7013,40000,1,0,Bachellors,Skilled Manual,1,0
7014,40000,1,0,Bachellors,Skilled Manual,1,0
7015,30000,2,2,Partial College,Clerical,1,2
7016,30000,2,2,Partial College,Clerical,1,2
7017,30000,2,2,Partial College,Clerical,0,2
7018,30000,2,2,Partial College,Clerical,1,2
7019,30000,3,3,Partial College,Clerical,1,0
7020,40000,1,0,Bachellors,Skilled Manual,1,0
7021,20000,0,0,High School,Manual,1,1
7022,20000,4,4,High School,Manual,1,1
7023,20000,5,5,High School,Manual,1,2
7024,20000,5,5,High School,Manual,1,2
7025,30000,3,3,Partial College,Clerical,1,2
7026,30000,3,3,Partial College,Clerical,1,2
7027,40000,1,0,Bachellors,Skilled Manual,1,0
7028,30000,1,0,Partial College,Clerical,1,1
7029,40000,1,0,Bachellors,Skilled Manual,1,1
7030,30000,0,0,Partial College,Clerical,1,1
7031,20000,0,0,High School,Manual,0,1
7032,10000,0,0,Partial High School,Manual,1,2
7033,20000,0,0,High School,Manual,0,1
7034,30000,0,0,Partial College,Clerical,0,1
7035,10000,4,0,High School,Manual,0,2
7036,20000,0,0,Partial High School,Manual,1,2
7037,20000,0,0,Partial High School,Manual,0,2
7038,20000,0,0,Partial High School,Manual,0,2
7039,30000,0,0,Partial College,Clerical,0,1
7040,30000,0,0,Partial College,Clerical,0,1
7041,10000,0,0,Partial High School,Manual,0,2
7042,20000,0,0,Partial High School,Manual,1,2
7043,20000,0,0,Partial High School,Manual,1,2
7044,20000,0,0,Partial High School,Manual,0,2
7045,20000,0,0,Partial High School,Manual,0,2
7046,30000,0,0,Partial College,Clerical,1,1
7047,30000,0,0,Partial College,Clerical,0,1
7048,30000,0,0,Partial College,Clerical,0,1
7049,30000,0,0,Partial College,Clerical,0,1
7050,40000,4,2,High School,Skilled Manual,1,2
7051,60000,1,0,Partial College,Skilled Manual,1,1
7052,60000,1,0,Partial College,Skilled Manual,1,1
7053,60000,1,0,Partial College,Skilled Manual,1,1
7054,40000,0,0,Bachellors,Professional,0,1
7055,40000,0,0,Bachellors,Professional,0,1
7056,50000,0,0,Partial College,Skilled Manual,0,1
7057,60000,0,0,Graduate Degree,Professional,0,1
7058,60000,0,0,Graduate Degree,Professional,0,1
7059,20000,3,0,High School,Skilled Manual,1,2
7060,60000,1,0,Partial College,Skilled Manual,1,1
7061,60000,1,0,Partial College,Skilled Manual,1,1
7062,40000,4,0,High School,Professional,0,2
7063,70000,4,0,Bachellors,Management,0,2
7064,70000,4,0,Bachellors,Management,1,2
7065,40000,4,0,High School,Professional,0,2
7066,70000,5,0,Bachellors,Management,1,2
7067,70000,5,0,Bachellors,Management,1,3
7068,70000,5,0,Bachellors,Management,1,4
7069,70000,5,0,Bachellors,Management,0,4
7070,70000,5,0,Bachellors,Management,1,4
7071,60000,4,0,Bachellors,Management,1,2
7072,60000,4,0,Bachellors,Management,1,2
7073,60000,4,0,Bachellors,Management,1,2
7074,60000,4,0,Bachellors,Management,1,2
7075,70000,2,1,Partial College,Professional,1,1
7076,70000,2,1,Partial College,Professional,1,1
7077,70000,2,1,Partial College,Professional,1,1
7078,70000,2,1,Partial College,Professional,1,1
7079,70000,2,1,Partial College,Professional,1,1
7080,60000,5,0,Bachellors,Management,1,3
7081,60000,5,0,Bachellors,Management,1,3
7082,40000,2,1,High School,Professional,1,2
7083,60000,2,1,Partial College,Professional,1,1
7084,60000,2,1,Partial College,Professional,1,1
7085,60000,2,1,Partial College,Professional,0,1
7086,60000,2,1,Partial College,Professional,0,2
7087,60000,2,1,Partial College,Professional,1,2
7088,60000,2,1,Bachellors,Management,1,0
7089,60000,2,1,Bachellors,Management,0,0
7090,40000,2,1,High School,Professional,1,2
7091,40000,2,1,High School,Professional,1,2
7092,40000,2,1,High School,Professional,1,2
7093,40000,2,1,Partial High School,Skilled Manual,1,2
7094,60000,2,1,Partial College,Professional,1,2
7095,60000,2,1,Bachellors,Management,1,0
7096,60000,2,1,Bachellors,Management,1,0
7097,60000,2,1,Bachellors,Management,0,0
7098,60000,2,1,Partial College,Professional,1,2
7099,60000,2,1,High School,Professional,1,2
7100,60000,2,1,Partial College,Professional,1,1
7101,70000,4,2,Partial College,Professional,1,1
7102,70000,4,2,Partial College,Professional,1,1
7103,80000,3,1,Bachellors,Management,1,1
7104,60000,2,1,High School,Professional,0,2
7105,60000,2,1,Partial College,Professional,1,1
7106,60000,2,1,Partial College,Professional,1,1
7107,60000,2,1,Partial College,Professional,1,1
7108,60000,2,1,Partial College,Professional,1,2
7109,60000,2,1,Partial College,Professional,1,2
7110,60000,2,1,Partial College,Professional,1,2
7111,60000,2,1,Partial College,Professional,1,2
7112,70000,4,2,Partial College,Professional,0,1
7113,70000,4,2,Partial College,Professional,1,1
7114,70000,4,2,Partial College,Professional,1,2
7115,70000,2,1,Partial High School,Skilled Manual,1,2
7116,70000,2,1,Partial High School,Skilled Manual,1,2
7117,70000,2,1,Partial High School,Skilled Manual,1,3
7118,60000,2,1,High School,Professional,1,2
7119,60000,2,1,High School,Professional,0,2
7120,60000,2,1,High School,Professional,1,2
7121,60000,2,1,High School,Professional,1,2
7122,60000,2,1,High School,Professional,1,2
7123,70000,4,3,Partial College,Professional,1,1
7124,70000,4,3,Partial College,Professional,1,1
7125,130000,2,3,Bachellors,Management,1,4
7126,130000,2,3,Bachellors,Management,1,4
7127,130000,2,4,Partial College,Professional,1,2
7128,130000,2,4,Partial College,Professional,1,2
7129,90000,2,1,High School,Professional,0,1
7130,100000,2,3,Partial College,Professional,1,4
7131,130000,3,4,Partial College,Professional,0,2
7132,110000,2,4,Partial College,Professional,1,4
7133,110000,2,4,Partial College,Professional,1,4
7134,120000,3,4,High School,Professional,1,4
7135,120000,3,4,High School,Professional,1,4
7136,120000,3,4,Partial High School,Professional,1,4
7137,130000,3,4,Partial College,Professional,0,3
7138,90000,2,1,High School,Professional,1,2
7139,100000,2,3,High School,Professional,1,4
7140,120000,3,4,Partial High School,Professional,1,4
7141,130000,3,4,Partial College,Professional,0,3
7142,130000,3,4,Partial College,Professional,1,3
7143,80000,3,1,Partial College,Professional,1,2
7144,70000,5,1,High School,Professional,1,2
7145,80000,5,0,Bachellors,Management,1,2
7146,80000,5,0,Bachellors,Management,0,2
7147,90000,5,0,Partial College,Professional,0,2
7148,170000,3,4,Bachellors,Management,1,3
7149,60000,3,1,Partial High School,Skilled Manual,1,3
7150,100000,2,3,Bachellors,Management,0,4
7151,80000,5,0,Partial College,Professional,1,2
7152,80000,5,0,Partial College,Professional,0,2
7153,90000,5,0,Partial College,Professional,0,2
7154,100000,2,3,Bachellors,Management,1,4
7155,100000,2,3,Bachellors,Management,1,4
7156,80000,4,2,Partial College,Professional,1,1
7157,80000,4,2,Partial College,Professional,1,2
7158,90000,3,2,Partial College,Professional,1,1
7159,90000,4,2,Partial College,Professional,1,1
7160,100000,3,4,High School,Professional,1,3
7161,130000,3,4,High School,Professional,1,4
7162,90000,4,2,Partial College,Professional,1,2
7163,90000,4,2,Partial College,Professional,1,2
7164,100000,3,4,Bachellors,Management,1,3
7165,120000,3,5,Bachellors,Management,1,2
7166,120000,3,5,Bachellors,Management,1,3
7167,150000,2,5,Graduate Degree,Management,1,2
7168,90000,4,1,High School,Professional,0,2
7169,130000,4,5,Partial College,Professional,0,3
7170,80000,5,2,High School,Professional,1,2
7171,90000,4,1,High School,Professional,1,3
7172,110000,4,5,Partial College,Professional,1,2
7173,130000,4,5,High School,Professional,1,3
7174,130000,4,5,High School,Professional,0,3
7175,90000,4,1,High School,Management,1,3
7176,90000,4,1,High School,Management,0,3
7177,110000,4,5,Partial College,Management,1,2
7178,130000,4,5,High School,Management,1,3
7179,160000,2,5,Partial College,Management,1,3
7180,80000,5,1,High School,Management,1,3
7181,120000,4,5,High School,Management,1,3
7182,150000,4,5,High School,Management,1,4
7183,90000,4,1,Partial High School,Skilled Manual,1,4
7184,90000,4,1,Partial High School,Skilled Manual,1,4
7185,90000,5,0,Partial High School,Skilled Manual,0,2
7186,110000,4,5,Partial High School,Professional,0,3
7187,130000,5,5,Partial High School,Professional,1,4
7188,150000,5,5,Bachellors,Professional,0,4
7189,60000,0,0,Bachellors,Professional,1,3
7190,70000,0,0,Bachellors,Professional,1,2
7191,70000,0,0,Bachellors,Professional,0,3
7192,80000,0,0,Bachellors,Professional,1,2
7193,60000,0,0,Bachellors,Professional,1,4
7194,90000,0,0,Bachellors,Professional,1,2
7195,70000,0,0,Bachellors,Professional,1,4
7196,70000,0,0,Bachellors,Professional,1,4
7197,100000,0,5,High School,Management,0,2
7198,110000,0,5,Partial College,Management,1,3
7199,120000,5,5,Partial High School,Professional,1,4
7200,130000,4,5,High School,Management,1,4
7201,90000,0,0,Bachellors,Professional,0,3
7202,100000,0,5,High School,Management,1,2
7203,100000,0,5,High School,Management,0,2
7204,100000,0,5,High School,Management,1,2
7205,120000,0,5,Partial High School,Professional,1,4
7206,90000,0,0,Bachellors,Professional,1,3
7207,100000,0,5,High School,Management,1,3
7208,100000,0,5,High School,Management,1,3
7209,90000,0,0,Bachellors,Professional,1,3
7210,110000,0,5,High School,Management,1,3
7211,130000,4,5,High School,Management,1,4
7212,130000,4,5,High School,Management,1,4
7213,90000,0,0,Bachellors,Professional,1,4
7214,100000,0,5,High School,Management,1,3
7215,100000,0,5,High School,Management,0,4
7216,90000,0,0,Bachellors,Professional,1,4
7217,90000,0,0,Bachellors,Professional,1,4
7218,110000,0,5,High School,Management,1,4
7219,110000,0,5,High School,Management,0,4
7220,120000,0,5,Partial High School,Professional,1,4
7221,110000,0,5,Partial High School,Professional,1,4
7222,160000,5,5,Partial High School,Management,0,4
7223,130000,0,5,Bachellors,Management,1,4
7224,90000,5,5,Partial College,Professional,1,3
7225,90000,0,0,Partial College,Professional,0,1
7226,90000,0,0,Partial College,Professional,0,1
7227,60000,1,0,Partial College,Skilled Manual,1,1
7228,60000,1,0,Partial College,Skilled Manual,1,1
7229,60000,1,0,Partial College,Skilled Manual,1,1
7230,60000,1,0,Partial College,Skilled Manual,1,1
7231,60000,5,4,Bachellors,Professional,1,1
7232,80000,2,0,Graduate Degree,Professional,1,0
7233,80000,1,0,Partial College,Skilled Manual,1,1
7234,60000,3,2,Bachellors,Professional,1,0
7235,60000,1,0,Bachellors,Professional,1,1
7236,70000,5,4,Graduate Degree,Professional,1,2
7237,80000,5,0,Graduate Degree,Professional,1,0
7238,80000,5,0,Graduate Degree,Professional,1,0
7239,90000,1,0,Graduate Degree,Management,1,0
7240,90000,1,0,Graduate Degree,Management,1,0
7241,90000,1,0,Graduate Degree,Management,1,0
7242,90000,1,0,Graduate Degree,Management,1,0
7243,90000,1,0,Graduate Degree,Management,1,0
7244,90000,1,0,Graduate Degree,Management,1,0
7245,100000,1,0,Graduate Degree,Management,1,0
7246,60000,2,2,Bachellors,Professional,1,1
7247,90000,2,0,Bachellors,Professional,1,0
7248,70000,5,5,Bachellors,Professional,1,3
7249,110000,1,0,Graduate Degree,Management,1,0
7250,120000,1,0,Graduate Degree,Management,1,1
7251,70000,5,5,Bachellors,Professional,1,3
7252,70000,5,5,Bachellors,Professional,1,4
7253,80000,5,5,Graduate Degree,Management,1,3
7254,80000,5,5,Graduate Degree,Management,1,3
7255,100000,0,0,Graduate Degree,Management,1,0
7256,60000,2,2,Bachellors,Professional,1,1
7257,60000,3,3,Bachellors,Professional,1,1
7258,70000,5,5,Bachellors,Professional,1,4
7259,70000,0,0,Bachellors,Professional,0,1
7260,70000,0,0,Bachellors,Professional,0,1
7261,70000,0,0,Bachellors,Professional,0,1
7262,70000,0,0,Bachellors,Professional,0,1
7263,60000,3,3,Bachellors,Professional,1,2
7264,60000,3,3,Bachellors,Professional,1,2
7265,60000,4,4,Bachellors,Professional,1,3
7266,60000,4,4,Bachellors,Professional,1,3
7267,60000,4,4,Bachellors,Professional,1,3
7268,60000,3,2,Bachellors,Professional,1,2
7269,60000,3,2,Bachellors,Professional,1,2
7270,60000,3,2,Bachellors,Professional,1,2
7271,70000,0,0,Bachellors,Professional,0,1
7272,70000,0,0,Bachellors,Professional,0,1
7273,90000,3,3,Bachellors,Professional,1,0
7274,90000,4,4,Bachellors,Professional,1,0
7275,90000,4,4,Bachellors,Professional,1,0
7276,70000,1,0,Partial College,Skilled Manual,0,1
7277,60000,1,0,Bachellors,Professional,1,1
7278,60000,1,0,Bachellors,Professional,1,1
7279,60000,1,0,Partial College,Skilled Manual,1,1
7280,60000,1,0,Partial College,Skilled Manual,1,1
7281,60000,1,0,Partial College,Skilled Manual,1,1
7282,60000,1,0,Partial College,Skilled Manual,0,1
7283,100000,0,0,Bachellors,Professional,0,1
7284,100000,0,0,Bachellors,Professional,0,1
7285,100000,0,0,Bachellors,Professional,0,1
7286,60000,1,0,Partial College,Skilled Manual,1,1
7287,60000,1,0,Partial College,Skilled Manual,1,1
7288,40000,2,0,Bachellors,Professional,1,1
7289,70000,0,0,Bachellors,Professional,0,1
7290,80000,5,5,Bachellors,Professional,1,4
7291,70000,0,0,Bachellors,Professional,0,1
7292,70000,0,0,Bachellors,Professional,0,1
7293,70000,0,0,Bachellors,Professional,0,1
7294,90000,1,0,Bachellors,Professional,1,1
7295,90000,1,0,Bachellors,Professional,1,1
7296,90000,2,0,Bachellors,Professional,1,1
7297,70000,0,0,Bachellors,Professional,0,1
7298,70000,0,0,Bachellors,Professional,0,2
7299,70000,5,4,Bachellors,Professional,1,2
7300,70000,5,4,Partial College,Skilled Manual,1,2
7301,60000,1,0,Partial College,Skilled Manual,1,1
7302,90000,2,0,Bachellors,Management,0,1
7303,90000,2,0,Bachellors,Management,0,1
7304,90000,2,0,Bachellors,Management,0,1
7305,70000,1,0,Partial College,Skilled Manual,1,1
7306,40000,2,0,Bachellors,Management,1,1
7307,70000,5,4,Partial College,Skilled Manual,0,3
7308,70000,1,0,Partial College,Skilled Manual,1,1
7309,70000,1,0,Partial College,Skilled Manual,1,1
7310,70000,1,0,Partial College,Skilled Manual,1,1
7311,10000,2,1,High School,Skilled Manual,1,2
7312,40000,0,0,High School,Skilled Manual,1,1
7313,40000,0,0,High School,Skilled Manual,0,2
7314,30000,0,0,High School,Skilled Manual,0,2
7315,30000,0,0,High School,Skilled Manual,0,2
7316,30000,0,0,High School,Skilled Manual,1,2
7317,30000,0,0,High School,Skilled Manual,0,2
7318,30000,0,0,High School,Skilled Manual,1,2
7319,40000,0,0,High School,Skilled Manual,1,2
7320,30000,2,0,Partial College,Clerical,1,2
7321,30000,0,0,Partial High School,Clerical,0,2
7322,30000,0,0,Partial High School,Clerical,0,2
7323,30000,0,0,Partial High School,Clerical,0,2
7324,40000,0,0,High School,Skilled Manual,1,2
7325,40000,0,0,High School,Skilled Manual,0,2
7326,40000,2,0,Bachellors,Management,1,2
7327,40000,2,0,Bachellors,Management,0,2
7328,30000,0,0,Partial High School,Clerical,1,2
7329,40000,0,0,High School,Skilled Manual,1,2
7330,30000,0,0,Partial High School,Clerical,0,2
7331,60000,2,0,Graduate Degree,Management,1,1
7332,30000,2,0,Partial College,Clerical,0,2
7333,30000,2,0,Partial College,Clerical,0,2
7334,30000,2,0,Partial College,Clerical,1,2
7335,30000,2,0,Partial College,Clerical,0,2
7336,40000,2,0,Bachellors,Management,1,2
7337,40000,2,0,Bachellors,Management,1,2
7338,50000,2,0,Graduate Degree,Management,1,1
7339,50000,2,0,Graduate Degree,Management,1,1
7340,40000,0,0,Partial College,Skilled Manual,1,1
7341,40000,0,0,Partial College,Skilled Manual,1,1
7342,40000,0,0,Partial College,Skilled Manual,0,1
7343,40000,0,0,Partial College,Skilled Manual,1,1
7344,40000,0,0,Partial College,Skilled Manual,0,1
7345,60000,0,0,Partial College,Skilled Manual,1,1
7346,40000,0,0,High School,Skilled Manual,1,2
7347,30000,0,0,Partial College,Skilled Manual,0,1
7348,30000,0,0,Partial College,Skilled Manual,0,1
7349,30000,0,0,Partial College,Skilled Manual,0,1
7350,30000,0,0,Partial College,Skilled Manual,1,1
7351,60000,0,0,Partial College,Skilled Manual,1,1
7352,70000,0,0,Partial College,Skilled Manual,1,2
7353,80000,0,0,Bachellors,Management,1,1
7354,80000,0,0,Bachellors,Management,1,1
7355,170000,0,0,Graduate Degree,Management,1,0
7356,90000,4,4,Bachellors,Management,1,1
7357,90000,4,4,Partial College,Skilled Manual,1,2
7358,100000,2,0,Bachellors,Management,1,3
7359,30000,0,0,Partial College,Skilled Manual,0,1
7360,60000,0,0,Partial College,Skilled Manual,0,1
7361,60000,0,0,Partial College,Skilled Manual,1,1
7362,60000,0,0,Partial College,Skilled Manual,0,2
7363,40000,0,0,High School,Skilled Manual,0,2
7364,40000,0,0,High School,Skilled Manual,1,2
7365,40000,0,0,Partial College,Skilled Manual,0,1
7366,40000,0,0,Partial College,Skilled Manual,1,1
7367,60000,0,0,Partial College,Skilled Manual,0,2
7368,10000,2,1,Partial High School,Clerical,1,2
7369,60000,1,1,Graduate Degree,Skilled Manual,1,0
7370,60000,1,1,Graduate Degree,Skilled Manual,1,0
7371,60000,1,1,Graduate Degree,Skilled Manual,1,0
7372,60000,1,1,Graduate Degree,Skilled Manual,1,0
7373,50000,1,1,Graduate Degree,Skilled Manual,1,0
7374,50000,1,1,Bachellors,Skilled Manual,1,0
7375,100000,5,2,Partial College,Professional,1,0
7376,150000,2,0,Bachellors,Management,1,4
7377,70000,3,2,Partial College,Professional,1,0
7378,70000,3,2,Partial College,Professional,1,1
7379,80000,3,0,Partial College,Professional,0,2
7380,80000,3,0,Partial College,Professional,0,2
7381,80000,2,1,Partial College,Professional,1,1
7382,90000,2,1,Partial College,Professional,1,1
7383,80000,4,3,Partial College,Professional,1,2
7384,90000,0,0,Partial College,Professional,1,1
7385,90000,0,0,Partial College,Professional,0,1
7386,110000,4,2,Bachellors,Management,1,4
7387,120000,4,3,Partial College,Professional,1,3
7388,130000,3,2,Bachellors,Management,1,4
7389,150000,3,1,Bachellors,Management,1,2
7390,80000,5,4,Partial College,Professional,0,2
7391,80000,5,4,Partial College,Professional,1,2
7392,80000,5,4,Partial College,Professional,1,2
7393,80000,5,4,Partial College,Professional,0,2
7394,100000,1,2,Partial College,Professional,1,3
7395,100000,1,2,Partial College,Professional,1,3
7396,100000,1,2,Partial College,Professional,1,4
7397,100000,1,2,Partial College,Professional,1,4
7398,100000,3,2,Partial College,Professional,1,4
7399,110000,1,3,Bachellors,Management,1,3
7400,120000,1,3,Partial College,Professional,1,4
7401,120000,1,3,High School,Professional,1,4
7402,70000,5,4,Partial College,Professional,1,3
7403,80000,5,4,Partial College,Professional,1,3
7404,80000,5,4,Partial College,Professional,1,3
7405,80000,5,4,Partial College,Professional,1,3
7406,110000,1,3,Bachellors,Management,1,3
7407,130000,1,3,Bachellors,Management,0,2
7408,60000,2,0,High School,Professional,0,2
7409,60000,2,0,High School,Professional,1,2
7410,60000,2,0,High School,Professional,0,2
7411,60000,2,0,High School,Professional,0,2
7412,60000,2,0,High School,Professional,0,2
7413,70000,4,3,High School,Professional,1,0
7414,80000,3,2,Partial College,Professional,1,1
7415,40000,3,0,Partial College,Professional,0,2
7416,70000,4,0,Graduate Degree,Management,1,2
7417,100000,3,2,Partial College,Professional,1,4
7418,110000,5,3,Partial College,Professional,1,4
7419,110000,3,3,Partial College,Professional,1,4
7420,120000,1,3,High School,Professional,1,4
7421,160000,1,3,Partial College,Professional,0,3
7422,170000,1,0,Graduate Degree,Management,1,4
7423,170000,1,1,Bachellors,Management,0,3
7424,80000,2,0,Partial High School,Skilled Manual,0,2
7425,60000,2,0,High School,Professional,1,2
7426,60000,2,0,High School,Professional,0,2
7427,70000,3,0,Graduate Degree,Management,1,2
7428,70000,3,0,Graduate Degree,Management,1,2
7429,70000,3,0,Graduate Degree,Management,1,2
7430,70000,3,0,Graduate Degree,Management,1,2
7431,40000,3,0,Partial College,Professional,0,2
7432,40000,3,0,Partial College,Professional,0,2
7433,70000,5,0,Graduate Degree,Management,1,2
7434,70000,5,0,Graduate Degree,Management,0,2
7435,80000,4,0,Graduate Degree,Management,1,2
7436,70000,5,0,Graduate Degree,Management,1,2
7437,80000,4,0,Graduate Degree,Management,0,2
7438,70000,5,0,Graduate Degree,Management,1,2
7439,60000,3,0,Graduate Degree,Management,1,2
7440,60000,3,0,Graduate Degree,Management,1,2
7441,60000,3,0,Graduate Degree,Management,1,2
7442,70000,5,0,Graduate Degree,Management,1,2
7443,70000,5,0,Graduate Degree,Management,1,2
7444,10000,2,1,Partial High School,Clerical,1,2
7445,20000,4,0,High School,Skilled Manual,1,2
7446,20000,4,0,High School,Skilled Manual,1,2
7447,20000,4,0,High School,Skilled Manual,0,2
7448,10000,2,1,Partial High School,Clerical,1,2
7449,60000,0,0,Partial College,Skilled Manual,1,2
7450,40000,0,0,Partial High School,Clerical,0,2
7451,10000,2,1,Partial High School,Clerical,1,2
7452,20000,2,1,Partial High School,Clerical,1,2
7453,30000,3,0,Partial College,Clerical,0,2
7454,40000,0,0,Partial College,Skilled Manual,1,1
7455,60000,0,0,Partial College,Skilled Manual,1,2
7456,60000,0,0,Partial College,Skilled Manual,0,2
7457,60000,0,0,Partial College,Skilled Manual,0,2
7458,30000,3,0,Partial College,Clerical,0,2
7459,30000,3,0,Partial College,Clerical,1,2
7460,30000,0,0,Partial College,Skilled Manual,0,2
7461,70000,0,0,Partial College,Skilled Manual,0,2
7462,30000,3,0,High School,Skilled Manual,0,2
7463,30000,3,0,High School,Skilled Manual,1,2
7464,30000,3,0,High School,Skilled Manual,1,2
7465,30000,3,0,High School,Skilled Manual,1,2
7466,30000,3,0,High School,Skilled Manual,1,2
7467,40000,2,0,Partial College,Skilled Manual,1,2
7468,40000,3,0,Partial College,Skilled Manual,1,2
7469,40000,3,0,Partial College,Skilled Manual,1,2
7470,80000,2,0,Partial College,Skilled Manual,0,2
7471,80000,2,0,Partial College,Skilled Manual,0,2
7472,30000,0,0,Partial College,Skilled Manual,0,2
7473,30000,0,0,High School,Skilled Manual,1,2
7474,60000,0,0,Partial College,Skilled Manual,1,2
7475,60000,0,0,Partial College,Skilled Manual,1,2
7476,30000,0,0,High School,Skilled Manual,0,2
7477,30000,0,0,High School,Skilled Manual,0,2
7478,60000,0,0,Partial College,Skilled Manual,0,2
7479,70000,0,0,Partial College,Professional,1,2
7480,70000,0,0,Partial College,Professional,1,2
7481,70000,0,0,Partial College,Professional,1,2
7482,70000,0,0,Partial College,Professional,1,2
7483,80000,2,0,High School,Skilled Manual,0,2
7484,80000,2,0,High School,Skilled Manual,0,2
7485,80000,2,0,High School,Skilled Manual,0,2
7486,80000,2,0,High School,Skilled Manual,1,2
7487,70000,2,0,High School,Skilled Manual,1,2
7488,70000,2,0,High School,Skilled Manual,0,2
7489,70000,2,0,High School,Skilled Manual,1,2
7490,70000,2,0,High School,Skilled Manual,1,2
7491,70000,2,0,High School,Professional,0,2
7492,70000,2,0,High School,Professional,1,2
7493,100000,1,1,Bachellors,Management,1,2
7494,100000,1,1,Bachellors,Management,1,3
7495,110000,5,1,Bachellors,Management,1,4
7496,120000,5,1,Bachellors,Management,1,4
7497,130000,0,0,Graduate Degree,Management,1,3
7498,80000,0,0,Bachellors,Management,0,1
7499,80000,0,0,Bachellors,Management,1,1
7500,60000,0,0,Partial College,Professional,1,2
7501,60000,0,0,Partial College,Professional,1,2
7502,60000,0,0,Partial College,Professional,0,2
7503,60000,0,0,High School,Professional,1,2
7504,150000,0,0,Bachellors,Management,0,1
7505,70000,2,0,Partial High School,Skilled Manual,0,2
7506,60000,2,0,High School,Professional,0,2
7507,60000,2,0,High School,Professional,0,2
7508,60000,2,0,High School,Professional,0,2
7509,70000,3,2,Partial College,Professional,1,0
7510,60000,2,0,High School,Professional,0,2
7511,60000,2,0,High School,Professional,1,2
7512,70000,3,0,Partial College,Professional,1,2
7513,70000,3,0,Partial College,Professional,0,2
7514,70000,3,0,Partial College,Professional,0,2
7515,70000,3,0,Partial College,Professional,1,2
7516,70000,3,0,Partial College,Professional,0,2
7517,70000,3,0,Graduate Degree,Management,1,2
7518,100000,3,1,Bachellors,Management,1,4
7519,100000,4,1,Bachellors,Management,1,4
7520,100000,4,1,Partial College,Professional,1,4
7521,110000,2,2,Bachellors,Management,1,3
7522,110000,2,2,Bachellors,Management,1,4
7523,130000,1,1,Graduate Degree,Management,1,4
7524,80000,4,3,Bachellors,Management,1,0
7525,80000,4,3,Bachellors,Management,1,0
7526,60000,3,2,Graduate Degree,Professional,1,0
7527,70000,1,0,Bachellors,Professional,0,1
7528,70000,1,0,Partial College,Skilled Manual,1,1
7529,70000,1,0,Partial College,Skilled Manual,1,1
7530,40000,4,3,High School,Skilled Manual,1,3
7531,60000,3,0,Graduate Degree,Management,1,2
7532,60000,3,0,Graduate Degree,Management,1,2
7533,70000,5,0,Bachellors,Management,1,2
7534,70000,5,0,Bachellors,Management,1,2
7535,60000,3,0,Graduate Degree,Management,1,2
7536,60000,4,0,Graduate Degree,Management,1,2
7537,60000,4,0,Graduate Degree,Management,1,2
7538,70000,5,0,Bachellors,Management,1,2
7539,70000,5,0,Bachellors,Management,1,2
7540,70000,5,0,Bachellors,Management,1,2
7541,70000,5,0,Bachellors,Management,1,2
7542,80000,5,0,Bachellors,Management,1,2
7543,90000,5,0,Bachellors,Management,1,2
7544,40000,4,0,High School,Professional,0,2
7545,40000,4,0,High School,Professional,0,2
7546,40000,4,0,High School,Professional,0,2
7547,60000,1,0,Graduate Degree,Skilled Manual,1,0
7548,70000,2,0,Graduate Degree,Professional,1,0
7549,50000,1,1,Bachellors,Skilled Manual,1,0
7550,50000,1,1,Bachellors,Skilled Manual,1,0
7551,50000,1,1,Bachellors,Skilled Manual,1,1
7552,50000,1,1,Bachellors,Skilled Manual,1,1
7553,50000,1,1,Bachellors,Skilled Manual,1,1
7554,50000,1,1,Bachellors,Skilled Manual,1,1
7555,60000,1,0,Graduate Degree,Professional,1,0
7556,60000,1,0,Graduate Degree,Professional,1,0
7557,50000,2,2,Bachellors,Skilled Manual,1,0
7558,60000,1,0,Graduate Degree,Professional,1,0
7559,60000,1,0,Graduate Degree,Professional,1,0
7560,60000,1,0,Graduate Degree,Professional,1,0
7561,70000,2,0,Graduate Degree,Professional,1,0
7562,70000,2,0,Graduate Degree,Professional,1,0
7563,60000,1,0,Graduate Degree,Professional,1,0
7564,60000,1,0,Graduate Degree,Professional,1,0
7565,40000,0,0,Bachellors,Professional,0,1
7566,60000,2,0,Graduate Degree,Professional,1,0
7567,70000,4,0,Graduate Degree,Professional,1,0
7568,50000,2,2,Bachellors,Skilled Manual,1,1
7569,50000,2,2,Bachellors,Skilled Manual,1,1
7570,60000,0,0,Graduate Degree,Professional,1,0
7571,60000,0,0,Graduate Degree,Professional,1,0
7572,60000,0,0,Graduate Degree,Professional,1,0
7573,60000,0,0,Graduate Degree,Professional,1,0
7574,60000,0,0,Graduate Degree,Professional,1,0
7575,60000,0,0,Graduate Degree,Professional,1,0
7576,60000,0,0,Graduate Degree,Professional,1,0
7577,60000,0,0,Graduate Degree,Professional,1,0
7578,60000,0,0,Graduate Degree,Professional,1,0
7579,70000,0,0,Graduate Degree,Professional,1,0
7580,70000,4,0,Graduate Degree,Professional,1,0
7581,60000,2,0,Graduate Degree,Professional,1,0
7582,70000,5,0,Graduate Degree,Professional,1,0
7583,70000,5,0,Graduate Degree,Professional,1,0
7584,70000,5,5,Graduate Degree,Professional,1,2
7585,70000,5,5,Graduate Degree,Professional,0,2
7586,70000,5,5,Graduate Degree,Professional,1,2
7587,80000,2,0,Graduate Degree,Professional,1,0
7588,40000,0,0,Bachellors,Professional,0,1
7589,40000,0,0,Bachellors,Professional,0,1
7590,40000,0,0,Bachellors,Professional,0,1
7591,80000,3,3,Bachellors,Skilled Manual,1,1
7592,80000,3,3,Bachellors,Skilled Manual,1,1
7593,80000,3,3,Bachellors,Skilled Manual,1,2
7594,80000,3,3,Bachellors,Skilled Manual,0,2
7595,80000,3,3,Bachellors,Skilled Manual,1,3
7596,80000,3,3,Bachellors,Skilled Manual,1,3
7597,60000,0,0,Graduate Degree,Professional,0,1
7598,60000,0,0,Graduate Degree,Professional,0,1
7599,40000,0,0,Bachellors,Professional,0,1
7600,40000,0,0,Bachellors,Professional,0,1
7601,60000,4,4,Bachellors,Skilled Manual,1,2
7602,60000,5,5,Bachellors,Skilled Manual,1,2
7603,60000,5,5,Bachellors,Skilled Manual,1,3
7604,60000,5,5,Bachellors,Skilled Manual,0,3
7605,60000,5,5,Bachellors,Skilled Manual,1,4
7606,60000,4,2,Bachellors,Skilled Manual,1,2
7607,60000,4,2,Bachellors,Skilled Manual,1,2
7608,60000,4,2,Bachellors,Skilled Manual,1,2
7609,60000,4,2,Bachellors,Skilled Manual,1,2
7610,60000,4,2,Bachellors,Skilled Manual,1,2
7611,70000,4,2,Bachellors,Professional,0,2
7612,70000,4,2,Bachellors,Professional,1,2
7613,70000,0,0,Bachellors,Professional,0,1
7614,70000,0,0,Bachellors,Professional,0,1
7615,70000,0,0,Bachellors,Professional,0,1
7616,70000,4,2,Bachellors,Professional,0,2
7617,60000,3,2,Graduate Degree,Professional,1,0
7618,60000,3,2,Graduate Degree,Professional,0,0
7619,10000,0,0,Partial High School,Manual,0,2
7620,40000,1,1,Bachellors,Skilled Manual,1,1
7621,40000,0,0,Graduate Degree,Skilled Manual,0,0
7622,40000,0,0,Graduate Degree,Skilled Manual,0,0
7623,20000,0,0,Partial High School,Manual,0,2
7624,20000,0,0,Partial High School,Manual,0,2
7625,30000,0,0,High School,Manual,1,1
7626,30000,0,0,High School,Manual,0,1
7627,40000,2,2,Partial College,Clerical,1,0
7628,40000,2,2,Partial College,Clerical,1,0
7629,10000,0,0,Partial High School,Manual,0,2
7630,20000,0,0,Partial High School,Manual,1,2
7631,20000,0,0,Partial High School,Manual,1,2
7632,20000,0,0,Partial High School,Manual,0,2
7633,20000,0,0,Partial High School,Manual,0,2
7634,30000,0,0,High School,Manual,0,1
7635,30000,0,0,High School,Manual,0,1
7636,40000,2,2,Partial College,Clerical,1,1
7637,40000,2,2,Partial College,Clerical,1,1
7638,40000,3,3,Partial College,Clerical,1,0
7639,40000,3,3,Partial College,Clerical,1,1
7640,40000,3,3,Partial College,Clerical,1,2
7641,30000,0,0,Graduate Degree,Skilled Manual,1,0
7642,40000,3,3,Partial College,Clerical,1,2
7643,40000,4,4,Partial College,Clerical,1,1
7644,110000,4,0,Graduate Degree,Professional,1,0
7645,60000,0,0,Graduate Degree,Skilled Manual,0,0
7646,60000,0,0,Graduate Degree,Skilled Manual,1,0
7647,60000,0,0,Graduate Degree,Skilled Manual,1,0
7648,20000,2,0,High School,Manual,1,2
7649,30000,1,0,High School,Clerical,1,1
7650,30000,1,0,High School,Clerical,1,2
7651,30000,1,0,High School,Clerical,1,2
7652,30000,1,0,High School,Clerical,0,2
7653,30000,2,0,High School,Clerical,0,2
7654,30000,2,0,High School,Clerical,0,2
7655,40000,1,0,Partial College,Clerical,1,1
7656,40000,1,0,Partial College,Clerical,1,1
7657,30000,2,0,High School,Skilled Manual,1,2
7658,30000,2,0,High School,Skilled Manual,0,2
7659,30000,2,0,High School,Skilled Manual,1,2
7660,40000,1,0,Partial College,Clerical,1,1
7661,40000,1,0,Partial College,Clerical,1,1
7662,30000,2,0,High School,Skilled Manual,0,2
7663,30000,2,0,High School,Skilled Manual,1,2
7664,30000,2,0,High School,Skilled Manual,0,2
7665,30000,2,0,High School,Skilled Manual,1,2
7666,30000,2,0,High School,Skilled Manual,0,2
7667,30000,2,0,High School,Skilled Manual,1,2
7668,30000,2,0,High School,Skilled Manual,1,2
7669,30000,2,0,High School,Skilled Manual,0,2
7670,40000,2,0,Partial College,Clerical,1,1
7671,40000,2,0,Partial College,Clerical,1,1
7672,80000,5,0,Graduate Degree,Skilled Manual,1,0
7673,80000,5,0,Graduate Degree,Skilled Manual,1,0
7674,80000,4,0,Graduate Degree,Skilled Manual,0,0
7675,80000,4,0,Graduate Degree,Skilled Manual,0,0
7676,60000,4,0,Graduate Degree,Skilled Manual,1,0
7677,60000,4,0,Graduate Degree,Skilled Manual,1,0
7678,60000,4,0,Graduate Degree,Skilled Manual,1,0
7679,60000,4,0,Graduate Degree,Skilled Manual,1,0
7680,50000,0,0,Graduate Degree,Skilled Manual,1,0
7681,40000,1,0,Graduate Degree,Skilled Manual,1,0
7682,40000,1,0,Graduate Degree,Skilled Manual,1,0
7683,40000,1,0,Graduate Degree,Skilled Manual,1,0
7684,40000,1,0,Graduate Degree,Skilled Manual,1,0
7685,60000,1,0,Graduate Degree,Skilled Manual,1,0
7686,60000,1,0,Graduate Degree,Skilled Manual,0,0
7687,60000,1,0,Graduate Degree,Skilled Manual,1,0
7688,60000,1,0,Graduate Degree,Skilled Manual,1,0
7689,70000,5,4,Graduate Degree,Professional,1,0
7690,80000,5,4,Graduate Degree,Professional,1,0
7691,40000,2,0,Bachellors,Professional,1,1
7692,90000,1,0,Graduate Degree,Management,1,0
7693,90000,1,0,Graduate Degree,Management,1,0
7694,90000,1,0,Graduate Degree,Management,1,0
7695,90000,1,0,Graduate Degree,Management,1,0
7696,90000,2,0,Bachellors,Professional,1,0
7697,100000,1,0,Graduate Degree,Management,1,0
7698,60000,2,2,Bachellors,Professional,0,1
7699,60000,2,2,Bachellors,Professional,1,1
7700,60000,2,2,Bachellors,Professional,1,1
7701,60000,2,2,Bachellors,Professional,0,1
7702,60000,2,2,Bachellors,Professional,1,1
7703,60000,2,2,Bachellors,Professional,1,1
7704,60000,2,2,Bachellors,Professional,0,1
7705,70000,5,5,Bachellors,Professional,1,3
7706,70000,5,5,Bachellors,Professional,1,3
7707,110000,1,0,Graduate Degree,Management,1,1
7708,110000,1,0,Graduate Degree,Management,1,1
7709,120000,1,0,Graduate Degree,Management,1,0
7710,130000,1,0,Graduate Degree,Management,1,0
7711,130000,1,0,Graduate Degree,Management,1,0
7712,70000,5,5,Bachellors,Professional,1,4
7713,80000,5,5,Graduate Degree,Management,0,3
7714,80000,5,5,Graduate Degree,Management,0,3
7715,80000,5,5,Graduate Degree,Management,1,3
7716,60000,3,3,Bachellors,Professional,1,1
7717,70000,0,0,Bachellors,Professional,0,1
7718,70000,0,0,Bachellors,Professional,0,1
7719,70000,0,0,Bachellors,Professional,0,1
7720,60000,4,4,Bachellors,Professional,1,3
7721,60000,5,5,Bachellors,Professional,1,4
7722,60000,3,2,Bachellors,Professional,0,2
7723,60000,3,2,Bachellors,Professional,1,2
7724,60000,3,2,Bachellors,Professional,0,2
7725,80000,5,5,Bachellors,Professional,1,4
7726,90000,3,3,Bachellors,Professional,1,0
7727,60000,1,0,Bachellors,Professional,1,1
7728,60000,1,0,Partial College,Skilled Manual,1,1
7729,100000,0,0,Bachellors,Professional,0,1
7730,60000,1,0,Partial College,Skilled Manual,1,1
7731,90000,1,0,Bachellors,Professional,1,1
7732,90000,1,0,Bachellors,Professional,1,1
7733,30000,2,0,Partial College,Clerical,0,2
7734,70000,0,0,Bachellors,Professional,0,1
7735,70000,0,0,Bachellors,Professional,0,1
7736,70000,0,0,Bachellors,Professional,1,1
7737,90000,1,0,Bachellors,Professional,1,1
7738,100000,5,0,Bachellors,Professional,1,1
7739,70000,0,0,Bachellors,Professional,0,2
7740,60000,1,0,Partial College,Skilled Manual,1,1
7741,80000,5,4,Bachellors,Professional,0,1
7742,30000,2,0,Partial College,Clerical,0,2
7743,70000,5,4,Partial College,Skilled Manual,1,3
7744,70000,5,4,Partial College,Skilled Manual,0,3
7745,70000,5,4,Partial College,Skilled Manual,1,3
7746,70000,1,0,Partial College,Skilled Manual,1,1
7747,70000,1,0,Partial College,Skilled Manual,0,1
7748,70000,2,0,Partial College,Skilled Manual,0,1
7749,10000,2,1,High School,Skilled Manual,1,2
7750,30000,0,0,High School,Skilled Manual,1,2
7751,30000,0,0,High School,Skilled Manual,1,2
7752,30000,0,0,High School,Skilled Manual,1,2
7753,40000,0,0,High School,Skilled Manual,1,1
7754,40000,0,0,High School,Skilled Manual,1,1
7755,40000,0,0,High School,Skilled Manual,0,2
7756,40000,0,0,High School,Skilled Manual,1,2
7757,40000,0,0,High School,Skilled Manual,0,2
7758,40000,0,0,High School,Skilled Manual,1,2
7759,30000,0,0,Partial High School,Clerical,0,2
7760,30000,0,0,Partial High School,Clerical,0,2
7761,30000,0,0,Partial High School,Clerical,0,2
7762,30000,0,0,Partial High School,Clerical,1,2
7763,40000,0,0,High School,Skilled Manual,1,2
7764,40000,2,0,Bachellors,Management,0,2
7765,40000,0,0,High School,Skilled Manual,1,2
7766,40000,0,0,High School,Skilled Manual,0,2
7767,30000,2,0,Partial College,Clerical,0,2
7768,40000,2,0,Bachellors,Management,1,2
7769,40000,2,0,Bachellors,Management,1,2
7770,40000,2,0,Bachellors,Management,1,2
7771,40000,0,0,Partial College,Skilled Manual,1,1
7772,40000,0,0,Partial College,Skilled Manual,1,1
7773,40000,0,0,Partial College,Skilled Manual,1,1
7774,40000,0,0,Partial College,Skilled Manual,1,1
7775,60000,0,0,Partial College,Skilled Manual,0,1
7776,40000,0,0,High School,Skilled Manual,1,2
7777,30000,0,0,Partial College,Skilled Manual,1,1
7778,30000,0,0,Partial College,Skilled Manual,1,1
7779,30000,0,0,Partial College,Skilled Manual,1,1
7780,30000,0,0,Partial College,Skilled Manual,1,1
7781,60000,0,0,Partial College,Skilled Manual,1,1
7782,80000,0,0,Bachellors,Management,0,1
7783,80000,0,0,Bachellors,Management,1,1
7784,80000,0,0,Bachellors,Management,0,1
7785,90000,4,4,Bachellors,Management,1,1
7786,110000,0,1,Graduate Degree,Management,0,2
7787,120000,0,1,Bachellors,Management,0,4
7788,80000,4,3,Bachellors,Management,1,0
7789,90000,4,4,Bachellors,Management,1,1
7790,110000,1,1,Graduate Degree,Management,0,2
7791,40000,0,0,High School,Skilled Manual,1,2
7792,40000,0,0,High School,Skilled Manual,1,2
7793,40000,0,0,High School,Skilled Manual,1,2
7794,20000,4,0,High School,Skilled Manual,0,2
7795,60000,0,0,Partial College,Skilled Manual,1,1
7796,40000,0,0,Partial High School,Clerical,0,2
7797,10000,2,1,High School,Skilled Manual,1,2
7798,40000,0,0,Partial College,Skilled Manual,0,1
7799,60000,0,0,Partial College,Skilled Manual,1,2
7800,60000,1,0,Graduate Degree,Skilled Manual,1,0
7801,60000,1,1,Graduate Degree,Skilled Manual,1,0
7802,60000,1,1,Graduate Degree,Skilled Manual,1,0
7803,60000,1,1,Graduate Degree,Skilled Manual,1,0
7804,60000,1,1,Graduate Degree,Skilled Manual,1,0
7805,60000,1,1,Graduate Degree,Skilled Manual,1,0
7806,50000,1,1,Bachellors,Skilled Manual,1,0
7807,50000,1,1,Bachellors,Skilled Manual,1,0
7808,130000,2,2,Graduate Degree,Management,0,2
7809,70000,3,2,Partial College,Professional,1,1
7810,80000,2,1,Partial College,Professional,1,1
7811,60000,2,0,Graduate Degree,Management,1,2
7812,80000,4,3,Partial College,Professional,1,2
7813,80000,4,3,Partial College,Professional,1,2
7814,90000,0,0,Partial College,Professional,1,1
7815,90000,0,0,Partial College,Professional,0,1
7816,90000,0,0,Partial College,Professional,0,1
7817,90000,0,0,Partial College,Professional,1,1
7818,90000,0,0,Partial College,Professional,0,2
7819,130000,3,2,Bachellors,Management,1,3
7820,150000,3,1,Bachellors,Management,1,2
7821,160000,1,1,Bachellors,Management,1,4
7822,80000,5,4,Partial College,Professional,1,2
7823,90000,5,4,Partial College,Professional,1,3
7824,110000,1,3,Bachellors,Management,0,1
7825,120000,1,3,High School,Professional,1,4
7826,130000,1,2,Bachellors,Management,1,4
7827,70000,5,4,Partial College,Professional,0,3
7828,80000,5,4,Partial College,Professional,1,3
7829,80000,5,4,Partial College,Professional,1,3
7830,90000,4,3,Partial College,Professional,1,0
7831,110000,1,3,Bachellors,Management,1,3
7832,110000,1,3,Bachellors,Management,1,3
7833,130000,1,3,Bachellors,Management,0,3
7834,60000,2,0,High School,Professional,0,2
7835,60000,2,0,High School,Professional,0,2
7836,60000,2,0,High School,Professional,1,2
7837,60000,2,0,High School,Professional,1,2
7838,70000,4,3,High School,Professional,1,0
7839,80000,3,2,Partial College,Professional,1,1
7840,80000,3,2,Partial College,Professional,1,1
7841,80000,3,2,Partial College,Professional,0,1
7842,40000,3,0,Partial College,Professional,0,2
7843,40000,3,0,Partial College,Professional,1,2
7844,50000,2,0,Graduate Degree,Management,0,2
7845,50000,2,0,Graduate Degree,Management,1,2
7846,60000,2,0,Graduate Degree,Management,1,2
7847,60000,2,0,Graduate Degree,Management,1,2
7848,60000,2,0,Graduate Degree,Management,1,2
7849,70000,4,0,Graduate Degree,Management,1,2
7850,100000,3,2,Partial College,Professional,1,4
7851,130000,4,3,Bachellors,Management,1,3
7852,80000,2,0,Partial High School,Skilled Manual,0,2
7853,80000,3,0,Partial High School,Skilled Manual,1,2
7854,80000,3,0,Partial High School,Skilled Manual,1,2
7855,60000,2,0,Partial High School,Skilled Manual,0,2
7856,60000,2,0,Partial High School,Skilled Manual,1,2
7857,60000,2,0,Partial High School,Skilled Manual,0,2
7858,60000,2,0,Partial High School,Skilled Manual,1,2
7859,60000,2,0,Partial High School,Skilled Manual,1,2
7860,60000,2,0,Partial High School,Skilled Manual,1,2
7861,70000,3,1,High School,Professional,0,0
7862,70000,3,1,High School,Professional,1,0
7863,70000,3,1,High School,Professional,1,0
7864,70000,3,1,High School,Professional,1,0
7865,70000,3,1,High School,Professional,0,0
7866,60000,3,0,Graduate Degree,Management,1,2
7867,60000,3,0,Graduate Degree,Management,0,2
7868,40000,3,0,Partial College,Professional,0,2
7869,40000,3,0,Partial College,Professional,1,2
7870,40000,3,0,Partial College,Professional,0,2
7871,40000,3,0,Partial College,Professional,0,2
7872,60000,3,0,Graduate Degree,Management,1,2
7873,60000,3,0,Graduate Degree,Management,1,2
7874,60000,3,0,Graduate Degree,Management,1,2
7875,60000,3,0,Graduate Degree,Management,1,2
7876,60000,3,0,Graduate Degree,Management,1,2
7877,70000,5,0,Graduate Degree,Management,1,2
7878,80000,4,0,Graduate Degree,Management,1,2
7879,80000,4,0,Bachellors,Management,1,2
7880,50000,4,0,Bachellors,Management,1,2
7881,60000,3,0,Graduate Degree,Management,0,2
7882,70000,5,0,Graduate Degree,Management,1,2
7883,70000,5,0,Graduate Degree,Management,0,2
7884,40000,0,0,Partial High School,Clerical,0,2
7885,40000,0,0,Partial High School,Clerical,1,2
7886,20000,4,0,High School,Skilled Manual,1,2
7887,40000,0,0,Partial High School,Clerical,0,2
7888,40000,0,0,Partial High School,Clerical,1,2
7889,40000,0,0,Partial College,Skilled Manual,1,1
7890,40000,0,0,Partial College,Skilled Manual,0,1
7891,40000,0,0,Partial College,Skilled Manual,1,2
7892,40000,0,0,Partial College,Skilled Manual,1,2
7893,60000,0,0,Partial College,Skilled Manual,1,2
7894,60000,0,0,Partial College,Skilled Manual,0,2
7895,70000,0,0,Partial College,Skilled Manual,1,2
7896,10000,2,1,Partial High School,Clerical,1,2
7897,20000,2,1,Partial High School,Clerical,0,2
7898,20000,2,1,Partial High School,Clerical,1,2
7899,20000,2,1,Partial High School,Clerical,1,2
7900,30000,3,0,Partial College,Clerical,0,2
7901,30000,3,0,Partial College,Clerical,0,2
7902,20000,2,1,Partial High School,Clerical,1,2
7903,30000,3,0,High School,Skilled Manual,0,2
7904,30000,3,0,High School,Skilled Manual,1,2
7905,30000,0,0,Partial College,Skilled Manual,0,2
7906,70000,0,0,Partial College,Skilled Manual,0,2
7907,30000,3,0,High School,Skilled Manual,1,2
7908,30000,3,0,High School,Skilled Manual,1,2
7909,80000,2,0,Partial College,Skilled Manual,0,2
7910,80000,2,0,Partial College,Skilled Manual,1,2
7911,30000,0,0,Partial College,Skilled Manual,1,2
7912,30000,0,0,High School,Skilled Manual,0,2
7913,40000,0,0,High School,Skilled Manual,1,2
7914,40000,0,0,High School,Skilled Manual,1,2
7915,40000,0,0,High School,Skilled Manual,0,2
7916,40000,0,0,High School,Skilled Manual,1,2
7917,30000,0,0,High School,Skilled Manual,0,2
7918,30000,0,0,High School,Skilled Manual,0,2
7919,60000,0,0,Partial College,Skilled Manual,1,2
7920,60000,0,0,Partial College,Skilled Manual,0,2
7921,60000,0,0,Partial College,Skilled Manual,0,2
7922,60000,0,0,Partial College,Skilled Manual,0,2
7923,70000,0,0,Partial College,Professional,0,2
7924,70000,0,0,Partial College,Professional,0,2
7925,70000,0,0,Partial College,Professional,1,2
7926,60000,0,0,Partial College,Professional,0,2
7927,60000,0,0,Partial College,Professional,0,2
7928,60000,0,0,Partial College,Professional,0,2
7929,80000,2,0,High School,Skilled Manual,1,2
7930,80000,2,0,High School,Skilled Manual,1,2
7931,80000,2,0,High School,Skilled Manual,0,2
7932,70000,2,0,High School,Skilled Manual,1,2
7933,100000,1,1,Bachellors,Management,1,3
7934,30000,0,0,Partial High School,Skilled Manual,1,2
7935,60000,0,0,Partial College,Professional,1,2
7936,130000,0,1,Graduate Degree,Management,1,3
7937,160000,0,0,Graduate Degree,Management,0,3
7938,70000,2,0,Partial High School,Skilled Manual,1,2
7939,70000,2,0,Partial High School,Skilled Manual,1,2
7940,70000,2,0,Partial High School,Skilled Manual,1,2
7941,70000,2,0,Partial High School,Skilled Manual,1,2
7942,70000,3,2,Partial College,Professional,0,0
7943,70000,3,2,Partial College,Professional,1,0
7944,70000,3,2,Partial College,Professional,1,0
7945,60000,2,0,High School,Professional,1,2
7946,60000,2,0,High School,Professional,0,2
7947,60000,2,0,High School,Professional,0,2
7948,70000,3,0,Partial College,Professional,1,2
7949,70000,3,0,Partial College,Professional,0,2
7950,70000,3,0,Graduate Degree,Management,1,2
7951,90000,4,4,Partial College,Professional,1,3
7952,90000,4,4,Partial College,Professional,1,3
7953,100000,4,1,Bachellors,Management,1,4
7954,110000,2,2,Bachellors,Management,1,3
7955,120000,3,2,Bachellors,Management,0,4
7956,40000,3,2,High School,Skilled Manual,1,2
7957,70000,1,0,Bachellors,Professional,0,1
7958,70000,1,0,Bachellors,Professional,1,1
7959,70000,1,0,Bachellors,Professional,1,1
7960,70000,1,0,Bachellors,Professional,0,1
7961,70000,1,0,Bachellors,Professional,0,1
7962,70000,1,0,Bachellors,Professional,1,1
7963,70000,1,0,Partial College,Skilled Manual,1,1
7964,70000,1,0,Partial College,Skilled Manual,1,1
7965,40000,4,3,High School,Skilled Manual,1,2
7966,40000,4,3,High School,Skilled Manual,1,3
7967,50000,4,0,Bachellors,Management,1,2
7968,60000,3,0,Graduate Degree,Management,1,2
7969,60000,3,0,Graduate Degree,Management,1,2
7970,60000,3,0,Graduate Degree,Management,1,2
7971,60000,3,0,Graduate Degree,Management,1,2
7972,70000,5,0,Bachellors,Management,1,2
7973,70000,5,0,Bachellors,Management,1,2
7974,70000,5,0,Bachellors,Management,1,2
7975,80000,5,0,Bachellors,Management,1,2
7976,30000,5,0,Partial High School,Clerical,0,2
7977,40000,4,0,High School,Professional,1,2
7978,40000,4,0,High School,Professional,0,2
7979,40000,4,0,High School,Professional,0,2
7980,40000,4,0,High School,Professional,0,2
7981,40000,4,0,High School,Professional,0,2
7982,70000,4,0,Bachellors,Management,1,2
7983,40000,4,0,High School,Professional,1,2
7984,40000,5,0,High School,Professional,0,2
7985,70000,4,0,Bachellors,Management,1,2
7986,70000,4,0,Bachellors,Management,1,2
7987,70000,4,0,Bachellors,Management,1,2
7988,70000,5,0,Bachellors,Management,1,2
7989,70000,5,0,Bachellors,Management,0,2
7990,70000,5,0,Bachellors,Management,1,2
7991,70000,5,0,Bachellors,Management,1,4
7992,70000,5,0,Bachellors,Management,1,4
7993,60000,4,0,Bachellors,Management,1,2
7994,60000,4,0,Bachellors,Management,1,2
7995,70000,2,1,Partial College,Professional,1,1
7996,70000,2,1,Partial College,Professional,1,1
7997,70000,2,1,Partial College,Professional,1,1
7998,70000,2,1,Partial College,Professional,1,1
7999,60000,5,0,Bachellors,Management,1,3
8000,60000,5,0,Bachellors,Management,0,3
8001,40000,2,1,High School,Professional,1,2
8002,40000,2,1,High School,Professional,0,2
8003,60000,2,1,Partial College,Professional,1,1
8004,60000,2,1,Bachellors,Management,0,0
8005,60000,2,1,Bachellors,Management,1,0
8006,60000,2,1,Partial College,Professional,1,2
8007,60000,2,1,Partial College,Professional,1,2
8008,60000,2,1,Partial College,Professional,1,2
8009,60000,2,1,High School,Professional,0,2
8010,60000,2,1,Partial College,Professional,1,1
8011,60000,2,1,Partial College,Professional,1,1
8012,70000,4,2,Partial College,Professional,1,1
8013,80000,3,1,Bachellors,Management,1,1
8014,80000,3,1,Bachellors,Management,1,2
8015,60000,2,1,High School,Professional,1,2
8016,60000,2,1,High School,Professional,1,2
8017,60000,2,1,Partial College,Professional,1,2
8018,60000,2,1,Partial College,Professional,1,2
8019,60000,2,1,Partial College,Professional,1,2
8020,70000,4,2,Partial College,Professional,1,1
8021,70000,2,1,Partial High School,Skilled Manual,1,2
8022,70000,2,1,Partial High School,Skilled Manual,0,2
8023,70000,2,1,Partial High School,Skilled Manual,1,2
8024,70000,2,1,Partial High School,Skilled Manual,1,3
8025,70000,2,1,Partial High School,Skilled Manual,1,3
8026,60000,2,1,Partial College,Professional,1,2
8027,60000,2,1,High School,Professional,1,2
8028,100000,2,3,Partial College,Professional,1,4
8029,110000,2,4,Partial College,Professional,1,3
8030,120000,2,4,High School,Professional,1,4
8031,130000,2,4,Partial College,Professional,0,2
8032,150000,2,4,High School,Professional,1,2
8033,150000,2,4,High School,Professional,0,2
8034,110000,2,4,Partial College,Professional,1,4
8035,120000,3,4,High School,Professional,1,4
8036,120000,3,4,High School,Professional,1,4
8037,130000,3,4,Partial College,Professional,1,3
8038,160000,3,4,High School,Professional,1,3
8039,80000,3,2,Partial College,Professional,1,1
8040,80000,5,0,Bachellors,Management,0,2
8041,110000,3,4,Bachellors,Management,1,4
8042,70000,5,1,High School,Professional,1,2
8043,80000,5,0,Partial College,Professional,0,2
8044,100000,2,3,Graduate Degree,Management,0,4
8045,130000,4,4,Bachellors,Management,1,4
8046,90000,5,0,Partial College,Professional,1,2
8047,110000,3,4,Bachellors,Management,1,4
8048,130000,4,4,Partial College,Professional,1,4
8049,130000,4,4,Partial College,Professional,0,4
8050,170000,4,4,Bachellors,Management,1,4
8051,90000,3,2,Partial College,Professional,0,1
8052,90000,4,2,High School,Professional,1,1
8053,90000,4,2,High School,Professional,1,2
8054,130000,3,4,Partial College,Professional,0,4
8055,150000,3,4,High School,Professional,0,4
8056,160000,3,4,High School,Professional,1,4
8057,100000,3,4,Bachellors,Management,1,4
8058,120000,3,5,Bachellors,Management,0,2
8059,130000,4,5,Partial College,Professional,1,2
8060,130000,5,5,Partial College,Professional,1,2
8061,160000,3,4,Bachellors,Management,1,4
8062,80000,4,1,Partial College,Professional,1,2
8063,80000,4,1,Partial College,Professional,1,2
8064,80000,4,1,High School,Professional,1,2
8065,90000,4,1,High School,Professional,1,2
8066,110000,4,5,Partial College,Professional,0,2
8067,130000,4,5,Partial College,Professional,0,3
8068,90000,4,1,High School,Professional,1,3
8069,120000,4,5,Partial College,Professional,0,3
8070,90000,4,1,High School,Management,1,3
8071,130000,4,5,High School,Management,1,3
8072,130000,4,5,High School,Management,0,3
8073,150000,4,5,Partial College,Management,1,4
8074,170000,0,5,High School,Management,0,4
8075,70000,5,1,Partial High School,Skilled Manual,1,4
8076,80000,5,1,High School,Management,1,4
8077,90000,4,1,High School,Management,1,3
8078,110000,4,5,High School,Management,1,3
8079,80000,5,0,Partial High School,Skilled Manual,1,2
8080,80000,5,1,Partial High School,Skilled Manual,1,4
8081,90000,5,0,Partial High School,Skilled Manual,1,2
8082,100000,4,5,Partial High School,Professional,0,1
8083,120000,5,5,Partial High School,Professional,1,4
8084,70000,0,0,Bachellors,Professional,0,2
8085,70000,0,0,Bachellors,Professional,0,2
8086,70000,0,0,Bachellors,Professional,1,3
8087,70000,0,0,Bachellors,Professional,0,3
8088,80000,0,0,Bachellors,Professional,1,2
8089,70000,0,0,Bachellors,Professional,1,4
8090,90000,0,0,Bachellors,Professional,0,2
8091,80000,0,0,Bachellors,Professional,0,3
8092,80000,0,0,Bachellors,Professional,0,3
8093,80000,0,0,Bachellors,Professional,0,3
8094,100000,0,5,High School,Management,1,2
8095,90000,0,0,Bachellors,Professional,0,3
8096,100000,0,5,High School,Management,1,2
8097,100000,0,5,High School,Management,1,3
8098,80000,0,0,Bachellors,Professional,1,4
8099,110000,0,5,Partial College,Management,1,3
8100,120000,0,5,Partial High School,Professional,1,4
8101,100000,0,5,High School,Management,1,3
8102,90000,0,0,Bachellors,Professional,0,4
8103,100000,0,5,High School,Management,1,4
8104,150000,0,5,Partial High School,Professional,0,4
8105,100000,0,5,Partial High School,Professional,1,4
8106,150000,0,5,Bachellors,Management,1,4
8107,160000,4,5,Partial High School,Management,0,4
8108,80000,4,3,Partial College,Professional,1,2
8109,60000,1,0,Graduate Degree,Skilled Manual,1,0
8110,60000,1,0,Graduate Degree,Professional,1,0
8111,70000,1,0,Graduate Degree,Professional,1,0
8112,70000,2,0,Graduate Degree,Professional,1,0
8113,50000,1,1,Bachellors,Skilled Manual,1,0
8114,50000,1,1,Bachellors,Skilled Manual,1,0
8115,50000,1,1,Bachellors,Skilled Manual,1,1
8116,50000,1,1,Bachellors,Skilled Manual,1,1
8117,60000,1,0,Graduate Degree,Professional,1,0
8118,60000,1,0,Graduate Degree,Professional,1,0
8119,60000,1,0,Graduate Degree,Professional,1,0
8120,60000,1,0,Graduate Degree,Professional,1,0
8121,60000,1,0,Graduate Degree,Professional,1,0
8122,70000,3,0,Graduate Degree,Professional,1,0
8123,70000,3,0,Graduate Degree,Professional,1,0
8124,60000,1,0,Graduate Degree,Professional,1,0
8125,60000,1,0,Graduate Degree,Professional,1,0
8126,40000,0,0,Bachellors,Professional,0,1
8127,60000,2,0,Graduate Degree,Professional,1,0
8128,70000,4,0,Graduate Degree,Professional,1,0
8129,70000,4,0,Graduate Degree,Professional,1,0
8130,70000,4,0,Graduate Degree,Professional,1,0
8131,80000,2,0,Graduate Degree,Professional,1,0
8132,40000,0,0,Bachellors,Professional,0,1
8133,50000,2,2,Bachellors,Skilled Manual,0,1
8134,50000,2,2,Bachellors,Skilled Manual,1,1
8135,50000,2,2,Bachellors,Skilled Manual,0,1
8136,60000,0,0,Graduate Degree,Professional,1,0
8137,60000,0,0,Graduate Degree,Professional,1,0
8138,60000,0,0,Graduate Degree,Professional,1,0
8139,60000,0,0,Graduate Degree,Professional,1,0
8140,60000,0,0,Graduate Degree,Professional,1,0
8141,70000,0,0,Graduate Degree,Professional,1,0
8142,70000,4,0,Graduate Degree,Professional,1,0
8143,70000,4,0,Graduate Degree,Professional,1,0
8144,80000,3,3,Bachellors,Skilled Manual,1,2
8145,80000,3,3,Bachellors,Skilled Manual,1,3
8146,80000,3,3,Bachellors,Skilled Manual,1,3
8147,60000,0,0,Graduate Degree,Professional,0,1
8148,40000,0,0,Bachellors,Professional,0,1
8149,40000,0,0,Bachellors,Professional,0,1
8150,40000,0,0,Bachellors,Professional,0,1
8151,60000,4,4,Bachellors,Skilled Manual,1,2
8152,60000,4,4,Bachellors,Skilled Manual,1,2
8153,60000,4,4,Bachellors,Skilled Manual,1,3
8154,60000,4,4,Bachellors,Skilled Manual,1,3
8155,60000,4,4,Bachellors,Skilled Manual,1,3
8156,60000,5,5,Bachellors,Skilled Manual,1,3
8157,60000,4,2,Bachellors,Skilled Manual,0,2
8158,60000,4,2,Bachellors,Skilled Manual,0,2
8159,60000,4,2,Bachellors,Skilled Manual,0,2
8160,60000,4,2,Bachellors,Skilled Manual,1,2
8161,40000,0,0,Bachellors,Professional,0,1
8162,70000,4,2,Bachellors,Skilled Manual,0,2
8163,70000,4,2,Bachellors,Professional,1,2
8164,70000,4,2,Bachellors,Professional,1,2
8165,70000,0,0,Bachellors,Professional,0,1
8166,70000,0,0,Bachellors,Professional,0,1
8167,70000,0,0,Bachellors,Professional,0,1
8168,60000,2,2,Graduate Degree,Professional,0,0
8169,70000,0,0,Bachellors,Professional,0,1
8170,60000,3,2,Graduate Degree,Professional,0,0
8171,60000,3,2,Graduate Degree,Professional,0,0
8172,60000,3,2,Graduate Degree,Professional,1,0
8173,40000,1,1,Bachellors,Skilled Manual,1,0
8174,40000,1,1,Bachellors,Skilled Manual,1,0
8175,30000,0,0,High School,Manual,0,1
8176,10000,0,0,Partial High School,Manual,0,2
8177,20000,0,0,Partial High School,Manual,1,2
8178,40000,1,1,Bachellors,Skilled Manual,1,1
8179,20000,0,0,Partial High School,Manual,0,2
8180,20000,0,0,Partial High School,Manual,0,2
8181,20000,0,0,Partial High School,Manual,0,2
8182,30000,0,0,High School,Manual,0,1
8183,30000,0,0,High School,Manual,0,1
8184,10000,0,0,Partial High School,Manual,1,2
8185,10000,0,0,Partial High School,Manual,0,2
8186,10000,0,0,Partial High School,Manual,0,2
8187,20000,0,0,Partial High School,Manual,0,2
8188,20000,0,0,Partial High School,Manual,1,2
8189,30000,0,0,High School,Manual,0,1
8190,30000,0,0,High School,Manual,1,1
8191,30000,0,0,High School,Manual,1,1
8192,30000,0,0,High School,Manual,0,1
8193,40000,2,2,Partial College,Clerical,1,0
8194,40000,2,2,Partial College,Clerical,1,0
8195,40000,2,2,Partial College,Clerical,1,0
8196,40000,2,2,Partial College,Clerical,1,0
8197,40000,2,2,Partial College,Clerical,1,1
8198,40000,2,2,Partial College,Clerical,1,2
8199,40000,3,3,Partial College,Clerical,1,0
8200,40000,3,3,Partial College,Clerical,1,0
8201,60000,0,0,Graduate Degree,Skilled Manual,1,0
8202,60000,0,0,Graduate Degree,Skilled Manual,1,0
8203,60000,0,0,Graduate Degree,Skilled Manual,1,0
8204,20000,2,0,High School,Manual,1,2
8205,20000,2,0,High School,Manual,1,2
8206,20000,2,0,High School,Manual,0,2
8207,20000,2,0,High School,Manual,0,2
8208,20000,2,0,Partial High School,Manual,0,2
8209,30000,1,0,High School,Clerical,1,1
8210,30000,1,0,High School,Clerical,1,1
8211,30000,1,0,High School,Clerical,1,1
8212,40000,1,0,Partial College,Clerical,1,1
8213,40000,1,0,Partial College,Clerical,1,1
8214,40000,1,0,Partial College,Clerical,1,1
8215,30000,2,0,High School,Skilled Manual,1,2
8216,30000,2,0,High School,Skilled Manual,1,2
8217,30000,2,0,High School,Skilled Manual,1,2
8218,30000,2,0,High School,Skilled Manual,1,2
8219,40000,1,0,Partial College,Clerical,1,1
8220,40000,1,0,Partial College,Clerical,1,1
8221,30000,2,0,High School,Skilled Manual,0,2
8222,30000,2,0,High School,Skilled Manual,1,2
8223,30000,2,0,High School,Skilled Manual,1,2
8224,30000,2,0,High School,Skilled Manual,1,2
8225,30000,2,0,High School,Skilled Manual,1,2
8226,40000,1,0,Partial College,Clerical,1,1
8227,40000,2,0,Partial College,Clerical,1,1
8228,40000,2,0,Partial College,Clerical,1,1
8229,40000,2,0,Partial College,Clerical,1,1
8230,80000,5,0,Graduate Degree,Skilled Manual,1,0
8231,80000,5,0,Graduate Degree,Skilled Manual,1,0
8232,80000,5,0,Graduate Degree,Skilled Manual,1,0
8233,60000,4,0,Graduate Degree,Skilled Manual,1,0
8234,60000,4,0,Graduate Degree,Skilled Manual,1,0
8235,40000,4,4,High School,Skilled Manual,0,2
8236,50000,0,0,Graduate Degree,Skilled Manual,1,0
8237,50000,0,0,Graduate Degree,Skilled Manual,1,0
8238,40000,0,0,Graduate Degree,Skilled Manual,1,0
8239,40000,1,0,Graduate Degree,Skilled Manual,1,0
8240,40000,1,0,Graduate Degree,Skilled Manual,1,0
8241,40000,1,0,Graduate Degree,Skilled Manual,1,0
8242,40000,1,0,Graduate Degree,Skilled Manual,1,0
8243,40000,1,0,Graduate Degree,Skilled Manual,1,0
8244,40000,1,0,Graduate Degree,Skilled Manual,1,0
8245,40000,1,0,Graduate Degree,Skilled Manual,1,0
8246,60000,1,0,Graduate Degree,Skilled Manual,1,0
8247,60000,1,0,Graduate Degree,Skilled Manual,1,0
8248,10000,1,0,Graduate Degree,Manual,1,0
8249,10000,1,0,Graduate Degree,Manual,1,0
8250,10000,1,0,Bachellors,Manual,1,0
8251,10000,1,0,Bachellors,Manual,1,0
8252,20000,1,0,Graduate Degree,Clerical,1,0
8253,10000,2,0,Partial College,Manual,1,0
8254,20000,1,0,Bachellors,Clerical,1,0
8255,20000,1,0,Bachellors,Clerical,1,0
8256,10000,2,0,Partial College,Manual,1,1
8257,20000,1,0,Bachellors,Clerical,1,0
8258,10000,2,0,Partial College,Manual,1,1
8259,10000,2,0,Partial College,Manual,1,1
8260,20000,1,0,Bachellors,Clerical,1,0
8261,20000,1,0,Bachellors,Clerical,1,0
8262,20000,1,0,Bachellors,Clerical,1,0
8263,30000,1,0,Bachellors,Clerical,1,0
8264,30000,1,0,Bachellors,Clerical,1,0
8265,10000,0,0,Partial College,Manual,0,1
8266,10000,0,0,Partial College,Manual,0,1
8267,10000,0,0,Partial College,Manual,0,1
8268,10000,0,0,Partial College,Manual,1,1
8269,10000,0,0,Partial College,Manual,0,1
8270,10000,0,0,High School,Manual,0,2
8271,20000,0,0,Bachellors,Clerical,1,0
8272,20000,0,0,Bachellors,Clerical,1,0
8273,20000,1,0,Partial College,Manual,1,0
8274,20000,2,0,Partial College,Manual,1,0
8275,20000,2,0,Partial College,Manual,1,1
8276,20000,1,1,Partial College,Manual,1,0
8277,20000,1,1,Partial College,Manual,0,0
8278,10000,1,1,High School,Manual,1,1
8279,20000,1,1,Partial College,Manual,0,0
8280,20000,1,1,Partial College,Manual,0,0
8281,20000,2,0,Partial College,Manual,1,1
8282,20000,2,0,Partial College,Manual,1,1
8283,30000,1,0,Graduate Degree,Clerical,1,0
8284,30000,1,0,Graduate Degree,Clerical,1,0
8285,30000,1,0,Graduate Degree,Clerical,1,0
8286,30000,3,0,Bachellors,Clerical,1,0
8287,30000,3,0,Bachellors,Clerical,1,0
8288,30000,3,0,Bachellors,Clerical,1,0
8289,30000,3,0,Bachellors,Clerical,1,0
8290,30000,3,0,Bachellors,Clerical,1,0
8291,30000,1,0,Bachellors,Clerical,1,0
8292,10000,2,2,High School,Manual,1,0
8293,30000,0,0,Bachellors,Clerical,1,0
8294,30000,0,0,Bachellors,Clerical,1,0
8295,30000,0,0,Bachellors,Clerical,1,0
8296,10000,2,2,High School,Manual,1,1
8297,20000,0,0,Partial College,Manual,0,1
8298,30000,0,0,Bachellors,Clerical,1,0
8299,50000,0,0,Graduate Degree,Skilled Manual,1,0
8300,50000,0,0,Graduate Degree,Skilled Manual,1,0
8301,10000,3,0,Partial College,Manual,0,2
8302,20000,2,0,Partial College,Manual,1,1
8303,10000,3,0,Partial College,Manual,1,2
8304,10000,3,0,High School,Manual,0,2
8305,10000,2,1,High School,Manual,1,2
8306,10000,2,2,High School,Manual,1,1
8307,10000,3,3,High School,Manual,0,0
8308,20000,1,1,Partial College,Manual,1,0
8309,30000,1,0,Bachellors,Clerical,1,0
8310,30000,1,1,Bachellors,Clerical,1,0
8311,40000,0,0,Graduate Degree,Clerical,1,0
8312,40000,0,0,Graduate Degree,Clerical,1,0
8313,40000,0,0,Bachellors,Clerical,1,0
8314,10000,3,3,High School,Manual,1,1
8315,10000,3,3,Partial High School,Manual,1,1
8316,20000,1,1,Partial College,Manual,0,1
8317,20000,1,1,Partial College,Manual,1,1
8318,20000,1,1,Partial College,Manual,0,1
8319,30000,1,1,Bachellors,Clerical,0,0
8320,30000,1,1,Bachellors,Clerical,0,1
8321,20000,1,1,High School,Manual,0,1
8322,20000,1,1,High School,Manual,1,1
8323,20000,1,1,High School,Manual,0,1
8324,40000,0,0,Bachellors,Clerical,1,0
8325,40000,0,0,Bachellors,Clerical,1,0
8326,40000,0,0,Bachellors,Clerical,1,0
8327,30000,1,1,Bachellors,Clerical,1,1
8328,30000,1,1,Bachellors,Skilled Manual,1,2
8329,10000,4,3,Partial High School,Manual,1,2
8330,20000,2,2,High School,Manual,1,0
8331,20000,2,2,High School,Manual,1,1
8332,20000,2,2,High School,Manual,1,1
8333,30000,1,1,Bachellors,Skilled Manual,1,2
8334,30000,1,1,Bachellors,Skilled Manual,1,2
8335,10000,3,2,Partial High School,Manual,1,2
8336,20000,3,3,High School,Manual,1,0
8337,20000,3,3,High School,Manual,1,0
8338,20000,3,3,High School,Manual,1,0
8339,40000,0,0,Bachellors,Professional,0,0
8340,40000,0,0,Bachellors,Professional,1,0
8341,40000,0,0,Bachellors,Professional,1,0
8342,40000,0,0,Bachellors,Professional,1,0
8343,30000,2,2,Partial College,Clerical,1,0
8344,30000,2,2,Partial College,Clerical,1,0
8345,30000,2,2,Partial College,Clerical,1,0
8346,30000,2,2,Partial College,Clerical,0,1
8347,40000,1,0,Bachellors,Skilled Manual,1,0
8348,40000,1,0,Bachellors,Skilled Manual,1,0
8349,40000,1,0,Bachellors,Skilled Manual,1,0
8350,30000,2,2,Partial College,Clerical,1,2
8351,40000,1,0,Bachellors,Skilled Manual,1,0
8352,30000,2,2,Partial College,Clerical,1,2
8353,30000,2,2,Partial College,Clerical,1,2
8354,30000,3,3,Partial College,Clerical,1,0
8355,20000,0,0,High School,Manual,0,1
8356,20000,0,0,High School,Manual,0,1
8357,20000,4,4,High School,Manual,0,1
8358,30000,3,3,Partial College,Clerical,1,1
8359,20000,0,0,High School,Manual,1,1
8360,40000,1,0,Bachellors,Skilled Manual,1,0
8361,40000,1,0,Bachellors,Skilled Manual,1,0
8362,40000,1,0,Bachellors,Skilled Manual,1,0
8363,40000,1,0,Bachellors,Skilled Manual,1,0
8364,30000,1,0,Partial College,Clerical,1,1
8365,40000,1,0,Bachellors,Skilled Manual,1,0
8366,40000,1,0,Bachellors,Skilled Manual,1,1
8367,40000,1,0,Bachellors,Skilled Manual,1,1
8368,30000,3,3,Partial College,Clerical,1,2
8369,30000,4,4,Partial College,Clerical,1,1
8370,30000,4,4,Partial College,Clerical,1,3
8371,20000,0,0,High School,Manual,0,1
8372,30000,0,0,Partial College,Clerical,0,1
8373,20000,0,0,High School,Manual,1,1
8374,20000,0,0,High School,Manual,0,1
8375,20000,0,0,High School,Manual,0,1
8376,20000,0,0,High School,Manual,0,1
8377,20000,0,0,High School,Manual,0,1
8378,30000,0,0,Partial College,Clerical,0,1
8379,30000,0,0,Partial College,Clerical,0,1
8380,10000,0,0,Partial High School,Manual,1,2
8381,30000,0,0,Partial College,Clerical,0,1
8382,30000,0,0,Partial College,Clerical,0,1
8383,40000,1,1,Bachellors,Skilled Manual,1,0
8384,20000,0,0,Partial High School,Manual,0,2
8385,20000,0,0,Partial High School,Manual,0,2
8386,20000,0,0,Partial High School,Manual,0,2
8387,30000,0,0,Partial College,Clerical,0,1
8388,30000,0,0,Partial College,Clerical,0,1
8389,20000,0,0,Partial High School,Manual,0,2
8390,30000,0,0,Partial College,Clerical,0,1
8391,30000,0,0,Partial College,Clerical,0,1
8392,30000,0,0,High School,Manual,0,1
8393,30000,0,0,High School,Manual,0,1
8394,40000,4,2,High School,Skilled Manual,0,2
8395,60000,1,0,Partial College,Skilled Manual,1,1
8396,40000,4,2,High School,Skilled Manual,1,2
8397,40000,4,2,High School,Skilled Manual,1,4
8398,40000,0,0,Bachellors,Professional,1,1
8399,40000,0,0,Bachellors,Professional,1,1
8400,40000,0,0,Bachellors,Professional,0,1
8401,50000,0,0,Partial College,Skilled Manual,1,1
8402,60000,0,0,Graduate Degree,Professional,0,1
8403,60000,0,0,Graduate Degree,Professional,1,1
8404,60000,0,0,Graduate Degree,Professional,0,1
8405,10000,4,0,High School,Skilled Manual,1,2
8406,60000,1,0,Partial College,Skilled Manual,1,1
8407,60000,1,0,Partial College,Skilled Manual,1,1
8408,60000,1,0,Partial College,Skilled Manual,1,1
8409,60000,1,0,Partial College,Skilled Manual,1,1
8410,60000,1,0,Partial College,Skilled Manual,1,1
8411,60000,1,0,Partial College,Skilled Manual,1,1
8412,60000,4,3,Bachellors,Professional,1,0
8413,80000,1,0,Graduate Degree,Professional,1,0
8414,60000,3,2,Bachellors,Professional,0,1
8415,60000,3,2,Bachellors,Professional,1,1
8416,30000,3,0,Bachellors,Clerical,1,0
8417,30000,3,0,Bachellors,Clerical,1,0
8418,30000,0,0,Bachellors,Clerical,1,0
8419,40000,3,0,Graduate Degree,Clerical,1,0
8420,40000,3,0,Graduate Degree,Clerical,1,0
8421,40000,3,0,Graduate Degree,Clerical,1,0
8422,10000,1,1,High School,Manual,0,1
8423,20000,0,0,Partial College,Manual,0,1
8424,20000,0,0,Partial College,Manual,0,1
8425,10000,2,2,High School,Manual,1,0
8426,10000,2,2,High School,Manual,0,0
8427,30000,0,0,Bachellors,Clerical,1,0
8428,30000,0,0,Bachellors,Clerical,1,0
8429,30000,0,0,Bachellors,Clerical,1,0
8430,30000,0,0,Bachellors,Clerical,1,0
8431,20000,2,0,Bachellors,Clerical,1,1
8432,20000,0,0,Partial College,Manual,0,1
8433,20000,0,0,Partial College,Manual,0,1
8434,30000,0,0,Bachellors,Clerical,1,0
8435,30000,0,0,Bachellors,Clerical,1,0
8436,30000,0,0,Bachellors,Clerical,0,0
8437,30000,1,0,Bachellors,Clerical,1,0
8438,40000,0,0,Graduate Degree,Clerical,1,0
8439,40000,0,0,Graduate Degree,Clerical,1,0
8440,40000,0,0,Graduate Degree,Clerical,1,0
8441,40000,0,0,Graduate Degree,Clerical,1,0
8442,40000,0,0,Graduate Degree,Clerical,1,0
8443,50000,0,0,Graduate Degree,Skilled Manual,1,0
8444,20000,2,0,Partial College,Manual,1,1
8445,10000,2,2,High School,Manual,0,1
8446,10000,2,2,High School,Manual,0,1
8447,40000,0,0,Graduate Degree,Clerical,1,0
8448,40000,0,0,Graduate Degree,Clerical,1,0
8449,20000,1,1,Partial College,Manual,0,1
8450,10000,4,0,High School,Manual,0,2
8451,30000,1,1,Bachellors,Clerical,1,0
8452,10000,4,4,Partial High School,Manual,1,0
8453,40000,0,0,Bachellors,Clerical,1,0
8454,40000,0,0,Bachellors,Clerical,1,0
8455,40000,0,0,Bachellors,Clerical,1,0
8456,40000,0,0,Bachellors,Clerical,1,0
8457,20000,2,0,High School,Manual,1,1
8458,30000,1,0,Partial College,Manual,1,1
8459,30000,1,1,Bachellors,Skilled Manual,1,1
8460,30000,1,1,Bachellors,Skilled Manual,1,1
8461,30000,1,1,Bachellors,Skilled Manual,1,2
8462,10000,4,3,Partial High School,Manual,1,2
8463,20000,2,2,High School,Manual,1,2
8464,30000,1,1,Bachellors,Skilled Manual,1,2
8465,10000,4,0,High School,Manual,0,2
8466,10000,4,0,High School,Manual,1,2
8467,10000,3,2,Partial High School,Manual,0,2
8468,20000,3,3,High School,Manual,1,0
8469,10000,3,2,Partial High School,Manual,1,2
8470,10000,3,2,Partial High School,Manual,1,2
8471,20000,3,3,High School,Manual,1,1
8472,20000,3,3,High School,Manual,1,1
8473,20000,3,3,High School,Manual,1,3
8474,20000,3,3,High School,Manual,1,4
8475,40000,0,0,Bachellors,Professional,1,0
8476,40000,0,0,Bachellors,Professional,0,0
8477,40000,0,0,Bachellors,Professional,1,0
8478,40000,0,0,Bachellors,Professional,1,0
8479,60000,0,0,Graduate Degree,Skilled Manual,1,0
8480,20000,4,4,High School,Manual,1,1
8481,30000,1,0,Partial College,Clerical,1,1
8482,30000,1,0,Partial College,Clerical,1,1
8483,30000,1,0,Partial College,Clerical,1,1
8484,50000,1,0,Graduate Degree,Skilled Manual,1,0
8485,30000,2,2,Partial College,Clerical,0,1
8486,30000,2,2,Partial College,Clerical,1,1
8487,40000,1,0,Bachellors,Skilled Manual,1,0
8488,30000,2,2,Partial College,Clerical,0,2
8489,30000,2,2,Partial College,Clerical,1,2
8490,30000,2,2,Partial College,Clerical,1,2
8491,30000,2,2,Partial College,Clerical,1,2
8492,30000,2,2,Partial College,Clerical,1,2
8493,30000,2,2,Partial College,Clerical,1,2
8494,40000,1,0,Bachellors,Skilled Manual,1,0
8495,20000,4,4,High School,Manual,1,2
8496,20000,4,4,High School,Manual,1,2
8497,30000,3,3,Partial College,Clerical,1,1
8498,30000,3,3,Partial College,Clerical,1,2
8499,30000,3,3,Partial College,Clerical,1,2
8500,40000,1,0,Bachellors,Skilled Manual,1,0
8501,40000,1,0,Bachellors,Skilled Manual,1,0
8502,30000,1,0,Partial College,Clerical,1,1
8503,40000,1,0,Bachellors,Skilled Manual,1,0
8504,40000,1,0,Bachellors,Skilled Manual,1,0
8505,40000,1,0,Bachellors,Skilled Manual,1,1
8506,30000,4,4,Partial College,Clerical,1,2
8507,30000,4,4,Partial College,Clerical,1,3
8508,30000,5,5,Partial College,Clerical,1,3
8509,10000,0,0,Partial High School,Manual,0,2
8510,30000,0,0,Partial College,Clerical,0,1
8511,30000,0,0,Partial College,Clerical,0,1
8512,30000,0,0,Partial College,Clerical,0,1
8513,30000,0,0,Partial College,Clerical,0,1
8514,20000,0,0,Partial High School,Manual,1,2
8515,20000,0,0,Partial High School,Manual,0,2
8516,30000,0,0,Partial College,Clerical,1,1
8517,30000,0,0,Partial College,Clerical,0,1
8518,30000,0,0,Partial College,Clerical,0,1
8519,30000,0,0,Partial College,Clerical,0,1
8520,10000,0,0,Partial High School,Manual,1,2
8521,20000,0,0,Partial High School,Manual,0,2
8522,20000,0,0,Partial High School,Manual,0,2
8523,20000,0,0,Partial High School,Manual,0,2
8524,30000,0,0,High School,Manual,0,1
8525,30000,0,0,High School,Manual,0,1
8526,40000,0,0,Bachellors,Professional,0,1
8527,50000,0,0,Partial College,Skilled Manual,0,1
8528,50000,0,0,Partial College,Skilled Manual,0,1
8529,50000,0,0,Partial College,Skilled Manual,0,1
8530,60000,0,0,Graduate Degree,Professional,0,1
8531,60000,0,0,Graduate Degree,Professional,1,1
8532,60000,0,0,Graduate Degree,Professional,0,1
8533,60000,0,0,Graduate Degree,Professional,1,1
8534,60000,0,0,Graduate Degree,Professional,0,1
8535,60000,0,0,Graduate Degree,Professional,1,1
8536,60000,0,0,Graduate Degree,Professional,0,1
8537,60000,1,0,Partial College,Skilled Manual,1,1
8538,60000,1,0,Partial College,Skilled Manual,1,1
8539,60000,1,0,Partial College,Skilled Manual,0,1
8540,60000,1,0,Partial College,Skilled Manual,1,1
8541,60000,4,3,Bachellors,Professional,1,0
8542,60000,4,3,Bachellors,Professional,0,1
8543,70000,1,0,Graduate Degree,Professional,1,1
8544,70000,5,5,Graduate Degree,Professional,0,3
8545,70000,5,5,Graduate Degree,Professional,1,3
8546,60000,1,0,Bachellors,Professional,1,1
8547,60000,1,0,Bachellors,Professional,1,1
8548,60000,1,0,Bachellors,Professional,1,1
8549,60000,1,0,Bachellors,Professional,1,1
8550,60000,1,0,Bachellors,Professional,1,1
8551,60000,1,0,Bachellors,Professional,1,1
8552,70000,5,4,Graduate Degree,Professional,1,0
8553,70000,5,4,Graduate Degree,Professional,0,2
8554,70000,5,4,Graduate Degree,Professional,1,2
8555,70000,5,4,Bachellors,Professional,1,2
8556,90000,1,0,Graduate Degree,Management,0,0
8557,90000,1,0,Graduate Degree,Management,1,0
8558,60000,2,2,Bachellors,Professional,0,1
8559,80000,4,4,Graduate Degree,Management,1,1
8560,80000,5,5,Graduate Degree,Management,1,2
8561,90000,2,0,Bachellors,Professional,1,0
8562,90000,2,0,Bachellors,Professional,1,0
8563,60000,2,2,Bachellors,Professional,1,1
8564,60000,2,2,Bachellors,Professional,1,1
8565,60000,2,2,Bachellors,Professional,1,1
8566,60000,2,2,Bachellors,Professional,1,1
8567,70000,5,5,Bachellors,Professional,1,3
8568,70000,5,5,Bachellors,Professional,0,3
8569,120000,1,0,Graduate Degree,Management,0,1
8570,70000,5,5,Bachellors,Professional,1,4
8571,80000,5,5,Graduate Degree,Management,1,3
8572,80000,5,5,Graduate Degree,Management,1,3
8573,80000,5,5,Graduate Degree,Management,1,3
8574,80000,5,5,Graduate Degree,Management,0,3
8575,80000,5,5,Graduate Degree,Management,1,3
8576,80000,5,5,Bachellors,Professional,1,3
8577,90000,0,0,Bachellors,Professional,1,0
8578,90000,0,0,Bachellors,Professional,1,0
8579,60000,3,3,Bachellors,Professional,1,1
8580,60000,3,3,Bachellors,Professional,1,1
8581,60000,3,3,Bachellors,Professional,1,2
8582,70000,5,5,Bachellors,Professional,1,4
8583,70000,5,5,Bachellors,Professional,1,4
8584,70000,5,5,Bachellors,Professional,1,4
8585,70000,0,0,Bachellors,Professional,0,1
8586,70000,0,0,Bachellors,Professional,0,1
8587,70000,0,0,Bachellors,Professional,1,1
8588,80000,5,5,Bachellors,Professional,1,4
8589,80000,5,5,Bachellors,Professional,1,4
8590,60000,3,3,Bachellors,Professional,1,2
8591,60000,4,4,Bachellors,Professional,1,3
8592,70000,0,0,Bachellors,Professional,0,1
8593,60000,3,2,Bachellors,Professional,0,2
8594,60000,3,2,Bachellors,Professional,0,2
8595,70000,0,0,Bachellors,Professional,0,1
8596,70000,0,0,Bachellors,Professional,0,1
8597,70000,0,0,Bachellors,Professional,0,1
8598,90000,4,4,Bachellors,Professional,1,0
8599,60000,1,0,Bachellors,Professional,1,1
8600,60000,1,0,Partial College,Skilled Manual,0,1
8601,60000,1,0,Partial College,Skilled Manual,1,1
8602,60000,1,0,Partial College,Skilled Manual,1,1
8603,100000,0,0,Bachellors,Professional,1,1
8604,100000,0,0,Bachellors,Professional,0,1
8605,110000,0,0,Graduate Degree,Management,0,1
8606,60000,1,0,Partial College,Skilled Manual,1,1
8607,20000,3,0,High School,Skilled Manual,1,2
8608,70000,0,0,Bachellors,Professional,1,1
8609,80000,5,5,Bachellors,Professional,1,4
8610,70000,0,0,Bachellors,Professional,0,1
8611,90000,1,0,Bachellors,Professional,1,1
8612,70000,0,0,Bachellors,Professional,0,1
8613,70000,0,0,Bachellors,Professional,0,1
8614,70000,0,0,Bachellors,Professional,0,2
8615,70000,0,0,Bachellors,Professional,0,2
8616,60000,1,0,Partial College,Skilled Manual,1,1
8617,60000,1,0,Partial College,Skilled Manual,1,1
8618,70000,5,4,Bachellors,Professional,1,2
8619,70000,5,4,Partial College,Skilled Manual,1,2
8620,70000,5,4,Partial College,Skilled Manual,1,2
8621,60000,1,0,Partial College,Skilled Manual,1,1
8622,80000,5,4,Bachellors,Professional,1,1
8623,90000,2,0,Bachellors,Professional,1,1
8624,100000,4,0,Bachellors,Management,1,2
8625,70000,1,0,Partial College,Skilled Manual,1,1
8626,70000,1,0,Partial College,Skilled Manual,1,1
8627,70000,5,4,Partial College,Skilled Manual,1,3
8628,70000,5,4,Partial College,Skilled Manual,1,3
8629,70000,1,0,Partial College,Skilled Manual,0,1
8630,70000,1,0,Partial College,Skilled Manual,1,1
8631,80000,1,0,Partial College,Skilled Manual,1,1
8632,40000,2,0,Bachellors,Management,1,1
8633,10000,2,1,High School,Skilled Manual,1,2
8634,30000,0,0,High School,Skilled Manual,1,2
8635,40000,0,0,High School,Skilled Manual,1,1
8636,40000,0,0,High School,Skilled Manual,1,2
8637,40000,0,0,High School,Skilled Manual,1,2
8638,40000,0,0,High School,Skilled Manual,0,2
8639,30000,0,0,High School,Skilled Manual,0,2
8640,30000,0,0,High School,Skilled Manual,1,2
8641,30000,0,0,High School,Skilled Manual,1,2
8642,30000,0,0,Partial High School,Clerical,0,2
8643,30000,0,0,Partial High School,Clerical,0,2
8644,40000,0,0,High School,Skilled Manual,1,2
8645,30000,0,0,Partial High School,Clerical,1,2
8646,40000,0,0,High School,Skilled Manual,0,2
8647,30000,0,0,Partial High School,Clerical,0,2
8648,30000,0,0,Partial High School,Clerical,0,2
8649,30000,0,0,Partial High School,Clerical,1,2
8650,40000,0,0,High School,Skilled Manual,1,2
8651,30000,2,0,Partial College,Clerical,0,2
8652,40000,2,0,Bachellors,Management,1,2
8653,40000,2,0,Bachellors,Management,1,2
8654,50000,2,0,Graduate Degree,Management,1,1
8655,40000,0,0,High School,Skilled Manual,0,2
8656,60000,0,0,Partial College,Skilled Manual,0,1
8657,30000,0,0,Partial College,Skilled Manual,1,1
8658,80000,0,0,Bachellors,Management,0,1
8659,90000,4,4,Bachellors,Management,1,1
8660,70000,0,0,Partial College,Skilled Manual,0,2
8661,80000,4,3,Bachellors,Management,1,0
8662,90000,4,4,Bachellors,Management,1,1
8663,90000,4,4,Bachellors,Management,1,1
8664,90000,4,4,Partial College,Skilled Manual,1,3
8665,100000,3,0,Bachellors,Management,0,3
8666,110000,2,1,Graduate Degree,Management,1,3
8667,10000,5,0,High School,Skilled Manual,1,2
8668,20000,4,0,High School,Skilled Manual,0,2
8669,40000,0,0,Partial College,Skilled Manual,0,1
8670,40000,0,0,Partial College,Skilled Manual,0,1
8671,60000,0,0,Partial College,Skilled Manual,0,2
8672,60000,0,0,Partial College,Skilled Manual,1,2
8673,10000,2,1,Partial High School,Clerical,1,2
8674,10000,2,1,Partial High School,Clerical,1,2
8675,10000,2,1,Partial High School,Clerical,1,2
8676,20000,4,0,High School,Skilled Manual,1,2
8677,20000,4,0,High School,Skilled Manual,0,2
8678,20000,4,0,High School,Skilled Manual,0,2
8679,60000,1,1,Graduate Degree,Skilled Manual,1,0
8680,60000,1,1,Graduate Degree,Skilled Manual,1,0
8681,60000,1,1,Graduate Degree,Skilled Manual,1,0
8682,50000,1,1,Graduate Degree,Skilled Manual,1,0
8683,50000,1,1,Bachellors,Skilled Manual,1,0
8684,60000,1,0,Graduate Degree,Skilled Manual,1,0
8685,90000,0,0,Partial College,Professional,0,1
8686,110000,3,2,Bachellors,Management,1,4
8687,130000,2,2,Graduate Degree,Management,1,2
8688,130000,3,2,Bachellors,Management,1,3
8689,70000,4,3,Partial College,Professional,0,0
8690,90000,2,1,Partial College,Professional,1,0
8691,170000,0,0,Graduate Degree,Management,0,3
8692,90000,0,0,Partial College,Professional,0,2
8693,110000,4,2,Bachellors,Management,1,4
8694,80000,5,4,Partial College,Professional,1,3
8695,100000,1,2,Partial College,Professional,1,3
8696,100000,1,2,Partial College,Professional,1,3
8697,120000,1,3,Partial College,Professional,1,4
8698,120000,1,3,High School,Professional,1,4
8699,130000,1,3,Bachellors,Management,1,0
8700,90000,4,3,High School,Professional,1,2
8701,110000,1,3,Partial College,Professional,1,4
8702,60000,2,0,High School,Professional,0,2
8703,60000,2,0,High School,Professional,0,2
8704,60000,2,0,High School,Professional,0,2
8705,60000,2,0,High School,Professional,0,2
8706,70000,4,3,High School,Professional,1,0
8707,80000,3,2,Partial College,Professional,1,0
8708,80000,2,0,Partial High School,Skilled Manual,1,2
8709,80000,4,0,Graduate Degree,Management,1,2
8710,40000,3,0,Partial College,Professional,0,2
8711,80000,5,4,Partial College,Professional,1,3
8712,100000,3,2,Partial College,Professional,0,4
8713,100000,0,3,Partial College,Professional,1,0
8714,100000,0,3,Partial College,Professional,1,1
8715,120000,1,3,High School,Professional,1,4
8716,120000,1,3,High School,Professional,0,4
8717,60000,3,0,Partial High School,Skilled Manual,1,2
8718,60000,3,0,Partial High School,Skilled Manual,1,2
8719,70000,3,1,High School,Professional,1,1
8720,70000,3,0,Graduate Degree,Management,1,2
8721,70000,3,0,Graduate Degree,Management,1,2
8722,70000,3,0,Graduate Degree,Management,1,2
8723,70000,3,0,Graduate Degree,Management,1,2
8724,70000,3,0,Graduate Degree,Management,1,2
8725,60000,3,0,Graduate Degree,Management,1,2
8726,40000,3,0,Partial College,Professional,0,2
8727,60000,3,0,Graduate Degree,Management,1,2
8728,60000,3,0,Graduate Degree,Management,0,2
8729,60000,3,0,Graduate Degree,Management,1,2
8730,60000,3,0,Graduate Degree,Management,1,2
8731,70000,5,0,Graduate Degree,Management,0,2
8732,80000,4,0,Graduate Degree,Management,1,2
8733,60000,3,0,Graduate Degree,Management,1,2
8734,60000,3,0,Graduate Degree,Management,1,2
8735,60000,3,0,Graduate Degree,Management,1,2
8736,70000,5,0,Graduate Degree,Management,1,2
8737,70000,5,0,Graduate Degree,Management,1,2
8738,70000,5,0,Graduate Degree,Management,1,2
8739,70000,5,0,Graduate Degree,Management,0,2
8740,70000,5,0,Graduate Degree,Management,1,2
8741,70000,5,0,Graduate Degree,Management,1,2
8742,80000,4,0,Graduate Degree,Management,1,2
8743,50000,4,0,Bachellors,Management,1,2
8744,60000,3,0,Graduate Degree,Management,1,2
8745,60000,3,0,Graduate Degree,Management,1,2
8746,60000,3,0,Graduate Degree,Management,1,2
8747,70000,5,0,Graduate Degree,Management,1,2
8748,50000,4,0,Bachellors,Management,1,2
8749,20000,4,0,High School,Skilled Manual,0,2
8750,70000,0,0,Partial College,Skilled Manual,0,2
8751,40000,0,0,Partial High School,Clerical,0,2
8752,40000,0,0,Partial High School,Clerical,0,2
8753,20000,4,0,High School,Skilled Manual,1,2
8754,20000,4,0,High School,Skilled Manual,0,2
8755,40000,0,0,Partial College,Skilled Manual,0,1
8756,40000,0,0,Partial College,Skilled Manual,1,2
8757,60000,0,0,Partial College,Skilled Manual,1,2
8758,60000,0,0,Partial College,Skilled Manual,0,2
8759,60000,0,0,Partial College,Skilled Manual,0,2
8760,60000,0,0,Partial College,Skilled Manual,1,2
8761,60000,0,0,Partial College,Skilled Manual,0,2
8762,20000,2,1,Partial High School,Clerical,1,2
8763,20000,2,1,Partial High School,Clerical,1,2
8764,30000,3,0,Partial College,Clerical,0,2
8765,20000,2,1,Partial High School,Clerical,0,2
8766,30000,3,0,High School,Skilled Manual,0,2
8767,30000,3,0,High School,Skilled Manual,1,2
8768,40000,0,0,Partial High School,Clerical,0,2
8769,40000,0,0,Partial High School,Clerical,0,2
8770,30000,0,0,Partial College,Skilled Manual,1,2
8771,30000,3,0,High School,Skilled Manual,1,2
8772,30000,3,0,High School,Skilled Manual,0,2
8773,80000,2,0,Partial College,Skilled Manual,0,2
8774,80000,2,0,Partial College,Skilled Manual,1,2
8775,40000,0,0,High School,Skilled Manual,1,2
8776,40000,0,0,High School,Skilled Manual,0,2
8777,40000,0,0,High School,Skilled Manual,1,2
8778,60000,0,0,Partial College,Skilled Manual,0,2
8779,60000,0,0,Partial College,Skilled Manual,1,2
8780,60000,0,0,Partial College,Skilled Manual,1,2
8781,70000,0,0,Partial College,Professional,0,2
8782,60000,0,0,Partial College,Professional,0,2
8783,80000,2,0,High School,Skilled Manual,0,2
8784,80000,2,0,High School,Skilled Manual,1,2
8785,80000,2,0,High School,Skilled Manual,1,2
8786,80000,2,0,High School,Skilled Manual,1,2
8787,80000,2,0,High School,Skilled Manual,1,2
8788,80000,2,0,High School,Skilled Manual,1,2
8789,80000,2,0,High School,Skilled Manual,0,2
8790,80000,2,0,High School,Skilled Manual,1,2
8791,80000,2,0,High School,Skilled Manual,0,2
8792,80000,2,0,High School,Skilled Manual,1,2
8793,70000,2,0,High School,Professional,0,2
8794,70000,2,0,High School,Professional,1,2
8795,70000,2,0,High School,Professional,1,2
8796,100000,1,1,Bachellors,Management,1,3
8797,120000,5,1,Bachellors,Management,1,4
8798,130000,0,0,Graduate Degree,Management,1,3
8799,110000,4,1,Bachellors,Management,1,4
8800,80000,0,0,Bachellors,Management,1,1
8801,80000,0,0,Bachellors,Management,0,1
8802,30000,0,0,High School,Professional,1,2
8803,30000,0,0,High School,Professional,0,2
8804,30000,0,0,Partial High School,Skilled Manual,0,2
8805,60000,0,0,Partial College,Professional,0,2
8806,60000,0,0,Partial College,Professional,0,2
8807,60000,0,0,Partial College,Professional,1,2
8808,110000,1,2,Bachellors,Management,1,1
8809,130000,0,1,Graduate Degree,Management,1,3
8810,130000,0,1,Graduate Degree,Management,1,3
8811,60000,2,0,High School,Professional,1,2
8812,60000,2,0,High School,Professional,0,2
8813,70000,2,1,Partial College,Professional,1,0
8814,80000,2,1,Bachellors,Management,1,0
8815,80000,2,1,Bachellors,Management,1,1
8816,80000,2,1,Bachellors,Management,1,1
8817,90000,2,0,Partial College,Professional,1,1
8818,60000,2,0,High School,Professional,1,2
8819,60000,2,0,High School,Professional,0,2
8820,60000,2,0,High School,Professional,0,2
8821,60000,2,0,High School,Professional,0,2
8822,70000,3,0,Partial College,Professional,0,2
8823,90000,4,4,Partial College,Professional,1,3
8824,90000,4,4,Partial College,Professional,1,3
8825,90000,5,5,Partial College,Professional,1,3
8826,120000,2,2,Bachellors,Management,1,4
8827,80000,4,3,Bachellors,Management,1,0
8828,80000,4,3,Bachellors,Management,1,0
8829,80000,4,3,Bachellors,Management,1,0
8830,60000,3,2,Graduate Degree,Professional,0,0
8831,70000,1,0,Bachellors,Professional,1,1
8832,70000,1,0,Partial College,Skilled Manual,1,1
8833,40000,4,3,High School,Skilled Manual,0,3
8834,50000,4,0,Bachellors,Management,1,2
8835,50000,4,0,Bachellors,Management,1,2
8836,60000,3,0,Graduate Degree,Management,1,2
8837,60000,3,0,Graduate Degree,Management,0,2
8838,70000,5,0,Bachellors,Management,1,2
8839,70000,5,0,Bachellors,Management,1,2
8840,60000,3,0,Graduate Degree,Management,0,2
8841,60000,4,0,Graduate Degree,Management,1,2
8842,70000,5,0,Bachellors,Management,0,2
8843,70000,5,0,Bachellors,Management,1,2
8844,70000,5,0,Bachellors,Management,1,2
8845,70000,5,0,Bachellors,Management,1,2
8846,70000,5,0,Bachellors,Management,1,2
8847,70000,5,0,Bachellors,Management,1,2
8848,70000,5,0,Bachellors,Management,1,2
8849,80000,5,0,Bachellors,Management,1,2
8850,40000,4,0,High School,Professional,0,2
8851,40000,4,0,High School,Professional,0,2
8852,70000,4,0,Bachellors,Management,1,2
8853,70000,5,0,Bachellors,Management,1,2
8854,70000,5,0,Bachellors,Management,1,3
8855,70000,5,0,Bachellors,Management,1,3
8856,70000,5,0,Bachellors,Management,1,3
8857,60000,4,0,Bachellors,Management,1,2
8858,60000,4,0,Bachellors,Management,1,2
8859,60000,4,0,Bachellors,Management,1,2
8860,60000,4,0,Bachellors,Management,1,2
8861,70000,2,1,Partial College,Professional,1,1
8862,70000,2,1,Partial College,Professional,1,1
8863,40000,2,1,High School,Professional,0,2
8864,60000,2,1,Partial College,Professional,1,1
8865,60000,2,1,Partial College,Professional,1,1
8866,60000,2,1,Partial College,Professional,1,2
8867,60000,2,1,Partial College,Professional,1,2
8868,60000,2,1,Partial College,Professional,1,2
8869,60000,2,1,Bachellors,Management,1,0
8870,70000,4,1,Partial College,Professional,1,2
8871,40000,2,1,Partial High School,Skilled Manual,1,2
8872,60000,2,1,Partial College,Professional,1,2
8873,40000,2,1,Partial High School,Skilled Manual,0,2
8874,40000,2,1,Partial High School,Skilled Manual,1,2
8875,40000,2,1,Partial High School,Skilled Manual,1,3
8876,60000,2,1,Partial College,Professional,1,2
8877,60000,2,1,Partial College,Professional,0,1
8878,60000,2,1,Partial College,Professional,1,1
8879,70000,4,2,Partial College,Professional,1,1
8880,70000,4,2,Partial College,Professional,1,1
8881,70000,4,2,Partial College,Professional,0,1
8882,80000,3,1,Bachellors,Management,1,1
8883,80000,3,1,Bachellors,Management,1,1
8884,80000,3,1,Bachellors,Management,1,2
8885,60000,2,1,High School,Professional,1,2
8886,60000,2,1,High School,Professional,1,2
8887,60000,2,1,High School,Professional,1,2
8888,60000,2,1,Partial College,Professional,0,1
8889,60000,2,1,Partial College,Professional,1,2
8890,70000,2,1,Partial High School,Skilled Manual,0,2
8891,70000,2,1,Partial High School,Skilled Manual,1,2
8892,60000,2,1,High School,Professional,1,2
8893,60000,2,1,High School,Professional,1,2
8894,60000,2,1,High School,Professional,1,2
8895,60000,2,1,High School,Professional,1,2
8896,60000,2,1,High School,Professional,1,2
8897,60000,2,1,High School,Professional,1,2
8898,70000,4,3,Partial College,Professional,1,1
8899,130000,2,3,Bachellors,Management,0,4
8900,110000,2,4,Partial College,Professional,1,3
8901,120000,2,4,High School,Professional,1,4
8902,130000,3,4,Partial College,Professional,1,3
8903,100000,2,3,Partial College,Professional,1,4
8904,100000,2,3,High School,Professional,1,4
8905,120000,3,4,High School,Professional,1,4
8906,170000,3,3,Partial College,Professional,0,4
8907,170000,3,3,High School,Professional,1,4
8908,100000,2,3,High School,Professional,1,4
8909,100000,2,3,High School,Professional,1,4
8910,110000,3,4,Partial College,Professional,1,4
8911,130000,3,4,Partial College,Professional,1,3
8912,130000,3,4,Partial College,Professional,0,3
8913,160000,2,4,High School,Professional,1,3
8914,70000,5,1,High School,Professional,1,2
8915,80000,5,0,Bachellors,Management,1,2
8916,100000,2,3,Graduate Degree,Management,1,4
8917,170000,3,4,Graduate Degree,Management,1,2
8918,170000,3,4,Bachellors,Management,1,3
8919,170000,4,4,Bachellors,Management,1,3
8920,150000,3,4,Graduate Degree,Management,1,4
8921,90000,5,0,Partial College,Professional,1,2
8922,110000,3,4,Bachellors,Management,1,4
8923,90000,4,2,High School,Professional,1,1
8924,100000,3,4,High School,Professional,1,3
8925,120000,2,5,Partial High School,Professional,1,2
8926,130000,3,4,Partial College,Professional,1,4
8927,130000,3,4,Partial College,Professional,0,4
8928,170000,5,4,High School,Professional,1,4
8929,170000,0,4,High School,Professional,1,4
8930,100000,3,4,Bachellors,Management,1,3
8931,110000,2,5,Partial College,Professional,0,2
8932,120000,2,5,Bachellors,Management,0,2
8933,80000,4,1,Partial College,Professional,1,2
8934,120000,4,5,Partial College,Professional,1,3
8935,80000,5,2,High School,Professional,1,2
8936,100000,3,4,Partial College,Professional,1,4
8937,100000,3,4,Partial College,Management,1,4
8938,100000,3,4,Partial College,Management,1,4
8939,150000,4,5,Bachellors,Management,1,3
8940,160000,2,5,Partial College,Management,1,3
8941,160000,3,5,Partial College,Management,0,4
8942,160000,3,5,High School,Management,0,4
8943,170000,5,5,Partial College,Management,0,4
8944,90000,4,1,High School,Management,0,3
8945,90000,4,1,Partial High School,Skilled Manual,0,4
8946,80000,5,1,Partial High School,Skilled Manual,1,4
8947,120000,5,5,High School,Management,1,4
8948,70000,0,0,Bachellors,Professional,0,2
8949,70000,0,0,Bachellors,Professional,1,2
8950,70000,0,0,Bachellors,Professional,1,2
8951,80000,0,0,Bachellors,Professional,1,2
8952,80000,0,0,Bachellors,Professional,0,2
8953,80000,0,0,Bachellors,Professional,1,2
8954,70000,0,0,Bachellors,Professional,1,3
8955,70000,0,0,Bachellors,Professional,1,3
8956,80000,0,0,Bachellors,Professional,1,3
8957,80000,0,0,Bachellors,Professional,1,3
8958,90000,0,0,Bachellors,Professional,1,2
8959,90000,0,0,Bachellors,Professional,1,3
8960,100000,0,5,High School,Management,1,2
8961,100000,0,5,High School,Management,1,2
8962,80000,0,0,Bachellors,Professional,0,3
8963,110000,0,5,Partial College,Management,1,3
8964,120000,0,5,Partial High School,Professional,1,4
8965,120000,0,5,Partial High School,Professional,1,4
8966,130000,4,5,High School,Management,1,4
8967,90000,0,0,Bachellors,Professional,1,3
8968,90000,0,0,Bachellors,Professional,0,3
8969,100000,0,5,High School,Management,0,3
8970,80000,0,0,Bachellors,Professional,1,4
8971,130000,4,5,High School,Management,1,4
8972,100000,0,5,High School,Management,1,3
8973,100000,0,5,High School,Management,1,4
8974,90000,0,0,Bachellors,Professional,0,4
8975,100000,0,5,High School,Management,1,4
8976,100000,0,5,Partial High School,Professional,1,4
8977,110000,0,5,High School,Management,1,4
8978,120000,0,5,Partial High School,Professional,1,4
8979,110000,0,5,Partial High School,Professional,1,4
8980,120000,0,5,Partial High School,Management,1,4
8981,90000,5,5,Partial College,Professional,1,3
8982,60000,1,0,Graduate Degree,Professional,1,0
8983,70000,1,0,Graduate Degree,Professional,1,0
8984,50000,1,1,Bachellors,Skilled Manual,1,1
8985,50000,1,1,Bachellors,Skilled Manual,1,1
8986,50000,2,2,Bachellors,Skilled Manual,1,0
8987,50000,2,2,Bachellors,Skilled Manual,1,0
8988,60000,1,0,Graduate Degree,Professional,1,0
8989,60000,1,0,Graduate Degree,Professional,1,0
8990,60000,1,0,Graduate Degree,Professional,1,0
8991,70000,2,0,Graduate Degree,Professional,1,0
8992,70000,2,0,Graduate Degree,Professional,1,0
8993,70000,3,0,Graduate Degree,Professional,1,0
8994,60000,1,0,Graduate Degree,Professional,1,0
8995,70000,2,2,Bachellors,Skilled Manual,1,0
8996,70000,2,2,Bachellors,Skilled Manual,1,0
8997,70000,2,2,Bachellors,Skilled Manual,0,1
8998,70000,2,2,Bachellors,Skilled Manual,1,1
8999,40000,5,5,High School,Skilled Manual,1,3
9000,40000,0,0,Bachellors,Professional,0,1
9001,60000,1,0,Graduate Degree,Professional,1,0
9002,60000,2,0,Graduate Degree,Professional,1,0
9003,70000,4,0,Graduate Degree,Professional,1,0
9004,70000,4,0,Graduate Degree,Professional,1,0
9005,70000,4,0,Graduate Degree,Professional,1,0
9006,50000,2,2,Bachellors,Skilled Manual,1,1
9007,50000,2,2,Bachellors,Skilled Manual,1,1
9008,50000,2,2,Bachellors,Skilled Manual,0,1
9009,60000,0,0,Graduate Degree,Professional,1,0
9010,60000,0,0,Graduate Degree,Professional,1,0
9011,70000,4,0,Graduate Degree,Professional,1,0
9012,70000,4,0,Graduate Degree,Professional,1,0
9013,70000,4,0,Graduate Degree,Professional,1,0
9014,70000,5,0,Graduate Degree,Professional,1,0
9015,70000,5,5,Graduate Degree,Professional,0,2
9016,80000,3,0,Graduate Degree,Professional,1,0
9017,40000,0,0,Bachellors,Professional,0,1
9018,40000,0,0,Bachellors,Professional,0,1
9019,80000,3,3,Bachellors,Skilled Manual,1,1
9020,80000,3,3,Bachellors,Skilled Manual,1,2
9021,80000,3,3,Bachellors,Skilled Manual,0,2
9022,80000,4,4,Bachellors,Skilled Manual,1,0
9023,50000,4,4,Bachellors,Skilled Manual,1,1
9024,60000,0,0,Graduate Degree,Professional,1,0
9025,40000,0,0,Bachellors,Professional,1,1
9026,40000,0,0,Bachellors,Professional,0,1
9027,40000,0,0,Bachellors,Professional,0,1
9028,60000,5,5,Bachellors,Skilled Manual,1,3
9029,60000,5,5,Bachellors,Skilled Manual,0,3
9030,60000,4,2,Bachellors,Skilled Manual,1,2
9031,60000,4,2,Bachellors,Skilled Manual,1,2
9032,60000,4,2,Bachellors,Skilled Manual,1,2
9033,60000,4,2,Bachellors,Skilled Manual,1,2
9034,70000,4,2,Bachellors,Professional,1,2
9035,70000,4,2,Bachellors,Professional,1,2
9036,70000,4,2,Bachellors,Professional,1,2
9037,70000,4,2,Bachellors,Professional,1,2
9038,70000,0,0,Bachellors,Professional,1,1
9039,70000,0,0,Bachellors,Professional,0,1
9040,70000,4,2,Bachellors,Professional,0,2
9041,60000,3,2,Graduate Degree,Professional,0,0
9042,30000,0,0,High School,Manual,0,1
9043,40000,1,1,Bachellors,Skilled Manual,1,0
9044,10000,0,0,Partial High School,Manual,1,2
9045,30000,0,0,High School,Manual,0,1
9046,40000,1,1,Bachellors,Skilled Manual,1,0
9047,40000,1,1,Bachellors,Skilled Manual,1,0
9048,40000,1,1,Bachellors,Skilled Manual,1,0
9049,30000,0,0,High School,Manual,0,1
9050,10000,0,0,Partial High School,Manual,0,2
9051,30000,0,0,High School,Manual,0,1
9052,40000,1,1,Partial College,Clerical,0,1
9053,40000,2,2,Partial College,Clerical,1,0
9054,40000,2,2,Partial College,Clerical,1,0
9055,40000,2,2,Partial College,Clerical,1,0
9056,20000,0,0,Partial High School,Manual,0,2
9057,20000,0,0,Partial High School,Manual,0,2
9058,20000,0,0,Partial High School,Manual,0,2
9059,20000,0,0,Partial High School,Manual,0,2
9060,30000,0,0,High School,Manual,0,1
9061,30000,0,0,High School,Manual,0,1
9062,30000,0,0,High School,Manual,0,1
9063,30000,0,0,High School,Manual,0,1
9064,40000,2,2,Partial College,Clerical,1,0
9065,40000,2,2,Partial College,Clerical,1,1
9066,40000,2,2,Partial College,Clerical,0,1
9067,40000,3,3,Partial College,Clerical,1,1
9068,40000,3,3,Partial College,Clerical,1,1
9069,40000,3,3,Partial College,Clerical,1,2
9070,30000,0,0,Graduate Degree,Skilled Manual,1,0
9071,60000,0,0,Graduate Degree,Skilled Manual,0,0
9072,60000,0,0,Graduate Degree,Skilled Manual,1,0
9073,60000,0,0,Graduate Degree,Skilled Manual,1,0
9074,60000,0,0,Graduate Degree,Skilled Manual,1,0
9075,10000,2,1,High School,Manual,1,2
9076,10000,2,1,High School,Manual,1,2
9077,10000,2,1,High School,Manual,1,2
9078,10000,2,1,High School,Manual,1,2
9079,20000,2,0,High School,Manual,0,2
9080,20000,2,0,High School,Manual,0,2
9081,20000,2,0,High School,Manual,0,2
9082,20000,2,0,High School,Manual,0,2
9083,20000,2,0,High School,Manual,1,2
9084,20000,2,0,High School,Manual,0,2
9085,20000,2,0,High School,Manual,0,2
9086,20000,2,0,Partial High School,Manual,0,2
9087,20000,3,0,Partial High School,Manual,0,2
9088,20000,3,0,Partial High School,Manual,0,2
9089,20000,3,0,Partial High School,Clerical,0,2
9090,30000,1,0,High School,Manual,1,1
9091,30000,1,0,High School,Clerical,1,1
9092,30000,1,0,High School,Clerical,1,1
9093,40000,1,0,Partial College,Clerical,1,1
9094,40000,1,0,Partial College,Clerical,1,1
9095,30000,1,0,High School,Clerical,0,2
9096,30000,1,0,High School,Clerical,0,2
9097,30000,2,0,High School,Skilled Manual,0,2
9098,40000,1,0,Partial College,Clerical,1,1
9099,30000,2,0,High School,Skilled Manual,0,2
9100,30000,2,0,High School,Skilled Manual,0,2
9101,30000,2,0,High School,Skilled Manual,1,2
9102,30000,2,0,High School,Skilled Manual,1,2
9103,30000,2,0,High School,Skilled Manual,1,2
9104,40000,1,0,Partial College,Clerical,1,1
9105,30000,2,0,High School,Skilled Manual,1,2
9106,30000,2,0,High School,Skilled Manual,0,2
9107,30000,2,0,High School,Skilled Manual,0,2
9108,40000,1,0,Partial College,Clerical,1,1
9109,40000,2,0,Partial College,Clerical,1,1
9110,40000,2,0,Partial College,Clerical,1,1
9111,40000,2,0,Partial College,Clerical,1,1
9112,40000,2,0,Partial College,Clerical,1,1
9113,80000,5,0,Graduate Degree,Skilled Manual,1,0
9114,80000,4,0,Graduate Degree,Skilled Manual,1,0
9115,80000,4,0,Graduate Degree,Skilled Manual,1,0
9116,40000,2,0,Partial College,Clerical,1,1
9117,60000,4,0,Graduate Degree,Skilled Manual,1,0
9118,50000,0,0,Graduate Degree,Skilled Manual,1,0
9119,50000,0,0,Graduate Degree,Skilled Manual,1,0
9120,40000,0,0,Graduate Degree,Skilled Manual,1,0
9121,40000,1,0,Graduate Degree,Skilled Manual,1,0
9122,40000,1,0,Graduate Degree,Skilled Manual,0,0
9123,40000,1,0,Graduate Degree,Skilled Manual,1,0
9124,40000,1,0,Graduate Degree,Skilled Manual,1,0
9125,40000,1,0,Graduate Degree,Skilled Manual,1,0
9126,60000,1,0,Graduate Degree,Skilled Manual,1,0
9127,60000,1,0,Graduate Degree,Skilled Manual,1,0
9128,60000,1,0,Graduate Degree,Skilled Manual,1,0
9129,60000,1,0,Graduate Degree,Skilled Manual,1,0
9130,60000,1,0,Graduate Degree,Skilled Manual,1,0
9131,60000,1,0,Graduate Degree,Skilled Manual,1,0
9132,10000,1,0,Graduate Degree,Manual,1,0
9133,10000,1,0,Graduate Degree,Manual,1,0
9134,20000,1,0,Graduate Degree,Clerical,1,0
9135,20000,1,0,Graduate Degree,Clerical,1,0
9136,10000,1,0,Bachellors,Manual,1,0
9137,10000,1,0,Bachellors,Manual,1,0
9138,10000,1,0,Bachellors,Manual,1,0
9139,20000,1,0,Graduate Degree,Clerical,1,0
9140,10000,0,0,Bachellors,Manual,1,0
9141,10000,1,0,Bachellors,Manual,1,0
9142,20000,1,0,Bachellors,Manual,1,0
9143,10000,2,0,Partial College,Manual,1,0
9144,10000,2,0,Partial College,Manual,1,0
9145,10000,2,0,Partial College,Manual,1,0
9146,10000,2,0,Partial College,Manual,1,1
9147,10000,2,0,Partial College,Manual,1,1
9148,30000,1,0,Bachellors,Clerical,1,0
9149,10000,3,0,Partial College,Manual,1,1
9150,30000,1,0,Bachellors,Clerical,1,0
9151,40000,1,0,Graduate Degree,Clerical,1,0
9152,10000,0,0,Partial College,Manual,1,1
9153,10000,0,0,Partial College,Manual,1,1
9154,10000,0,0,Partial College,Manual,0,1
9155,10000,0,0,Partial College,Manual,0,1
9156,10000,0,0,Partial College,Manual,1,1
9157,10000,0,0,High School,Manual,0,2
9158,10000,0,0,High School,Manual,0,2
9159,10000,1,1,High School,Manual,0,0
9160,20000,0,0,Bachellors,Clerical,1,0
9161,20000,0,0,Bachellors,Clerical,1,0
9162,20000,1,0,Partial College,Manual,1,0
9163,20000,2,0,Partial College,Manual,1,1
9164,20000,2,0,Partial College,Manual,1,1
9165,30000,1,0,Bachellors,Clerical,1,0
9166,30000,1,0,Bachellors,Clerical,1,0
9167,30000,4,0,Graduate Degree,Clerical,1,0
9168,30000,4,0,Graduate Degree,Clerical,1,0
9169,10000,1,1,High School,Manual,1,1
9170,20000,1,1,Partial College,Manual,0,0
9171,30000,3,0,Graduate Degree,Clerical,1,0
9172,20000,2,0,Partial College,Manual,1,1
9173,30000,3,0,Graduate Degree,Clerical,1,0
9174,40000,1,1,Bachellors,Skilled Manual,1,0
9175,20000,0,0,Partial High School,Manual,0,2
9176,30000,0,0,Partial College,Clerical,0,1
9177,20000,0,0,Partial High School,Manual,0,2
9178,20000,0,0,Partial High School,Manual,1,2
9179,20000,0,0,Partial High School,Manual,0,2
9180,30000,0,0,High School,Manual,0,1
9181,70000,1,0,Partial College,Skilled Manual,1,1
9182,70000,1,0,Partial College,Skilled Manual,1,1
9183,70000,1,0,Partial College,Skilled Manual,1,1
9184,70000,1,0,Partial College,Skilled Manual,1,1
9185,40000,4,3,High School,Skilled Manual,1,2
9186,40000,4,3,High School,Skilled Manual,1,3
9187,40000,4,2,High School,Skilled Manual,1,2
9188,60000,1,0,Partial College,Skilled Manual,1,1
9189,60000,1,0,Partial College,Skilled Manual,1,1
9190,50000,0,0,Partial College,Skilled Manual,0,1
9191,50000,0,0,Partial College,Skilled Manual,1,1
9192,60000,0,0,Graduate Degree,Professional,1,1
9193,60000,0,0,Graduate Degree,Professional,0,1
9194,60000,0,0,Graduate Degree,Professional,0,1
9195,60000,1,0,Partial College,Skilled Manual,1,1
9196,60000,1,0,Partial College,Skilled Manual,0,1
9197,60000,1,0,Partial College,Skilled Manual,1,1
9198,60000,1,0,Partial College,Skilled Manual,1,1
9199,60000,4,3,Bachellors,Professional,1,0
9200,70000,1,0,Graduate Degree,Professional,1,1
9201,70000,2,0,Graduate Degree,Professional,1,1
9202,70000,5,5,Graduate Degree,Professional,1,3
9203,70000,5,5,Graduate Degree,Professional,1,3
9204,80000,1,0,Graduate Degree,Professional,1,0
9205,80000,2,0,Graduate Degree,Professional,1,0
9206,60000,3,2,Bachellors,Professional,0,0
9207,60000,1,0,Bachellors,Professional,1,1
9208,60000,1,0,Bachellors,Professional,1,1
9209,60000,1,0,Bachellors,Professional,1,1
9210,60000,1,0,Bachellors,Professional,1,1
9211,80000,5,0,Graduate Degree,Professional,1,0
9212,60000,2,2,Bachellors,Professional,1,1
9213,80000,4,4,Graduate Degree,Management,1,1
9214,80000,4,4,Graduate Degree,Management,1,1
9215,60000,2,2,Bachellors,Professional,0,1
9216,60000,2,2,Bachellors,Professional,0,1
9217,60000,2,2,Bachellors,Professional,1,1
9218,70000,5,5,Bachellors,Professional,0,3
9219,70000,5,5,Bachellors,Professional,0,3
9220,110000,1,0,Graduate Degree,Management,0,0
9221,110000,1,0,Graduate Degree,Management,1,0
9222,120000,1,0,Graduate Degree,Management,0,0
9223,70000,5,5,Bachellors,Professional,0,3
9224,70000,5,5,Bachellors,Professional,1,4
9225,80000,5,5,Graduate Degree,Management,0,3
9226,90000,0,0,Bachellors,Professional,1,0
9227,90000,0,0,Bachellors,Professional,1,0
9228,90000,2,0,Bachellors,Professional,1,0
9229,100000,0,0,Graduate Degree,Management,1,0
9230,60000,2,2,Bachellors,Professional,1,1
9231,60000,3,3,Bachellors,Professional,1,1
9232,70000,0,0,Bachellors,Professional,0,1
9233,60000,3,3,Bachellors,Professional,1,2
9234,60000,3,3,Bachellors,Professional,1,2
9235,60000,4,4,Bachellors,Professional,1,3
9236,60000,4,4,Bachellors,Professional,1,3
9237,60000,3,2,Bachellors,Professional,0,2
9238,70000,0,0,Bachellors,Professional,0,1
9239,90000,2,0,Bachellors,Professional,1,0
9240,90000,2,0,Bachellors,Professional,1,0
9241,60000,1,0,Partial College,Skilled Manual,1,1
9242,60000,1,0,Partial College,Skilled Manual,0,1
9243,120000,5,0,Graduate Degree,Management,0,2
9244,100000,0,0,Graduate Degree,Management,0,1
9245,100000,0,0,Graduate Degree,Management,0,1
9246,100000,0,0,Graduate Degree,Management,1,1
9247,100000,0,0,Bachellors,Professional,0,1
9248,100000,0,0,Bachellors,Professional,0,1
9249,60000,1,0,Partial College,Skilled Manual,1,1
9250,60000,1,0,Partial College,Skilled Manual,1,1
9251,60000,1,0,Partial College,Skilled Manual,1,1
9252,60000,1,0,Partial College,Skilled Manual,1,1
9253,60000,1,0,Partial College,Skilled Manual,1,1
9254,70000,0,0,Bachellors,Professional,0,1
9255,80000,5,5,Bachellors,Professional,1,4
9256,80000,5,5,Bachellors,Professional,1,4
9257,70000,0,0,Bachellors,Professional,0,1
9258,70000,0,0,Bachellors,Professional,0,1
9259,70000,0,0,Bachellors,Professional,0,1
9260,70000,0,0,Bachellors,Professional,0,2
9261,60000,1,0,Partial College,Skilled Manual,1,1
9262,60000,1,0,Partial College,Skilled Manual,1,1
9263,70000,5,4,Partial College,Skilled Manual,1,2
9264,70000,5,4,Partial College,Skilled Manual,1,2
9265,60000,1,0,Partial College,Skilled Manual,1,1
9266,60000,1,0,Partial College,Skilled Manual,1,1
9267,70000,5,4,Partial College,Skilled Manual,0,2
9268,70000,5,4,Partial College,Skilled Manual,1,3
9269,70000,5,4,Partial College,Skilled Manual,1,3
9270,10000,2,1,High School,Skilled Manual,0,2
9271,30000,0,0,High School,Skilled Manual,1,2
9272,30000,0,0,High School,Skilled Manual,0,2
9273,40000,0,0,High School,Skilled Manual,0,2
9274,40000,0,0,High School,Skilled Manual,1,2
9275,40000,0,0,High School,Skilled Manual,1,2
9276,30000,0,0,High School,Skilled Manual,0,2
9277,30000,0,0,High School,Skilled Manual,1,2
9278,30000,2,0,Partial College,Clerical,0,2
9279,40000,0,0,High School,Skilled Manual,1,2
9280,40000,0,0,High School,Skilled Manual,1,2
9281,30000,0,0,Partial High School,Clerical,0,2
9282,40000,0,0,High School,Skilled Manual,0,2
9283,40000,2,0,Bachellors,Management,1,2
9284,40000,2,0,Bachellors,Management,1,2
9285,60000,2,0,Graduate Degree,Management,1,1
9286,40000,0,0,High School,Skilled Manual,1,2
9287,40000,0,0,Partial College,Skilled Manual,0,1
9288,40000,0,0,Partial College,Skilled Manual,1,1
9289,40000,0,0,Partial College,Skilled Manual,0,1
9290,40000,0,0,Partial College,Skilled Manual,0,1
9291,40000,0,0,Partial College,Skilled Manual,0,1
9292,40000,0,0,High School,Skilled Manual,0,2
9293,30000,0,0,Partial College,Skilled Manual,0,1
9294,30000,0,0,Partial College,Skilled Manual,1,1
9295,30000,0,0,Partial College,Skilled Manual,0,1
9296,60000,0,0,Partial College,Skilled Manual,0,1
9297,60000,0,0,Partial College,Skilled Manual,0,1
9298,130000,0,0,Graduate Degree,Management,0,2
9299,150000,0,0,Graduate Degree,Management,0,0
9300,90000,4,4,Bachellors,Management,1,1
9301,90000,4,4,Partial College,Skilled Manual,0,2
9302,90000,4,4,Partial College,Skilled Manual,1,3
9303,130000,1,0,Graduate Degree,Management,0,3
9304,160000,1,0,Graduate Degree,Management,1,1
9305,40000,0,0,High School,Skilled Manual,0,2
9306,30000,0,0,Partial College,Skilled Manual,0,1
9307,30000,0,0,Partial College,Skilled Manual,0,1
9308,30000,0,0,Partial College,Skilled Manual,1,1
9309,30000,0,0,Partial College,Skilled Manual,1,1
9310,10000,5,0,High School,Skilled Manual,1,4
9311,60000,0,0,Partial College,Skilled Manual,1,1
9312,60000,0,0,Partial College,Skilled Manual,0,1
9313,40000,0,0,Partial High School,Clerical,0,2
9314,40000,0,0,Partial College,Skilled Manual,0,1
9315,10000,2,1,High School,Skilled Manual,0,2
9316,40000,0,0,Partial College,Skilled Manual,1,1
9317,20000,4,0,High School,Skilled Manual,1,2
9318,20000,4,0,High School,Skilled Manual,0,2
9319,60000,1,1,Graduate Degree,Skilled Manual,1,0
9320,60000,1,1,Graduate Degree,Skilled Manual,1,0
9321,60000,1,1,Graduate Degree,Skilled Manual,1,0
9322,60000,1,1,Graduate Degree,Skilled Manual,1,0
9323,90000,0,0,Partial College,Professional,1,1
9324,90000,0,0,Partial College,Professional,0,2
9325,100000,0,2,Partial College,Professional,1,2
9326,130000,3,2,Bachellors,Management,0,4
9327,130000,3,2,Bachellors,Management,1,4
9328,130000,3,2,Bachellors,Management,1,4
9329,150000,2,0,Bachellors,Management,1,4
9330,160000,1,1,Bachellors,Management,1,4
9331,80000,5,4,Partial College,Professional,1,2
9332,90000,5,4,Partial College,Professional,1,4
9333,90000,5,4,Partial College,Professional,1,4
9334,100000,1,2,Partial College,Professional,0,3
9335,110000,1,3,Bachellors,Management,1,1
9336,110000,1,3,Bachellors,Management,0,3
9337,110000,1,3,Bachellors,Management,1,3
9338,120000,1,3,High School,Professional,1,4
9339,130000,1,2,Bachellors,Management,0,4
9340,130000,1,2,Bachellors,Management,1,4
9341,130000,1,2,Bachellors,Management,1,4
9342,70000,5,4,Partial College,Professional,1,3
9343,80000,5,4,Partial College,Professional,1,3
9344,90000,4,3,Partial College,Professional,1,1
9345,110000,1,3,Bachellors,Management,1,3
9346,110000,1,3,Bachellors,Management,1,3
9347,130000,1,3,Bachellors,Management,0,3
9348,160000,1,2,Bachellors,Management,1,4
9349,160000,1,3,Bachellors,Management,0,2
9350,60000,2,0,High School,Professional,0,2
9351,60000,2,0,High School,Professional,0,2
9352,70000,4,3,High School,Professional,1,0
9353,70000,4,3,High School,Professional,1,0
9354,80000,2,0,Partial High School,Skilled Manual,0,2
9355,80000,2,0,Partial High School,Skilled Manual,0,2
9356,80000,2,0,Partial High School,Skilled Manual,0,2
9357,40000,3,0,Partial College,Professional,0,2
9358,50000,2,0,Graduate Degree,Management,1,2
9359,50000,2,0,Graduate Degree,Management,1,2
9360,60000,2,0,Graduate Degree,Management,1,2
9361,120000,1,3,Graduate Degree,Management,1,4
9362,50000,2,0,Graduate Degree,Management,1,2
9363,60000,2,0,Graduate Degree,Management,0,2
9364,90000,4,0,Bachellors,Management,1,2
9365,130000,2,3,Graduate Degree,Management,1,3
9366,90000,4,3,High School,Professional,1,2
9367,120000,1,3,High School,Professional,1,4
9368,120000,4,4,High School,Professional,0,2
9369,80000,2,0,Partial High School,Skilled Manual,1,2
9370,80000,2,0,Partial High School,Skilled Manual,1,2
9371,70000,3,0,Partial High School,Skilled Manual,1,2
9372,60000,2,0,Partial High School,Skilled Manual,1,2
9373,60000,2,0,Partial High School,Skilled Manual,0,2
9374,60000,2,0,Partial High School,Skilled Manual,0,2
9375,60000,2,0,Partial High School,Skilled Manual,0,2
9376,70000,3,0,Graduate Degree,Management,1,2
9377,70000,3,0,Graduate Degree,Management,1,2
9378,70000,3,0,Graduate Degree,Management,1,2
9379,60000,3,0,Graduate Degree,Management,1,2
9380,60000,3,0,Graduate Degree,Management,1,2
9381,60000,3,0,Graduate Degree,Management,1,2
9382,60000,3,0,Graduate Degree,Management,1,2
9383,70000,5,0,Graduate Degree,Management,1,2
9384,60000,3,0,Graduate Degree,Management,1,2
9385,60000,3,0,Graduate Degree,Management,0,2
9386,70000,5,0,Graduate Degree,Management,1,2
9387,70000,5,0,Graduate Degree,Management,1,2
9388,60000,3,0,Graduate Degree,Management,0,2
9389,70000,5,0,Graduate Degree,Management,0,2
9390,70000,5,0,Graduate Degree,Management,1,2
9391,70000,5,0,Graduate Degree,Management,1,2
9392,70000,5,0,Graduate Degree,Management,1,2
9393,80000,4,0,Bachellors,Management,1,2
9394,80000,4,0,Bachellors,Management,1,2
9395,50000,4,0,Bachellors,Management,1,2
9396,50000,4,0,Bachellors,Management,0,2
9397,50000,4,0,Bachellors,Management,1,2
9398,50000,4,0,Bachellors,Management,1,2
9399,70000,5,0,Graduate Degree,Management,1,2
9400,50000,4,0,Bachellors,Management,1,2
9401,50000,4,0,Bachellors,Management,1,2
9402,50000,4,0,Bachellors,Management,1,2
9403,20000,4,0,High School,Skilled Manual,0,2
9404,20000,4,0,High School,Skilled Manual,0,2
9405,10000,2,1,Partial High School,Clerical,1,2
9406,70000,0,0,Partial College,Skilled Manual,0,2
9407,20000,2,1,Partial High School,Clerical,1,2
9408,20000,2,1,Partial High School,Clerical,1,2
9409,40000,0,0,Partial High School,Clerical,1,2
9410,40000,0,0,Partial College,Skilled Manual,1,2
9411,40000,0,0,Partial College,Skilled Manual,1,2
9412,60000,0,0,Partial College,Skilled Manual,1,2
9413,70000,0,0,Partial College,Skilled Manual,1,2
9414,60000,0,0,Partial College,Skilled Manual,1,2
9415,60000,0,0,Partial College,Skilled Manual,1,2
9416,20000,2,1,Partial High School,Clerical,1,2
9417,30000,3,0,Partial College,Clerical,1,2
9418,30000,3,0,Partial College,Clerical,0,2
9419,30000,3,0,Partial College,Clerical,0,2
9420,20000,2,1,Partial High School,Clerical,1,2
9421,30000,3,0,High School,Skilled Manual,1,2
9422,40000,0,0,Partial High School,Clerical,1,2
9423,60000,0,0,Partial College,Skilled Manual,1,2
9424,30000,3,0,High School,Skilled Manual,1,2
9425,30000,3,0,High School,Skilled Manual,1,2
9426,30000,3,0,High School,Skilled Manual,1,2
9427,30000,3,0,High School,Skilled Manual,1,2
9428,40000,3,0,Partial College,Skilled Manual,1,2
9429,40000,3,0,Partial College,Skilled Manual,0,2
9430,40000,3,0,Partial College,Skilled Manual,1,2
9431,70000,2,0,Partial College,Skilled Manual,1,2
9432,40000,0,0,Partial College,Skilled Manual,1,2
9433,40000,0,0,High School,Skilled Manual,1,2
9434,40000,0,0,High School,Skilled Manual,1,2
9435,60000,0,0,Partial College,Skilled Manual,0,2
9436,60000,0,0,Partial College,Skilled Manual,1,2
9437,60000,0,0,Partial College,Skilled Manual,0,2
9438,60000,0,0,Partial College,Skilled Manual,0,2
9439,60000,0,0,Partial College,Skilled Manual,1,2
9440,60000,0,0,Partial College,Skilled Manual,0,2
9441,60000,0,0,Partial College,Skilled Manual,0,2
9442,60000,0,0,Partial College,Professional,0,2
9443,70000,0,0,Partial College,Professional,1,2
9444,60000,0,0,Partial College,Professional,0,2
9445,80000,2,0,High School,Skilled Manual,1,2
9446,80000,2,0,High School,Skilled Manual,1,2
9447,80000,2,0,High School,Skilled Manual,1,2
9448,80000,2,0,High School,Skilled Manual,0,2
9449,80000,2,0,High School,Skilled Manual,1,2
9450,60000,0,0,Partial College,Professional,0,2
9451,70000,2,0,High School,Professional,1,2
9452,70000,2,0,High School,Professional,1,2
9453,70000,2,0,High School,Professional,0,2
9454,100000,1,1,Bachellors,Management,1,2
9455,110000,5,1,Bachellors,Management,1,4
9456,110000,4,1,Bachellors,Management,1,4
9457,130000,0,0,Graduate Degree,Management,1,3
9458,60000,0,0,Partial College,Professional,1,2
9459,60000,0,0,Partial College,Professional,1,2
9460,60000,0,0,High School,Professional,1,2
9461,110000,1,2,Bachellors,Management,1,1
9462,150000,0,0,Bachellors,Management,0,1
9463,160000,0,0,Graduate Degree,Management,0,4
9464,60000,2,0,High School,Professional,0,2
9465,70000,2,1,Partial College,Professional,1,0
9466,80000,2,1,Bachellors,Management,1,1
9467,90000,2,0,Partial College,Professional,1,1
9468,60000,2,0,High School,Professional,0,2
9469,60000,2,0,High School,Professional,0,2
9470,70000,3,0,Partial College,Professional,0,2
9471,70000,3,0,Partial College,Professional,1,2
9472,50000,2,0,Graduate Degree,Management,1,2
9473,90000,4,4,Partial College,Professional,1,3
9474,90000,5,5,Partial College,Professional,1,3
9475,100000,3,1,Bachellors,Management,1,4
9476,110000,2,2,Bachellors,Management,1,3
9477,130000,1,2,Graduate Degree,Management,0,1
9478,130000,2,2,Graduate Degree,Management,0,2
9479,80000,4,3,Bachellors,Management,0,0
9480,80000,4,3,Bachellors,Management,1,0
9481,40000,3,2,High School,Skilled Manual,1,2
9482,40000,3,2,High School,Skilled Manual,1,2
9483,70000,1,0,Bachellors,Professional,0,1
9484,70000,1,0,Partial College,Skilled Manual,1,1
9485,50000,4,0,Bachellors,Management,0,2
9486,50000,4,0,Bachellors,Management,1,2
9487,60000,3,0,Graduate Degree,Management,1,2
9488,60000,3,0,Graduate Degree,Management,1,2
9489,60000,3,0,Graduate Degree,Management,1,2
9490,70000,5,0,Bachellors,Management,1,2
9491,60000,3,0,Graduate Degree,Management,1,2
9492,70000,5,0,Bachellors,Management,1,2
9493,70000,5,0,Bachellors,Management,1,2
9494,70000,5,0,Bachellors,Management,1,2
9495,80000,5,0,Bachellors,Management,1,2
9496,80000,5,0,Bachellors,Management,0,2
9497,90000,5,0,Bachellors,Management,0,2
9498,30000,5,0,Partial High School,Clerical,0,2
9499,40000,4,0,High School,Professional,0,2
9500,40000,4,0,High School,Professional,1,2
9501,40000,4,0,High School,Professional,0,2
9502,70000,4,0,Bachellors,Management,1,2
9503,70000,4,0,Bachellors,Management,1,2
9504,40000,4,0,High School,Professional,0,2
9505,40000,5,0,High School,Professional,0,2
9506,40000,5,0,High School,Professional,0,2
9507,40000,5,0,High School,Professional,0,2
9508,70000,4,0,Bachellors,Management,0,2
9509,70000,5,0,Bachellors,Management,1,2
9510,70000,5,0,Bachellors,Management,1,2
9511,60000,4,0,Bachellors,Management,0,2
9512,60000,4,0,Bachellors,Management,1,2
9513,70000,2,1,Partial College,Professional,1,1
9514,70000,2,1,Partial College,Professional,1,1
9515,70000,2,1,Partial College,Professional,1,1
9516,70000,2,1,Partial College,Professional,1,1
9517,70000,2,1,Partial College,Professional,1,1
9518,70000,2,1,Partial College,Professional,1,1
9519,70000,2,1,Partial College,Professional,1,1
9520,40000,2,1,High School,Professional,1,2
9521,40000,2,1,High School,Professional,1,2
9522,40000,2,1,High School,Professional,1,2
9523,60000,2,1,Bachellors,Management,1,0
9524,60000,2,1,Bachellors,Management,1,0
9525,60000,2,1,Partial College,Professional,1,2
9526,60000,2,1,Bachellors,Management,1,0
9527,60000,2,1,Partial College,Professional,1,0
9528,70000,4,1,Partial College,Professional,1,2
9529,40000,2,1,Partial High School,Skilled Manual,1,2
9530,60000,2,1,Partial College,Professional,0,2
9531,60000,2,1,High School,Professional,1,2
9532,60000,2,1,Partial College,Professional,1,1
9533,60000,2,1,Partial College,Professional,1,1
9534,60000,2,1,Partial College,Professional,1,1
9535,60000,2,1,Partial College,Professional,1,1
9536,70000,4,2,Partial College,Professional,1,1
9537,80000,3,1,Bachellors,Management,1,1
9538,80000,3,1,Bachellors,Management,1,1
9539,60000,2,1,Partial College,Professional,1,1
9540,60000,2,1,Partial College,Professional,1,1
9541,60000,2,1,Partial College,Professional,1,1
9542,60000,2,1,Partial College,Professional,0,2
9543,60000,2,1,Partial College,Professional,1,2
9544,70000,4,2,Partial College,Professional,0,2
9545,70000,2,1,Partial High School,Skilled Manual,0,2
9546,70000,2,1,Partial High School,Skilled Manual,0,3
9547,60000,2,1,High School,Professional,0,2
9548,70000,4,3,Partial College,Professional,1,1
9549,120000,2,4,High School,Professional,1,4
9550,130000,2,4,Partial College,Professional,1,2
9551,150000,1,3,Partial College,Professional,1,3
9552,150000,2,3,High School,Professional,1,4
9553,150000,2,4,High School,Professional,1,3
9554,100000,2,3,Partial College,Professional,1,4
9555,120000,3,4,High School,Professional,1,4
9556,120000,3,4,High School,Professional,0,4
9557,120000,3,4,High School,Professional,1,4
9558,120000,3,4,High School,Professional,1,4
9559,170000,3,3,Partial College,Professional,1,4
9560,110000,3,4,Partial College,Professional,1,4
9561,110000,3,4,Partial College,Professional,1,4
9562,130000,3,4,Partial College,Professional,0,3
9563,130000,3,4,Partial College,Professional,1,3
9564,110000,3,4,Bachellors,Management,1,4
9565,130000,3,4,Bachellors,Management,0,3
9566,130000,3,4,Bachellors,Management,1,4
9567,110000,3,4,Bachellors,Management,0,4
9568,130000,4,4,Partial College,Professional,0,4
9569,90000,5,0,Partial College,Professional,0,2
9570,130000,4,4,Partial College,Professional,1,4
9571,130000,4,4,Partial College,Professional,1,4
9572,170000,4,4,Bachellors,Management,0,4
9573,80000,4,2,Partial College,Professional,1,2
9574,90000,4,2,Partial College,Professional,1,1
9575,130000,3,4,Partial College,Professional,1,4
9576,130000,4,5,High School,Professional,1,2
9577,130000,4,5,High School,Professional,0,2
9578,130000,4,5,High School,Professional,1,2
9579,100000,3,4,Bachellors,Management,0,3
9580,100000,3,4,Partial College,Professional,1,4
9581,80000,4,1,Partial College,Professional,1,2
9582,80000,4,1,Partial College,Professional,0,2
9583,80000,4,1,High School,Professional,1,2
9584,90000,4,1,High School,Professional,1,2
9585,110000,4,5,Partial College,Professional,1,2
9586,130000,4,5,High School,Professional,1,3
9587,90000,4,1,High School,Management,1,3
9588,100000,3,4,Partial College,Management,1,4
9589,150000,4,5,Partial College,Management,1,4
9590,80000,5,1,High School,Management,1,3
9591,100000,3,4,Partial College,Management,1,4
9592,120000,4,5,High School,Management,1,3
9593,160000,4,5,High School,Management,1,4
9594,80000,5,1,High School,Management,1,4
9595,80000,5,1,High School,Management,1,4
9596,80000,5,1,High School,Management,1,4
9597,130000,5,5,Bachellors,Professional,1,4
9598,90000,5,0,Partial High School,Skilled Manual,0,2
9599,100000,3,5,Partial High School,Professional,1,0
9600,120000,5,5,High School,Management,0,4
9601,70000,0,0,Bachellors,Professional,0,2
9602,70000,0,0,Bachellors,Professional,1,3
9603,70000,0,0,Bachellors,Professional,0,3
9604,70000,0,0,Bachellors,Professional,1,3
9605,60000,0,0,Bachellors,Professional,0,4
9606,80000,0,0,Bachellors,Professional,1,3
9607,70000,0,0,Bachellors,Professional,1,4
9608,80000,0,0,Bachellors,Professional,1,3
9609,100000,0,5,High School,Management,1,2
9610,100000,0,5,High School,Management,1,2
9611,110000,0,5,Partial College,Management,1,3
9612,110000,0,5,Partial College,Management,0,3
9613,110000,0,5,Partial College,Management,1,3
9614,110000,0,5,Partial College,Management,1,3
9615,110000,0,5,Partial College,Management,1,3
9616,110000,0,5,Partial College,Management,1,3
9617,120000,0,5,Partial High School,Professional,1,4
9618,100000,0,5,High School,Management,1,3
9619,80000,0,0,Bachellors,Professional,1,4
9620,80000,0,0,Bachellors,Professional,0,4
9621,90000,0,0,Bachellors,Professional,0,3
9622,120000,0,5,Partial High School,Professional,0,4
9623,120000,0,5,Partial High School,Professional,1,4
9624,130000,4,5,High School,Management,1,4
9625,100000,0,5,High School,Management,1,3
9626,100000,0,5,High School,Management,1,3
9627,100000,0,5,High School,Management,1,4
9628,110000,0,5,High School,Management,1,4
9629,120000,0,5,Partial High School,Professional,1,4
9630,120000,0,5,Partial High School,Professional,1,4
9631,130000,5,5,High School,Management,1,4
9632,130000,5,5,Bachellors,Professional,1,4
9633,80000,4,3,Partial College,Professional,1,1
9634,90000,5,5,Partial College,Professional,1,3
9635,100000,5,2,Partial College,Professional,1,0
9636,110000,3,2,Bachellors,Management,1,4
9637,130000,3,2,Bachellors,Management,1,3
9638,70000,3,2,Partial College,Professional,1,1
9639,80000,3,0,Partial College,Professional,1,2
9640,80000,3,2,Partial College,Professional,0,0
9641,90000,2,1,Partial College,Professional,0,0
9642,90000,2,1,Partial College,Professional,1,0
9643,90000,2,1,Partial College,Professional,1,1
9644,90000,4,0,Bachellors,Management,1,1
9645,130000,1,2,Graduate Degree,Management,0,3
9646,60000,1,0,Graduate Degree,Skilled Manual,1,0
9647,60000,1,0,Graduate Degree,Skilled Manual,1,0
9648,60000,1,0,Graduate Degree,Professional,1,0
9649,70000,1,0,Graduate Degree,Professional,1,0
9650,70000,2,0,Graduate Degree,Professional,1,0
9651,50000,1,1,Bachellors,Skilled Manual,1,0
9652,50000,1,1,Bachellors,Skilled Manual,1,0
9653,50000,1,1,Bachellors,Skilled Manual,1,0
9654,50000,1,1,Bachellors,Skilled Manual,1,0
9655,50000,1,1,Bachellors,Skilled Manual,1,0
9656,50000,1,1,Bachellors,Skilled Manual,1,1
9657,60000,1,0,Graduate Degree,Professional,1,0
9658,50000,2,2,Bachellors,Skilled Manual,1,0
9659,70000,2,0,Graduate Degree,Professional,1,0
9660,70000,3,0,Graduate Degree,Professional,1,0
9661,60000,1,0,Graduate Degree,Professional,1,0
9662,60000,1,0,Graduate Degree,Professional,1,0
9663,70000,2,2,Bachellors,Skilled Manual,1,0
9664,70000,2,2,Bachellors,Skilled Manual,0,0
9665,70000,2,2,Bachellors,Skilled Manual,1,1
9666,70000,2,2,Bachellors,Skilled Manual,1,1
9667,70000,2,2,Bachellors,Skilled Manual,1,1
9668,70000,2,2,Bachellors,Skilled Manual,1,1
9669,70000,2,2,Bachellors,Skilled Manual,0,1
9670,40000,0,0,Bachellors,Professional,1,1
9671,60000,1,0,Graduate Degree,Professional,1,0
9672,70000,4,0,Graduate Degree,Professional,1,0
9673,70000,4,0,Graduate Degree,Professional,1,0
9674,70000,4,0,Graduate Degree,Professional,1,0
9675,50000,2,2,Bachellors,Skilled Manual,0,1
9676,50000,2,2,Bachellors,Skilled Manual,0,1
9677,60000,3,3,Bachellors,Skilled Manual,1,0
9678,60000,3,3,Bachellors,Skilled Manual,1,0
9679,60000,3,3,Bachellors,Skilled Manual,1,1
9680,60000,0,0,Graduate Degree,Professional,1,0
9681,60000,0,0,Graduate Degree,Professional,1,0
9682,70000,5,5,Graduate Degree,Professional,1,2
9683,80000,2,0,Graduate Degree,Professional,1,0
9684,80000,3,0,Graduate Degree,Professional,1,0
9685,80000,3,0,Graduate Degree,Professional,1,0
9686,40000,0,0,Bachellors,Professional,0,1
9687,40000,0,0,Bachellors,Professional,1,1
9688,40000,0,0,Bachellors,Professional,0,1
9689,50000,3,3,Bachellors,Skilled Manual,1,1
9690,50000,3,3,Bachellors,Skilled Manual,1,2
9691,50000,3,3,Bachellors,Skilled Manual,1,2
9692,60000,0,0,Graduate Degree,Professional,1,0
9693,60000,0,0,Graduate Degree,Professional,1,0
9694,60000,0,0,Graduate Degree,Professional,0,1
9695,60000,4,4,Bachellors,Skilled Manual,1,2
9696,60000,4,4,Bachellors,Skilled Manual,1,2
9697,60000,4,4,Bachellors,Skilled Manual,0,2
9698,60000,4,4,Bachellors,Skilled Manual,1,3
9699,60000,4,4,Bachellors,Skilled Manual,1,3
9700,60000,4,2,Bachellors,Skilled Manual,0,2
9701,60000,4,2,Bachellors,Skilled Manual,1,2
9702,60000,4,2,Bachellors,Skilled Manual,0,2
9703,70000,4,2,Bachellors,Skilled Manual,0,2
9704,70000,4,2,Bachellors,Professional,1,2
9705,70000,4,2,Bachellors,Professional,1,2
9706,70000,0,0,Bachellors,Professional,0,1
9707,70000,0,0,Bachellors,Professional,1,1
9708,70000,0,0,Bachellors,Professional,0,1
9709,70000,4,2,Bachellors,Professional,1,3
9710,70000,0,0,Bachellors,Professional,0,1
9711,40000,1,1,Bachellors,Skilled Manual,1,0
9712,40000,1,1,Bachellors,Skilled Manual,1,0
9713,40000,1,1,Bachellors,Skilled Manual,1,0
9714,10000,0,0,Partial High School,Manual,0,2
9715,20000,0,0,Partial High School,Manual,0,2
9716,20000,0,0,Partial High School,Manual,0,2
9717,40000,1,1,Bachellors,Skilled Manual,1,1
9718,40000,0,0,Graduate Degree,Skilled Manual,0,0
9719,30000,0,0,High School,Manual,1,1
9720,30000,0,0,High School,Manual,0,1
9721,30000,0,0,High School,Manual,0,1
9722,10000,0,0,Partial High School,Manual,1,2
9723,40000,2,2,Partial College,Clerical,1,0
9724,20000,0,0,Partial High School,Manual,0,2
9725,20000,0,0,Partial High School,Manual,1,2
9726,20000,0,0,Partial High School,Manual,1,2
9727,30000,0,0,High School,Manual,0,1
9728,40000,2,2,Partial College,Clerical,1,0
9729,40000,2,2,Partial College,Clerical,1,0
9730,40000,2,2,Partial College,Clerical,0,1
9731,40000,2,2,Partial College,Clerical,1,2
9732,50000,0,0,Graduate Degree,Skilled Manual,0,0
9733,40000,3,3,Partial College,Clerical,1,0
9734,40000,3,3,Partial College,Clerical,1,2
9735,50000,0,0,Graduate Degree,Skilled Manual,1,0
9736,50000,0,0,Graduate Degree,Skilled Manual,1,0
9737,40000,4,4,Partial College,Clerical,1,1
9738,20000,2,0,Partial College,Clerical,0,2
9739,60000,0,0,Graduate Degree,Skilled Manual,1,0
9740,10000,2,1,High School,Manual,1,2
9741,10000,2,1,High School,Manual,1,2
9742,20000,2,0,High School,Manual,1,2
9743,20000,2,0,High School,Manual,0,2
9744,20000,2,0,High School,Manual,0,2
9745,20000,2,0,High School,Manual,0,2
9746,20000,2,0,Partial High School,Manual,0,2
9747,20000,2,0,Partial High School,Manual,0,2
9748,20000,3,0,Partial High School,Clerical,0,2
9749,20000,3,0,Partial High School,Clerical,1,2
9750,30000,1,0,High School,Clerical,1,1
9751,40000,1,0,Partial College,Clerical,1,1
9752,30000,1,0,High School,Clerical,0,2
9753,30000,1,0,High School,Clerical,0,2
9754,30000,1,0,High School,Clerical,0,2
9755,30000,2,0,High School,Skilled Manual,1,2
9756,40000,1,0,Partial College,Clerical,1,1
9757,30000,2,0,High School,Skilled Manual,0,2
9758,30000,2,0,High School,Skilled Manual,0,2
9759,30000,2,0,High School,Skilled Manual,1,2
9760,40000,1,0,Partial College,Clerical,1,1
9761,40000,1,0,Partial College,Clerical,1,1
9762,40000,1,0,Partial College,Clerical,1,1
9763,30000,2,0,High School,Skilled Manual,1,2
9764,30000,2,0,High School,Skilled Manual,1,2
9765,30000,2,0,High School,Skilled Manual,0,2
9766,40000,1,0,Partial College,Clerical,1,1
9767,40000,2,0,Partial College,Clerical,1,1
9768,40000,2,0,Partial College,Clerical,1,1
9769,40000,2,0,Partial College,Clerical,1,1
9770,40000,2,0,Partial College,Clerical,1,1
9771,80000,5,0,Graduate Degree,Skilled Manual,1,0
9772,80000,4,0,Graduate Degree,Skilled Manual,1,0
9773,80000,4,0,Graduate Degree,Skilled Manual,1,0
9774,80000,4,0,Graduate Degree,Skilled Manual,0,0
9775,80000,4,0,Graduate Degree,Skilled Manual,1,0
9776,40000,2,0,Partial College,Clerical,1,1
9777,40000,2,0,Partial College,Clerical,1,1
9778,60000,4,0,Graduate Degree,Skilled Manual,1,0
9779,60000,4,0,Graduate Degree,Skilled Manual,1,0
9780,60000,4,0,Graduate Degree,Skilled Manual,1,0
9781,60000,4,0,Graduate Degree,Skilled Manual,1,0
9782,60000,4,0,Graduate Degree,Skilled Manual,1,0
9783,60000,4,0,Graduate Degree,Skilled Manual,1,0
9784,60000,4,0,Graduate Degree,Skilled Manual,1,0
9785,60000,4,0,Graduate Degree,Skilled Manual,1,0
9786,50000,0,0,Graduate Degree,Skilled Manual,1,0
9787,50000,0,0,Graduate Degree,Skilled Manual,1,0
9788,40000,0,0,Graduate Degree,Skilled Manual,1,0
9789,40000,1,0,Graduate Degree,Skilled Manual,1,0
9790,40000,1,0,Graduate Degree,Skilled Manual,0,0
9791,40000,1,0,Graduate Degree,Skilled Manual,1,0
9792,40000,1,0,Graduate Degree,Skilled Manual,1,0
9793,60000,1,0,Graduate Degree,Skilled Manual,1,0
9794,10000,0,0,Graduate Degree,Manual,1,0
9795,10000,1,0,Graduate Degree,Manual,1,0
9796,10000,1,0,Graduate Degree,Manual,1,0
9797,10000,1,0,Bachellors,Manual,1,0
9798,10000,1,0,Bachellors,Manual,1,0
9799,10000,1,0,Bachellors,Manual,1,0
9800,20000,1,0,Graduate Degree,Clerical,1,0
9801,10000,1,0,Bachellors,Manual,1,0
9802,10000,1,0,Partial College,Manual,1,0
9803,10000,2,0,Partial College,Manual,1,0
9804,10000,2,0,Partial College,Manual,1,0
9805,10000,2,0,Partial College,Manual,1,0
9806,10000,2,0,Partial College,Manual,1,0
9807,10000,2,0,Partial College,Manual,1,0
9808,10000,2,0,Partial College,Manual,1,1
9809,10000,2,0,Partial College,Manual,1,1
9810,10000,2,0,Partial College,Manual,1,1
9811,10000,2,0,Partial College,Manual,1,1
9812,40000,1,0,Graduate Degree,Clerical,1,0
9813,10000,0,0,Partial College,Manual,0,1
9814,10000,0,0,Partial College,Manual,1,1
9815,10000,0,0,Partial College,Manual,1,1
9816,10000,0,0,Partial College,Manual,1,1
9817,20000,0,0,Bachellors,Clerical,1,0
9818,10000,0,0,Partial College,Manual,0,1
9819,10000,0,0,High School,Manual,0,2
9820,20000,0,0,Bachellors,Clerical,1,0
9821,20000,0,0,Bachellors,Clerical,1,0
9822,20000,0,0,Bachellors,Clerical,1,0
9823,20000,0,0,Partial College,Manual,0,0
9824,20000,0,0,Partial College,Manual,1,0
9825,30000,1,0,Bachellors,Clerical,1,0
9826,40000,1,0,Graduate Degree,Clerical,1,0
9827,20000,1,1,Partial College,Manual,0,0
9828,20000,1,1,Partial College,Manual,0,0
9829,30000,4,0,Graduate Degree,Clerical,1,0
9830,30000,4,0,Graduate Degree,Clerical,1,0
9831,30000,4,0,Graduate Degree,Clerical,1,0
9832,30000,4,0,Graduate Degree,Clerical,1,0
9833,30000,3,0,Graduate Degree,Clerical,1,0
9834,20000,1,1,Partial College,Manual,0,0
9835,30000,3,0,Graduate Degree,Clerical,1,0
9836,20000,2,0,Partial College,Manual,1,1
9837,20000,2,0,Partial College,Manual,1,1
9838,20000,2,0,Partial College,Manual,1,1
9839,30000,3,0,Graduate Degree,Clerical,1,0
9840,30000,3,0,Graduate Degree,Clerical,1,0
9841,20000,2,0,Partial College,Manual,1,1
9842,30000,1,0,Graduate Degree,Clerical,1,0
9843,30000,3,0,Bachellors,Clerical,1,0
9844,30000,3,0,Bachellors,Clerical,1,0
9845,30000,3,0,Bachellors,Clerical,1,0
9846,30000,3,0,Bachellors,Clerical,1,0
9847,30000,0,0,Bachellors,Clerical,1,0
9848,30000,0,0,Bachellors,Clerical,1,0
9849,30000,1,0,Bachellors,Clerical,1,0
9850,20000,0,0,Partial College,Manual,1,1
9851,20000,0,0,Partial College,Manual,0,1
9852,20000,0,0,Partial College,Manual,0,1
9853,30000,0,0,Bachellors,Clerical,1,0
9854,30000,0,0,Bachellors,Clerical,0,0
9855,10000,2,2,High School,Manual,1,0
9856,30000,0,0,Bachellors,Clerical,1,0
9857,20000,0,0,Partial College,Manual,0,1
9858,20000,0,0,Partial College,Manual,0,1
9859,30000,0,0,Bachellors,Clerical,1,0
9860,30000,0,0,Bachellors,Clerical,0,0
9861,40000,0,0,Graduate Degree,Clerical,1,0
9862,40000,0,0,Graduate Degree,Clerical,1,0
9863,40000,0,0,Graduate Degree,Clerical,1,0
9864,40000,0,0,Graduate Degree,Clerical,1,0
9865,50000,0,0,Graduate Degree,Skilled Manual,1,0
9866,20000,2,0,Partial College,Manual,1,1
9867,130000,0,0,Bachellors,Professional,1,0
9868,10000,3,0,Partial College,Manual,0,2
9869,10000,4,0,High School,Manual,0,2
9870,10000,2,2,High School,Manual,1,1
9871,10000,2,2,High School,Manual,1,1
9872,10000,3,3,High School,Manual,1,0
9873,10000,3,3,High School,Manual,1,0
9874,20000,1,1,Partial College,Manual,1,0
9875,20000,1,1,Partial College,Manual,0,1
9876,20000,1,1,Partial College,Manual,1,1
9877,30000,1,0,Bachellors,Clerical,1,0
9878,30000,1,0,Bachellors,Clerical,1,0
9879,30000,1,0,Bachellors,Clerical,1,0
9880,40000,0,0,Graduate Degree,Clerical,1,0
9881,10000,3,3,High School,Manual,1,1
9882,20000,1,1,Partial College,Manual,0,1
9883,20000,1,1,Partial College,Manual,1,1
9884,30000,1,1,Bachellors,Clerical,1,0
9885,30000,1,1,Bachellors,Clerical,0,0
9886,30000,1,1,Bachellors,Clerical,0,0
9887,30000,1,1,Bachellors,Clerical,1,0
9888,10000,4,4,Partial High School,Manual,1,1
9889,10000,4,4,Partial High School,Manual,1,1
9890,20000,1,1,High School,Manual,0,1
9891,20000,1,1,High School,Manual,0,1
9892,40000,0,0,Bachellors,Clerical,0,0
9893,40000,0,0,Bachellors,Clerical,0,0
9894,30000,1,0,Bachellors,Clerical,1,1
9895,20000,2,2,High School,Manual,1,0
9896,30000,1,1,Bachellors,Clerical,0,1
9897,30000,1,1,Bachellors,Skilled Manual,1,1
9898,30000,1,1,Bachellors,Skilled Manual,1,2
9899,30000,1,1,Bachellors,Skilled Manual,1,2
9900,10000,5,3,Partial High School,Manual,1,2
9901,10000,4,3,Partial High School,Manual,1,2
9902,20000,2,2,High School,Manual,1,1
9903,30000,1,1,Bachellors,Skilled Manual,1,2
9904,30000,1,1,Bachellors,Skilled Manual,1,2
9905,30000,1,1,Bachellors,Skilled Manual,1,2
9906,10000,5,2,Partial High School,Manual,1,1
9907,10000,5,2,Partial High School,Manual,1,1
9908,10000,3,2,Partial High School,Manual,1,2
9909,10000,3,2,Partial High School,Manual,1,2
9910,10000,3,2,Partial High School,Manual,1,2
9911,40000,0,0,Bachellors,Professional,1,0
9912,40000,0,0,Bachellors,Professional,0,0
9913,40000,0,0,Bachellors,Professional,0,0
9914,30000,2,2,Partial College,Clerical,1,0
9915,30000,1,0,Partial College,Clerical,1,1
9916,30000,2,2,Partial College,Clerical,1,1
9917,30000,2,2,Partial College,Clerical,1,2
9918,40000,1,0,Bachellors,Skilled Manual,1,0
9919,30000,2,2,Partial College,Clerical,0,2
9920,30000,2,2,Partial College,Clerical,1,2
9921,30000,2,2,Partial College,Clerical,1,2
9922,40000,1,0,Bachellors,Skilled Manual,1,0
9923,40000,1,0,Bachellors,Skilled Manual,1,0
9924,40000,1,0,Bachellors,Skilled Manual,1,0
9925,20000,0,0,High School,Manual,1,1
9926,20000,4,4,High School,Manual,1,2
9927,20000,4,4,High School,Manual,1,3
9928,20000,5,5,High School,Manual,1,2
9929,30000,3,3,Partial College,Clerical,1,1
9930,30000,3,3,Partial College,Clerical,1,2
9931,40000,1,0,Bachellors,Skilled Manual,1,0
9932,40000,1,0,Bachellors,Skilled Manual,1,0
9933,30000,1,0,Partial College,Clerical,1,1
9934,30000,4,4,Partial College,Clerical,1,3
9935,30000,5,5,Partial College,Clerical,1,1
9936,30000,5,5,Partial College,Clerical,1,3
9937,30000,0,0,Partial College,Clerical,0,1
9938,30000,0,0,Partial College,Clerical,1,1
9939,30000,0,0,Partial College,Clerical,0,1
9940,20000,0,0,High School,Manual,0,1
9941,20000,0,0,High School,Manual,0,1
9942,10000,0,0,Partial High School,Manual,1,2
9943,20000,0,0,High School,Manual,0,1
9944,20000,0,0,High School,Manual,1,1
9945,20000,0,0,High School,Manual,0,1
9946,30000,0,0,Partial College,Clerical,0,1
9947,30000,0,0,Partial College,Clerical,0,1
9948,30000,0,0,Partial College,Clerical,1,1
9949,30000,0,0,Partial College,Clerical,0,1
9950,10000,0,0,Partial High School,Manual,1,2
9951,20000,0,0,Partial High School,Manual,1,2
9952,20000,0,0,Partial High School,Manual,0,2
9953,20000,0,0,Partial High School,Manual,0,2
9954,20000,0,0,Partial High School,Manual,1,2
9955,20000,0,0,Partial High School,Manual,0,2
9956,30000,0,0,Partial College,Clerical,0,1
9957,30000,0,0,Partial College,Clerical,0,1
9958,30000,0,0,Partial College,Clerical,0,1
9959,30000,0,0,Partial College,Clerical,0,1
9960,20000,1,0,Graduate Degree,Clerical,1,0
9961,20000,1,0,Graduate Degree,Clerical,1,0
9962,10000,1,0,Bachellors,Manual,1,0
9963,20000,1,0,Graduate Degree,Clerical,1,0
9964,20000,1,0,Graduate Degree,Clerical,1,0
9965,10000,1,0,Graduate Degree,Clerical,1,0
9966,30000,1,0,Graduate Degree,Clerical,1,0
9967,30000,5,0,Graduate Degree,Clerical,1,0
9968,10000,1,0,Partial College,Manual,1,0
9969,10000,1,0,Partial College,Manual,1,0
9970,10000,2,0,Partial College,Manual,1,0
9971,10000,2,0,Partial College,Manual,1,1
9972,10000,2,0,Bachellors,Clerical,1,1
9973,20000,1,0,Bachellors,Clerical,1,0
9974,30000,1,0,Graduate Degree,Clerical,1,0
9975,10000,2,0,Bachellors,Clerical,1,1
9976,20000,1,0,Bachellors,Clerical,1,0
9977,10000,2,0,Partial College,Manual,1,1
9978,20000,1,0,Bachellors,Clerical,1,0
9979,20000,1,0,Partial College,Manual,1,0
9980,20000,1,0,Partial College,Manual,1,0
9981,30000,1,0,Bachellors,Clerical,1,0
9982,10000,3,0,Partial College,Manual,1,1
9983,40000,1,0,Graduate Degree,Clerical,1,0
9984,10000,0,0,Partial College,Manual,0,1
9985,10000,0,0,Partial College,Manual,0,1
9986,20000,0,0,Bachellors,Clerical,1,0
9987,10000,0,0,High School,Manual,1,1
9988,10000,0,0,High School,Manual,0,1
9989,10000,0,0,High School,Manual,0,2
9990,10000,1,1,High School,Manual,1,0
9991,10000,1,1,High School,Manual,1,0
9992,10000,1,1,High School,Manual,1,0
9993,20000,0,0,Bachellors,Clerical,1,0
9994,20000,0,0,Bachellors,Clerical,0,0
9995,20000,0,0,Bachellors,Clerical,0,0
9996,20000,0,0,Bachellors,Clerical,1,0
9997,20000,0,0,Bachellors,Clerical,1,0
9998,20000,0,0,Bachellors,Clerical,1,0
9999,20000,0,0,Bachellors,Clerical,0,0
10000,20000,0,0,Bachellors,Clerical,1,0
10001,20000,0,0,Bachellors,Clerical,1,0
10002,20000,0,0,Bachellors,Clerical,0,0
10003,20000,0,0,Partial College,Manual,0,0
10004,20000,1,1,Partial College,Manual,1,0
10005,30000,4,0,Graduate Degree,Clerical,1,0
10006,10000,1,1,High School,Manual,1,1
10007,20000,1,1,Partial College,Manual,0,0
10008,20000,1,1,Partial College,Manual,1,0
10009,20000,1,1,Partial College,Manual,0,0
10010,20000,1,1,Partial College,Manual,0,0
10011,20000,1,1,Partial College,Manual,1,0
10012,20000,1,1,Partial College,Manual,0,0
10013,20000,2,0,Partial College,Manual,1,1
10014,20000,2,0,Partial College,Manual,1,1
10015,20000,2,0,Partial College,Manual,1,1
10016,30000,1,0,Graduate Degree,Clerical,1,0
10017,30000,3,0,Graduate Degree,Clerical,1,0
10018,30000,3,0,Graduate Degree,Clerical,1,0
10019,30000,3,0,Graduate Degree,Clerical,1,0
10020,40000,3,0,Graduate Degree,Clerical,1,0
10021,30000,3,0,Bachellors,Clerical,1,0
10022,30000,0,0,Bachellors,Clerical,1,0
10023,30000,1,0,Bachellors,Clerical,1,0
10024,10000,1,1,High School,Manual,1,1
10025,10000,1,1,High School,Manual,0,1
10026,10000,1,1,High School,Manual,0,2
10027,20000,0,0,Partial College,Manual,1,1
10028,20000,0,0,Partial College,Manual,0,1
10029,20000,0,0,Partial College,Manual,1,1
10030,10000,2,2,High School,Manual,1,0
10031,30000,0,0,Bachellors,Clerical,0,0
10032,30000,0,0,Bachellors,Clerical,0,0
10033,20000,0,0,Partial College,Manual,1,1
10034,30000,0,0,Bachellors,Clerical,0,0
10035,30000,0,0,Bachellors,Clerical,0,0
10036,30000,1,0,Bachellors,Clerical,1,0
10037,30000,1,0,Bachellors,Clerical,1,0
10038,40000,0,0,Graduate Degree,Clerical,1,0
10039,40000,0,0,Graduate Degree,Clerical,1,0
10040,50000,0,0,Graduate Degree,Skilled Manual,0,0
10041,50000,0,0,Graduate Degree,Skilled Manual,0,0
10042,20000,2,0,Partial College,Manual,1,1
10043,20000,2,0,Partial College,Manual,1,1
10044,10000,4,0,High School,Manual,0,2
10045,20000,2,0,Partial College,Manual,1,1
10046,10000,2,1,High School,Manual,1,2
10047,10000,2,1,High School,Manual,0,2
10048,20000,1,1,Partial College,Manual,0,0
10049,20000,1,1,Partial College,Manual,1,1
10050,20000,1,1,Partial College,Manual,0,1
10051,30000,1,0,Bachellors,Clerical,1,0
10052,30000,1,0,Bachellors,Clerical,1,0
10053,30000,1,1,Bachellors,Clerical,0,0
10054,30000,1,1,Bachellors,Clerical,1,0
10055,40000,0,0,Graduate Degree,Clerical,1,0
10056,40000,0,0,Graduate Degree,Clerical,1,0
10057,40000,0,0,Graduate Degree,Clerical,1,0
10058,80000,5,0,Bachellors,Skilled Manual,1,0
10059,10000,3,3,High School,Manual,1,1
10060,20000,1,1,Partial College,Manual,1,1
10061,30000,1,1,Bachellors,Clerical,0,0
10062,30000,1,1,Bachellors,Clerical,1,1
10063,30000,1,1,Bachellors,Clerical,0,1
10064,10000,5,4,Partial High School,Manual,0,2
10065,20000,1,1,High School,Manual,0,1
10066,40000,0,0,Bachellors,Clerical,1,0
10067,30000,1,1,Bachellors,Skilled Manual,1,2
10068,10000,5,3,Partial High School,Manual,1,1
10069,10000,4,3,Partial High School,Manual,1,2
10070,10000,4,3,Partial High School,Manual,0,2
10071,20000,2,2,High School,Manual,0,1
10072,20000,2,2,High School,Manual,1,1
10073,20000,2,2,High School,Manual,1,1
10074,20000,2,2,High School,Manual,1,2
10075,30000,1,1,Bachellors,Skilled Manual,1,2
10076,30000,1,1,Bachellors,Skilled Manual,1,2
10077,10000,3,2,Partial High School,Manual,1,2
10078,10000,3,2,Partial High School,Manual,1,2
10079,10000,3,2,Partial High School,Manual,1,2
10080,20000,3,3,High School,Manual,1,0
10081,30000,1,1,Bachellors,Skilled Manual,1,2
10082,30000,2,2,Bachellors,Skilled Manual,1,0
10083,30000,2,2,Partial College,Manual,1,0
10084,20000,3,3,High School,Manual,1,2
10085,10000,4,0,High School,Manual,0,2
10086,20000,2,0,Partial College,Manual,1,1
10087,20000,2,0,Partial College,Manual,1,1
10088,40000,0,0,Bachellors,Professional,0,0
10089,30000,2,2,Partial College,Clerical,1,1
10090,30000,2,2,Partial College,Clerical,1,1
10091,30000,2,2,Partial College,Clerical,1,1
10092,30000,2,2,Partial College,Clerical,1,2
10093,40000,1,0,Bachellors,Skilled Manual,1,0
10094,40000,1,0,Bachellors,Skilled Manual,1,0
10095,30000,2,2,Partial College,Clerical,1,2
10096,30000,2,2,Partial College,Clerical,1,2
10097,30000,3,3,Partial College,Clerical,1,0
10098,20000,0,0,High School,Manual,0,1
10099,20000,4,4,High School,Manual,0,2
10100,20000,4,4,High School,Manual,1,2
10101,30000,3,3,Partial College,Clerical,1,1
10102,30000,3,3,Partial College,Clerical,1,2
10103,40000,1,0,Bachellors,Skilled Manual,1,0
10104,40000,1,0,Bachellors,Skilled Manual,1,0
10105,40000,1,0,Bachellors,Skilled Manual,1,0
10106,40000,1,0,Bachellors,Skilled Manual,1,0
10107,40000,1,0,Bachellors,Skilled Manual,1,1
10108,40000,1,0,Bachellors,Skilled Manual,1,1
10109,40000,1,0,Bachellors,Skilled Manual,1,1
10110,30000,4,4,Partial College,Clerical,1,1
10111,30000,4,4,Partial College,Clerical,0,2
10112,30000,4,4,Partial College,Clerical,1,2
10113,30000,5,5,Partial College,Clerical,0,3
10114,30000,0,0,Partial College,Clerical,1,1
10115,30000,0,0,Partial College,Clerical,0,1
10116,30000,0,0,Partial College,Clerical,1,1
10117,20000,0,0,High School,Manual,0,1
10118,10000,0,0,Partial High School,Manual,1,2
10119,20000,0,0,High School,Manual,0,1
10120,20000,0,0,High School,Manual,0,1
10121,30000,0,0,Partial College,Clerical,0,1
10122,20000,0,0,Partial High School,Manual,0,1
10123,10000,0,0,Partial High School,Manual,1,2
10124,20000,0,0,Partial High School,Manual,1,2
10125,20000,0,0,Partial High School,Manual,0,2
10126,30000,0,0,Partial College,Clerical,1,1
10127,30000,0,0,Partial College,Clerical,0,1
10128,30000,0,0,Partial College,Clerical,1,1
10129,30000,0,0,Partial College,Clerical,0,1
10130,30000,0,0,Partial College,Clerical,1,1
10131,40000,1,1,Bachellors,Skilled Manual,1,0
10132,20000,0,0,Partial High School,Manual,0,2
10133,30000,0,0,Partial College,Clerical,0,1
10134,30000,0,0,Partial College,Clerical,0,1
10135,20000,0,0,Partial High School,Manual,0,2
10136,20000,0,0,Partial High School,Manual,0,2
10137,20000,0,0,Partial High School,Manual,0,2
10138,20000,0,0,Partial High School,Manual,0,2
10139,70000,1,0,Partial College,Skilled Manual,1,1
10140,70000,1,0,Partial College,Skilled Manual,1,1
10141,40000,4,3,High School,Skilled Manual,1,3
10142,40000,4,3,High School,Skilled Manual,1,3
10143,40000,4,3,High School,Skilled Manual,1,3
10144,60000,1,0,Partial College,Skilled Manual,1,1
10145,60000,1,0,Partial College,Skilled Manual,1,1
10146,40000,0,0,Bachellors,Professional,0,1
10147,60000,1,0,Partial College,Skilled Manual,1,1
10148,60000,1,0,Partial College,Skilled Manual,1,1
10149,50000,0,0,Partial College,Skilled Manual,1,1
10150,50000,0,0,Partial College,Skilled Manual,0,1
10151,60000,0,0,Graduate Degree,Professional,0,1
10152,60000,0,0,Graduate Degree,Professional,1,1
10153,60000,0,0,Graduate Degree,Professional,0,1
10154,60000,0,0,Graduate Degree,Professional,0,1
10155,50000,1,0,Graduate Degree,Professional,0,1
10156,60000,1,0,Partial College,Skilled Manual,1,1
10157,60000,1,0,Partial College,Skilled Manual,1,1
10158,60000,5,4,Bachellors,Professional,1,1
10159,60000,4,3,Bachellors,Professional,1,1
10160,70000,5,5,Graduate Degree,Professional,1,3
10161,80000,3,0,Graduate Degree,Professional,1,0
10162,60000,1,0,Bachellors,Professional,1,1
10163,60000,1,0,Bachellors,Professional,1,1
10164,70000,5,4,Graduate Degree,Professional,1,1
10165,70000,5,4,Graduate Degree,Professional,1,2
10166,80000,4,4,Graduate Degree,Management,1,0
10167,90000,1,0,Graduate Degree,Management,1,0
10168,90000,2,0,Graduate Degree,Management,0,0
10169,80000,4,4,Graduate Degree,Management,1,1
10170,90000,2,0,Bachellors,Professional,1,0
10171,70000,5,5,Bachellors,Professional,0,3
10172,70000,5,5,Bachellors,Professional,1,3
10173,70000,5,5,Bachellors,Professional,0,3
10174,70000,5,5,Bachellors,Professional,1,3
10175,70000,5,5,Bachellors,Professional,1,3
10176,80000,5,5,Graduate Degree,Management,1,2
10177,80000,5,5,Graduate Degree,Management,1,2
10178,80000,5,5,Graduate Degree,Management,1,2
10179,80000,5,5,Bachellors,Professional,0,3
10180,80000,5,5,Bachellors,Professional,1,3
10181,60000,2,2,Bachellors,Professional,0,1
10182,60000,3,3,Bachellors,Professional,1,1
10183,60000,3,3,Bachellors,Professional,1,1
10184,70000,5,5,Bachellors,Professional,1,4
10185,70000,0,0,Bachellors,Professional,0,1
10186,80000,5,5,Bachellors,Professional,1,4
10187,70000,0,0,Bachellors,Professional,0,1
10188,60000,3,3,Bachellors,Professional,1,2
10189,60000,4,4,Bachellors,Professional,1,2
10190,60000,3,2,Bachellors,Professional,1,2
10191,70000,0,0,Bachellors,Professional,0,1
10192,60000,1,0,Bachellors,Professional,1,1
10193,60000,1,0,Bachellors,Professional,1,1
10194,60000,1,0,Bachellors,Professional,1,1
10195,60000,1,0,Bachellors,Professional,1,1
10196,60000,1,0,Bachellors,Professional,1,1
10197,60000,1,0,Partial College,Skilled Manual,1,1
10198,60000,1,0,Bachellors,Professional,1,1
10199,60000,1,0,Bachellors,Professional,1,1
10200,60000,1,0,Partial College,Skilled Manual,1,1
10201,60000,1,0,Partial College,Skilled Manual,1,1
10202,80000,3,0,Graduate Degree,Management,1,1
10203,100000,0,0,Graduate Degree,Management,0,1
10204,100000,0,0,Graduate Degree,Management,0,1
10205,100000,0,0,Bachellors,Professional,0,1
10206,110000,0,0,Graduate Degree,Management,0,2
10207,60000,1,0,Partial College,Skilled Manual,1,1
10208,60000,1,0,Partial College,Skilled Manual,1,1
10209,30000,2,0,Partial College,Clerical,1,2
10210,70000,0,0,Bachellors,Professional,0,1
10211,80000,5,5,Bachellors,Professional,1,4
10212,70000,0,0,Bachellors,Professional,1,1
10213,70000,0,0,Bachellors,Professional,0,1
10214,70000,0,0,Bachellors,Professional,0,1
10215,70000,0,0,Bachellors,Professional,1,1
10216,70000,0,0,Bachellors,Professional,1,1
10217,80000,4,0,Bachellors,Professional,0,1
10218,90000,1,0,Bachellors,Professional,1,1
10219,70000,0,0,Bachellors,Professional,0,1
10220,70000,0,0,Bachellors,Professional,0,1
10221,70000,5,4,Partial College,Skilled Manual,1,2
10222,60000,1,0,Partial College,Skilled Manual,1,1
10223,60000,1,0,Partial College,Skilled Manual,1,1
10224,70000,5,4,Partial College,Skilled Manual,1,3
10225,90000,2,0,Bachellors,Professional,1,1
10226,90000,2,0,Bachellors,Professional,1,1
10227,80000,1,0,Partial College,Skilled Manual,0,1
10228,30000,2,0,Partial College,Clerical,0,2
10229,40000,2,0,Bachellors,Management,1,1
10230,40000,2,0,Bachellors,Management,1,1
10231,40000,2,0,Bachellors,Management,1,1
10232,40000,2,0,Bachellors,Management,1,1
10233,10000,2,1,High School,Skilled Manual,1,2
10234,30000,0,0,High School,Skilled Manual,0,2
10235,30000,0,0,High School,Skilled Manual,1,2
10236,40000,0,0,High School,Skilled Manual,0,1
10237,40000,0,0,High School,Skilled Manual,1,1
10238,30000,0,0,High School,Skilled Manual,1,2
10239,30000,0,0,High School,Skilled Manual,0,2
10240,30000,2,0,Partial College,Clerical,0,2
10241,30000,0,0,Partial High School,Clerical,0,2
10242,30000,0,0,Partial High School,Clerical,0,2
10243,30000,0,0,Partial High School,Clerical,1,2
10244,40000,0,0,High School,Skilled Manual,0,2
10245,40000,0,0,High School,Skilled Manual,1,2
10246,40000,0,0,High School,Skilled Manual,0,2
10247,40000,0,0,High School,Skilled Manual,0,2
10248,40000,0,0,High School,Skilled Manual,1,2
10249,40000,2,0,Bachellors,Management,1,2
10250,40000,0,0,High School,Skilled Manual,0,2
10251,40000,0,0,High School,Skilled Manual,1,2
10252,30000,0,0,Partial High School,Clerical,0,2
10253,30000,0,0,Partial High School,Clerical,1,2
10254,40000,0,0,High School,Skilled Manual,0,2
10255,30000,2,0,Partial College,Clerical,0,2
10256,60000,2,0,Graduate Degree,Management,1,1
10257,40000,2,0,Bachellors,Management,1,2
10258,40000,2,0,Bachellors,Management,1,2
10259,40000,2,0,Bachellors,Management,1,2
10260,60000,2,0,Graduate Degree,Management,1,1
10261,40000,0,0,High School,Skilled Manual,1,2
10262,40000,0,0,Partial College,Skilled Manual,1,1
10263,40000,0,0,Partial College,Skilled Manual,0,1
10264,40000,0,0,Partial College,Skilled Manual,0,1
10265,60000,0,0,Partial College,Skilled Manual,1,1
10266,70000,0,0,Partial College,Skilled Manual,0,2
10267,80000,0,0,Bachellors,Management,1,1
10268,80000,0,0,Bachellors,Management,1,1
10269,80000,0,0,Bachellors,Management,1,1
10270,90000,4,4,Bachellors,Management,1,1
10271,110000,0,1,Graduate Degree,Management,1,0
10272,120000,0,1,Bachellors,Management,1,2
10273,90000,4,4,Bachellors,Management,1,1
10274,100000,2,0,Bachellors,Management,1,3
10275,60000,0,0,Partial College,Skilled Manual,1,1
10276,60000,0,0,Partial College,Skilled Manual,1,1
10277,40000,0,0,High School,Skilled Manual,1,2
10278,40000,0,0,Partial High School,Clerical,0,2
10279,40000,0,0,Partial High School,Clerical,0,2
10280,10000,2,1,Partial High School,Clerical,1,2
10281,40000,0,0,Partial College,Skilled Manual,0,1
10282,60000,0,0,Partial College,Skilled Manual,0,2
10283,60000,0,0,Partial College,Skilled Manual,1,2
10284,20000,4,0,High School,Skilled Manual,1,2
10285,50000,1,1,Graduate Degree,Skilled Manual,1,0
10286,90000,0,0,Partial College,Professional,0,1
10287,100000,0,2,Partial College,Professional,1,2
10288,110000,4,2,Bachellors,Management,1,4
10289,130000,3,2,Bachellors,Management,0,4
10290,90000,4,3,Partial College,Professional,1,0
10291,100000,1,2,Partial College,Professional,0,3
10292,100000,1,2,Partial College,Professional,1,3
10293,100000,1,2,Partial College,Professional,1,4
10294,120000,1,3,Partial College,Professional,1,4
10295,130000,1,2,Bachellors,Management,1,4
10296,70000,5,4,Partial College,Professional,1,3
10297,80000,5,4,Partial College,Professional,0,3
10298,90000,4,3,High School,Professional,1,1
10299,90000,4,3,High School,Professional,1,1
10300,90000,4,3,High School,Professional,1,1
10301,130000,1,3,Bachellors,Management,1,1
10302,80000,2,0,Partial High School,Skilled Manual,0,2
10303,80000,2,0,Partial High School,Skilled Manual,1,2
10304,60000,2,0,High School,Professional,0,2
10305,60000,2,0,High School,Professional,0,2
10306,60000,2,0,High School,Professional,0,2
10307,60000,2,0,High School,Professional,1,2
10308,70000,4,3,High School,Professional,1,0
10309,70000,4,3,High School,Professional,1,0
10310,80000,3,2,Partial College,Professional,1,1
10311,90000,2,1,High School,Professional,1,1
10312,90000,2,1,High School,Professional,1,1
10313,50000,2,0,Graduate Degree,Management,1,2
10314,70000,4,0,Graduate Degree,Management,0,2
10315,60000,2,0,Graduate Degree,Management,0,2
10316,70000,4,0,Graduate Degree,Management,0,2
10317,130000,2,3,Graduate Degree,Management,0,3
10318,130000,2,3,Graduate Degree,Management,1,3
10319,80000,5,4,Partial College,Professional,0,3
10320,90000,4,3,High School,Professional,1,2
10321,90000,4,3,High School,Professional,1,2
10322,90000,4,3,High School,Professional,0,3
10323,90000,4,3,High School,Professional,1,3
10324,100000,3,2,Partial College,Professional,1,4
10325,110000,5,3,Partial College,Professional,0,4
10326,120000,1,3,High School,Professional,1,4
10327,160000,1,3,Partial College,Professional,0,3
10328,170000,1,1,Bachellors,Management,0,3
10329,70000,2,0,Partial High School,Skilled Manual,0,2
10330,60000,2,0,Partial High School,Skilled Manual,1,2
10331,60000,2,0,Partial High School,Skilled Manual,1,2
10332,60000,2,0,Partial High School,Skilled Manual,1,2
10333,60000,2,0,Partial High School,Skilled Manual,0,2
10334,70000,3,0,Graduate Degree,Management,1,2
10335,70000,3,0,Graduate Degree,Management,1,2
10336,70000,3,0,Graduate Degree,Management,1,2
10337,60000,3,0,Graduate Degree,Management,1,2
10338,40000,3,0,Partial College,Professional,1,2
10339,40000,3,0,Partial College,Professional,0,2
10340,60000,3,0,Graduate Degree,Management,0,2
10341,60000,3,0,Graduate Degree,Management,1,2
10342,60000,3,0,Graduate Degree,Management,1,2
10343,70000,5,0,Graduate Degree,Management,0,2
10344,70000,5,0,Graduate Degree,Management,1,2
10345,70000,5,0,Graduate Degree,Management,0,2
10346,80000,4,0,Graduate Degree,Management,1,2
10347,60000,3,0,Graduate Degree,Management,1,2
10348,60000,3,0,Graduate Degree,Management,1,2
10349,70000,5,0,Graduate Degree,Management,1,2
10350,70000,5,0,Graduate Degree,Management,0,2
10351,70000,5,0,Graduate Degree,Management,1,2
10352,70000,5,0,Graduate Degree,Management,1,2
10353,50000,4,0,Bachellors,Management,1,2
10354,50000,4,0,Bachellors,Management,1,2
10355,60000,3,0,Graduate Degree,Management,1,2
10356,60000,3,0,Graduate Degree,Management,1,2
10357,60000,3,0,Graduate Degree,Management,1,2
10358,60000,3,0,Graduate Degree,Management,1,2
10359,70000,5,0,Graduate Degree,Management,1,2
10360,30000,2,0,Partial College,Clerical,0,2
10361,20000,4,0,High School,Skilled Manual,1,2
10362,30000,2,0,Partial College,Clerical,0,2
10363,30000,2,0,Partial College,Clerical,0,2
10364,10000,2,1,Partial High School,Clerical,1,2
10365,40000,0,0,Partial High School,Clerical,0,2
10366,10000,2,1,Partial High School,Clerical,1,2
10367,10000,2,1,Partial High School,Clerical,1,2
10368,20000,2,1,Partial High School,Clerical,1,2
10369,60000,0,0,Partial College,Skilled Manual,1,2
10370,70000,0,0,Partial College,Skilled Manual,1,2
10371,20000,2,1,Partial High School,Clerical,1,2
10372,20000,2,1,Partial High School,Clerical,1,2
10373,20000,2,1,Partial High School,Clerical,1,2
10374,20000,2,1,Partial High School,Clerical,0,2
10375,20000,2,1,Partial High School,Clerical,1,2
10376,20000,2,1,Partial High School,Clerical,1,2
10377,20000,2,1,Partial High School,Clerical,1,2
10378,20000,2,1,Partial High School,Clerical,1,2
10379,20000,2,1,Partial High School,Clerical,1,2
10380,30000,3,0,Partial College,Clerical,0,2
10381,30000,3,0,Partial College,Clerical,0,2
10382,30000,3,0,Partial College,Clerical,0,2
10383,30000,3,0,Partial College,Clerical,0,2
10384,20000,2,1,Partial High School,Clerical,1,2
10385,30000,3,0,High School,Skilled Manual,0,2
10386,30000,0,0,Partial College,Skilled Manual,1,2
10387,30000,0,0,Partial College,Skilled Manual,1,2
10388,30000,3,0,High School,Skilled Manual,1,2
10389,80000,0,0,Bachellors,Management,0,1
10390,30000,3,0,High School,Skilled Manual,0,2
10391,40000,3,0,Partial College,Skilled Manual,0,2
10392,40000,3,0,Partial High School,Clerical,0,2
10393,40000,3,0,Partial High School,Clerical,0,2
10394,70000,2,0,Partial College,Skilled Manual,0,2
10395,70000,2,0,Partial College,Skilled Manual,1,2
10396,40000,0,0,Partial College,Skilled Manual,1,2
10397,40000,0,0,Partial College,Skilled Manual,0,2
10398,40000,0,0,High School,Skilled Manual,1,2
10399,60000,0,0,Partial College,Skilled Manual,1,2
10400,60000,0,0,Partial College,Skilled Manual,1,2
10401,60000,0,0,Partial College,Skilled Manual,0,2
10402,60000,0,0,Partial College,Professional,1,2
10403,80000,2,0,High School,Skilled Manual,0,2
10404,70000,2,0,High School,Professional,0,2
10405,70000,2,0,High School,Professional,0,2
10406,110000,5,1,Bachellors,Management,1,4
10407,110000,4,1,Bachellors,Management,1,4
10408,110000,4,1,Bachellors,Management,1,4
10409,110000,4,1,Bachellors,Management,1,4
10410,110000,1,1,Bachellors,Management,1,4
10411,70000,0,0,Partial College,Professional,0,2
10412,70000,0,0,Partial College,Professional,0,2
10413,50000,0,0,High School,Professional,1,2
10414,60000,0,0,Partial College,Professional,1,2
10415,60000,0,0,Partial College,Professional,1,2
10416,60000,0,0,Partial College,Professional,1,2
10417,60000,0,0,Partial College,Professional,0,2
10418,60000,0,0,Partial College,Professional,0,2
10419,120000,1,2,Bachellors,Management,1,2
10420,120000,2,2,Bachellors,Management,1,3
10421,70000,2,0,Partial High School,Skilled Manual,0,2
10422,60000,2,0,High School,Professional,1,2
10423,80000,2,1,Bachellors,Management,1,0
10424,90000,2,0,Partial College,Professional,1,1
10425,60000,2,0,High School,Professional,0,2
10426,60000,2,0,High School,Professional,0,2
10427,60000,2,0,High School,Professional,0,2
10428,70000,3,0,Partial College,Professional,0,2
10429,70000,3,0,Partial College,Professional,0,2
10430,70000,3,0,Partial College,Professional,1,2
10431,90000,3,0,Graduate Degree,Management,1,1
10432,80000,0,0,Bachellors,Management,0,1
10433,100000,3,1,Bachellors,Management,1,4
10434,110000,3,2,Bachellors,Management,1,4
10435,130000,1,2,Graduate Degree,Management,0,1
10436,150000,0,0,Bachellors,Management,0,2
10437,70000,1,0,Bachellors,Professional,1,1
10438,70000,1,0,Bachellors,Professional,0,1
10439,70000,1,0,Bachellors,Professional,0,1
10440,70000,1,0,Bachellors,Professional,1,1
10441,70000,1,0,Bachellors,Professional,0,1
10442,50000,4,0,Bachellors,Management,1,2
10443,50000,4,0,Bachellors,Management,1,2
10444,70000,5,0,Bachellors,Management,1,2
10445,70000,5,0,Bachellors,Management,1,2
10446,60000,3,0,Graduate Degree,Management,1,2
10447,60000,3,0,Graduate Degree,Management,0,2
10448,70000,5,0,Bachellors,Management,1,2
10449,80000,5,0,Bachellors,Management,0,2
10450,80000,5,0,Bachellors,Management,1,2
10451,40000,4,0,High School,Professional,0,2
10452,40000,4,0,High School,Professional,1,2
10453,40000,4,0,High School,Professional,1,2
10454,70000,4,0,Bachellors,Management,1,2
10455,70000,4,0,Bachellors,Management,1,2
10456,40000,4,0,High School,Professional,0,2
10457,40000,4,0,High School,Professional,0,2
10458,40000,5,0,High School,Professional,0,2
10459,40000,5,0,High School,Professional,0,2
10460,70000,4,0,Bachellors,Management,0,2
10461,70000,4,0,Bachellors,Management,1,2
10462,70000,5,0,Bachellors,Management,1,2
10463,70000,5,0,Bachellors,Management,0,2
10464,70000,5,0,Bachellors,Management,1,2
10465,70000,5,0,Bachellors,Management,1,2
10466,70000,5,0,Bachellors,Management,1,3
10467,70000,5,0,Bachellors,Management,0,3
10468,60000,4,0,Bachellors,Management,1,2
10469,60000,4,0,Bachellors,Management,1,2
10470,70000,2,1,Partial College,Professional,0,1
10471,70000,2,1,Partial College,Professional,0,1
10472,70000,2,1,Partial College,Professional,1,1
10473,70000,2,1,Partial College,Professional,1,1
10474,40000,2,1,High School,Professional,1,2
10475,60000,2,1,Partial College,Professional,1,1
10476,60000,2,1,Bachellors,Management,1,0
10477,60000,2,1,Bachellors,Management,0,0
10478,60000,2,1,Bachellors,Management,1,0
10479,60000,2,1,Bachellors,Management,1,0
10480,60000,2,1,Bachellors,Management,1,0
10481,40000,2,1,High School,Professional,0,2
10482,60000,2,1,Partial College,Professional,1,2
10483,60000,2,1,Partial College,Professional,0,2
10484,60000,2,1,Partial College,Professional,1,2
10485,60000,2,1,Partial College,Professional,1,2
10486,60000,2,1,Partial College,Professional,0,2
10487,60000,2,1,Bachellors,Management,1,0
10488,70000,4,1,Partial College,Professional,1,2
10489,70000,4,1,Partial College,Professional,0,2
10490,40000,2,1,Partial High School,Skilled Manual,0,2
10491,40000,2,1,Partial High School,Skilled Manual,1,2
10492,60000,2,1,Partial College,Professional,1,2
10493,60000,2,1,Partial College,Professional,1,1
10494,80000,3,1,Bachellors,Management,1,1
10495,60000,2,1,High School,Professional,1,2
10496,60000,2,1,High School,Professional,1,2
10497,60000,2,1,Partial College,Professional,1,2
10498,60000,2,1,Partial College,Professional,1,2
10499,60000,2,1,Partial College,Professional,1,2
10500,70000,4,2,Partial College,Professional,1,1
10501,70000,2,1,Partial High School,Skilled Manual,1,2
10502,70000,2,1,Partial High School,Skilled Manual,1,3
10503,60000,2,1,High School,Professional,1,2
10504,60000,2,1,High School,Professional,1,2
10505,60000,2,1,High School,Professional,1,2
10506,110000,2,4,Partial College,Professional,1,3
10507,130000,3,4,Partial College,Professional,1,2
10508,150000,1,3,Partial College,Professional,0,3
10509,120000,3,4,High School,Professional,1,4
10510,130000,3,4,Partial College,Professional,1,3
10511,80000,3,2,Partial College,Professional,0,1
10512,80000,4,2,Partial College,Professional,1,1
10513,80000,4,2,Partial College,Professional,0,1
10514,70000,5,1,High School,Professional,1,2
10515,110000,3,4,Bachellors,Management,1,4
10516,130000,3,4,Bachellors,Management,1,3
10517,130000,3,4,Bachellors,Management,1,4
10518,170000,3,4,Graduate Degree,Management,1,2
10519,70000,5,1,High School,Professional,1,2
10520,100000,2,3,Bachellors,Management,1,4
10521,110000,3,4,Bachellors,Management,1,4
10522,80000,5,0,Partial College,Professional,0,2
10523,90000,5,0,Partial College,Professional,0,2
10524,120000,4,5,Bachellors,Management,1,0
10525,80000,4,2,Partial College,Professional,1,1
10526,80000,4,2,Partial College,Professional,1,2
10527,80000,4,2,Partial College,Professional,1,2
10528,90000,4,2,High School,Professional,1,2
10529,130000,3,4,Partial College,Professional,1,4
10530,100000,3,4,Bachellors,Management,1,3
10531,100000,3,4,Bachellors,Management,0,4
10532,100000,3,4,Bachellors,Management,1,4
10533,120000,2,5,Bachellors,Management,0,2
10534,130000,0,5,Partial College,Professional,1,2
10535,130000,4,5,High School,Professional,0,3
10536,80000,4,2,High School,Professional,1,2
10537,90000,4,1,High School,Professional,1,2
10538,90000,4,1,High School,Professional,0,2
10539,80000,5,2,High School,Management,1,2
10540,100000,3,4,Partial College,Management,1,4
10541,150000,4,5,Bachellors,Management,0,3
10542,160000,2,5,Partial College,Management,0,3
10543,70000,5,1,Partial High School,Skilled Manual,0,3
10544,80000,5,1,High School,Management,1,3
10545,150000,4,5,High School,Management,1,4
10546,170000,0,5,High School,Management,1,4
10547,90000,4,1,Partial High School,Skilled Manual,1,4
10548,120000,4,5,High School,Management,1,3
10549,130000,5,5,High School,Management,1,4
10550,100000,3,4,High School,Management,1,4
10551,100000,3,4,High School,Management,0,4
10552,60000,0,0,Bachellors,Professional,0,3
10553,80000,0,0,Bachellors,Professional,0,3
10554,90000,0,0,Bachellors,Professional,1,2
10555,80000,0,0,Bachellors,Professional,0,3
10556,90000,0,0,Bachellors,Professional,1,2
10557,90000,0,0,Bachellors,Professional,0,3
10558,110000,0,5,Partial College,Management,1,3
10559,100000,0,5,High School,Management,1,2
10560,100000,0,5,High School,Management,0,2
10561,120000,0,5,Partial High School,Professional,1,4
10562,90000,0,0,Bachellors,Professional,0,3
10563,100000,0,5,High School,Management,1,3
10564,80000,0,0,Bachellors,Professional,1,4
10565,80000,0,0,Bachellors,Professional,1,4
10566,110000,0,5,High School,Management,1,3
10567,110000,0,5,High School,Management,1,3
10568,100000,0,5,High School,Management,0,3
10569,100000,0,5,High School,Management,1,4
10570,90000,0,0,Bachellors,Professional,1,4
10571,100000,0,5,High School,Management,1,4
10572,110000,0,5,High School,Management,1,4
10573,130000,0,5,Bachellors,Management,1,4
10574,130000,0,5,Bachellors,Management,1,4
10575,100000,5,2,Partial College,Professional,1,1
10576,80000,3,0,Partial College,Professional,0,2
10577,80000,3,0,Partial College,Professional,0,2
10578,50000,2,0,Graduate Degree,Management,1,2
10579,60000,2,0,Graduate Degree,Management,1,2
10580,60000,2,0,Graduate Degree,Management,1,2
10581,80000,4,3,Partial College,Professional,1,2
10582,80000,4,3,Partial College,Professional,1,2
10583,50000,1,1,Graduate Degree,Skilled Manual,1,0
10584,50000,1,1,Bachellors,Skilled Manual,1,0
10585,50000,1,1,Bachellors,Skilled Manual,1,0
10586,50000,1,1,Bachellors,Skilled Manual,1,0
10587,60000,1,0,Graduate Degree,Skilled Manual,1,0
10588,60000,1,0,Graduate Degree,Skilled Manual,1,0
10589,60000,1,0,Graduate Degree,Skilled Manual,1,0
10590,50000,1,1,Bachellors,Skilled Manual,1,0
10591,40000,1,1,Bachellors,Skilled Manual,1,0
10592,40000,1,1,Bachellors,Skilled Manual,1,1
10593,40000,1,1,Bachellors,Skilled Manual,1,1
10594,50000,2,2,Bachellors,Skilled Manual,0,0
10595,50000,2,2,Bachellors,Skilled Manual,1,0
10596,60000,1,0,Graduate Degree,Professional,1,0
10597,60000,1,0,Graduate Degree,Professional,1,0
10598,70000,3,0,Graduate Degree,Professional,1,0
10599,60000,1,0,Graduate Degree,Professional,1,0
10600,60000,1,0,Graduate Degree,Professional,1,0
10601,70000,2,2,Bachellors,Skilled Manual,1,0
10602,70000,2,2,Bachellors,Skilled Manual,1,0
10603,70000,2,2,Bachellors,Skilled Manual,1,1
10604,70000,2,2,Bachellors,Skilled Manual,1,1
10605,40000,0,0,Bachellors,Professional,0,1
10606,60000,2,0,Graduate Degree,Professional,1,0
10607,60000,2,0,Graduate Degree,Professional,1,0
10608,60000,2,0,Graduate Degree,Professional,1,0
10609,70000,3,0,Graduate Degree,Professional,1,0
10610,70000,4,0,Graduate Degree,Professional,1,0
10611,70000,4,0,Graduate Degree,Professional,1,0
10612,80000,2,0,Graduate Degree,Professional,1,0
10613,40000,0,0,Bachellors,Professional,0,1
10614,50000,2,2,Bachellors,Skilled Manual,0,1
10615,50000,2,2,Bachellors,Skilled Manual,1,1
10616,50000,2,2,Bachellors,Skilled Manual,0,1
10617,60000,0,0,Graduate Degree,Professional,1,0
10618,60000,0,0,Graduate Degree,Professional,0,0
10619,70000,4,0,Graduate Degree,Professional,1,0
10620,70000,4,0,Graduate Degree,Professional,1,0
10621,60000,2,0,Graduate Degree,Professional,1,0
10622,60000,2,0,Graduate Degree,Professional,1,0
10623,60000,2,0,Graduate Degree,Professional,1,0
10624,70000,5,5,Graduate Degree,Professional,1,2
10625,70000,5,5,Graduate Degree,Professional,1,2
10626,70000,5,5,Graduate Degree,Professional,1,2
10627,70000,5,5,Graduate Degree,Professional,1,2
10628,70000,5,5,Graduate Degree,Professional,1,2
10629,40000,0,0,Bachellors,Professional,0,1
10630,50000,3,3,Bachellors,Skilled Manual,0,1
10631,50000,3,3,Bachellors,Skilled Manual,1,2
10632,50000,3,3,Bachellors,Skilled Manual,1,3
10633,50000,3,3,Bachellors,Skilled Manual,1,3
10634,50000,3,3,Bachellors,Skilled Manual,1,3
10635,50000,3,3,Bachellors,Skilled Manual,1,3
10636,50000,3,3,Bachellors,Skilled Manual,1,3
10637,50000,3,3,Bachellors,Skilled Manual,1,3
10638,40000,0,0,Bachellors,Professional,0,1
10639,40000,0,0,Bachellors,Professional,0,1
10640,60000,4,4,Bachellors,Skilled Manual,1,3
10641,60000,5,5,Bachellors,Skilled Manual,0,3
10642,60000,4,2,Bachellors,Skilled Manual,1,2
10643,60000,4,2,Bachellors,Skilled Manual,1,2
10644,60000,4,2,Bachellors,Skilled Manual,1,2
10645,60000,4,2,Bachellors,Skilled Manual,1,2
10646,60000,4,2,Bachellors,Skilled Manual,1,2
10647,70000,4,2,Bachellors,Professional,1,2
10648,70000,4,2,Bachellors,Professional,1,2
10649,70000,4,2,Bachellors,Professional,1,2
10650,70000,4,2,Bachellors,Professional,1,2
10651,70000,4,2,Bachellors,Professional,1,2
10652,70000,4,2,Bachellors,Professional,1,2
10653,70000,4,2,Bachellors,Professional,1,2
10654,70000,4,2,Bachellors,Professional,1,2
10655,70000,4,2,Bachellors,Professional,1,2
10656,70000,4,2,Bachellors,Professional,1,2
10657,70000,4,2,Bachellors,Professional,1,3
10658,70000,0,0,Bachellors,Professional,0,1
10659,60000,3,2,Graduate Degree,Professional,1,0
10660,60000,3,2,Graduate Degree,Professional,1,0
10661,60000,3,2,Graduate Degree,Professional,1,0
10662,30000,0,0,High School,Manual,0,1
10663,10000,0,0,Partial High School,Manual,1,2
10664,20000,0,0,Partial High School,Manual,0,2
10665,20000,0,0,Partial High School,Manual,1,2
10666,30000,0,0,High School,Manual,0,1
10667,40000,1,1,Bachellors,Skilled Manual,1,0
10668,40000,1,1,Bachellors,Skilled Manual,1,1
10669,40000,1,1,Bachellors,Skilled Manual,1,1
10670,40000,1,1,Bachellors,Skilled Manual,1,1
10671,20000,0,0,Partial High School,Manual,1,2
10672,30000,0,0,High School,Manual,0,1
10673,30000,0,0,High School,Manual,0,1
10674,30000,0,0,High School,Manual,0,1
10675,10000,0,0,Partial High School,Manual,0,2
10676,10000,0,0,Partial High School,Manual,0,2
10677,20000,0,0,Partial High School,Manual,1,2
10678,20000,0,0,Partial High School,Manual,0,2
10679,20000,0,0,Partial High School,Manual,0,2
10680,30000,0,0,High School,Manual,0,1
10681,30000,0,0,High School,Manual,0,1
10682,40000,2,2,Partial College,Clerical,1,1
10683,40000,2,2,Partial College,Clerical,1,2
10684,40000,2,2,Partial College,Clerical,1,2
10685,10000,4,0,Partial High School,Manual,1,2
10686,40000,3,3,Partial College,Clerical,1,1
10687,40000,3,3,Partial College,Clerical,0,2
10688,50000,0,0,Graduate Degree,Skilled Manual,0,0
10689,70000,5,0,Graduate Degree,Skilled Manual,1,0
10690,40000,1,0,Graduate Degree,Skilled Manual,1,1
10691,60000,0,0,Graduate Degree,Skilled Manual,0,0
10692,60000,0,0,Graduate Degree,Skilled Manual,0,0
10693,60000,0,0,Graduate Degree,Skilled Manual,0,0
10694,60000,0,0,Graduate Degree,Skilled Manual,0,0
10695,60000,0,0,Graduate Degree,Skilled Manual,0,0
10696,60000,0,0,Graduate Degree,Skilled Manual,1,0
10697,10000,2,1,High School,Manual,0,2
10698,10000,2,1,High School,Manual,1,2
10699,20000,2,0,High School,Manual,0,2
10700,40000,1,0,Partial College,Clerical,1,1
10701,40000,1,0,Partial College,Clerical,1,1
10702,30000,1,0,High School,Clerical,1,2
10703,30000,2,0,High School,Clerical,0,2
10704,30000,2,0,High School,Clerical,0,2
10705,40000,1,0,Partial College,Clerical,1,1
10706,30000,2,0,High School,Skilled Manual,0,2
10707,30000,2,0,High School,Skilled Manual,1,2
10708,30000,2,0,High School,Skilled Manual,1,2
10709,40000,2,0,Partial College,Clerical,1,1
10710,40000,2,0,Partial College,Clerical,1,1
10711,40000,2,0,Partial College,Clerical,1,1
10712,40000,2,0,Partial College,Clerical,1,1
10713,80000,5,0,Graduate Degree,Skilled Manual,1,0
10714,80000,5,0,Graduate Degree,Skilled Manual,0,0
10715,80000,5,0,Graduate Degree,Skilled Manual,0,0
10716,80000,5,0,Graduate Degree,Skilled Manual,1,0
10717,80000,4,0,Graduate Degree,Skilled Manual,0,0
10718,40000,2,0,Partial College,Clerical,1,1
10719,60000,4,0,Graduate Degree,Skilled Manual,1,0
10720,60000,4,0,Graduate Degree,Skilled Manual,1,0
10721,60000,4,0,Graduate Degree,Skilled Manual,0,0
10722,60000,4,0,Graduate Degree,Skilled Manual,1,0
10723,60000,4,0,Graduate Degree,Skilled Manual,1,0
10724,50000,0,0,Graduate Degree,Skilled Manual,1,0
10725,50000,0,0,Graduate Degree,Skilled Manual,0,0
10726,50000,0,0,Graduate Degree,Skilled Manual,0,0
10727,40000,0,0,Graduate Degree,Skilled Manual,0,0
10728,40000,0,0,Graduate Degree,Skilled Manual,1,0
10729,40000,0,0,Graduate Degree,Skilled Manual,1,0
10730,40000,1,0,Graduate Degree,Skilled Manual,1,0
10731,40000,1,0,Graduate Degree,Skilled Manual,1,0
10732,40000,1,0,Graduate Degree,Skilled Manual,1,0
10733,50000,1,0,Graduate Degree,Skilled Manual,1,0
10734,60000,1,0,Graduate Degree,Skilled Manual,1,0
10735,60000,1,0,Graduate Degree,Skilled Manual,1,0
10736,70000,1,0,Graduate Degree,Skilled Manual,1,0
10737,70000,1,0,Graduate Degree,Skilled Manual,0,0
10738,10000,1,0,Graduate Degree,Manual,1,0
10739,20000,1,0,Graduate Degree,Clerical,1,0
10740,20000,1,0,Graduate Degree,Clerical,1,0
10741,20000,1,0,Graduate Degree,Clerical,1,0
10742,70000,3,0,Partial College,Professional,1,2
10743,90000,4,4,Partial College,Professional,1,3
10744,110000,2,2,Bachellors,Management,1,4
10745,110000,3,2,Bachellors,Management,1,4
10746,80000,4,3,Bachellors,Management,1,0
10747,40000,3,2,High School,Skilled Manual,1,2
10748,70000,1,0,Bachellors,Professional,1,1
10749,70000,1,0,Bachellors,Professional,0,1
10750,50000,4,0,Bachellors,Management,0,2
10751,60000,3,0,Graduate Degree,Management,1,2
10752,60000,3,0,Graduate Degree,Management,1,2
10753,60000,3,0,Graduate Degree,Management,1,2
10754,70000,5,0,Bachellors,Management,1,2
10755,70000,5,0,Bachellors,Management,0,2
10756,70000,5,0,Bachellors,Management,1,2
10757,80000,5,0,Bachellors,Management,0,2
10758,80000,5,0,Bachellors,Management,1,2
10759,40000,4,0,High School,Professional,1,2
10760,40000,4,0,High School,Professional,1,2
10761,40000,4,0,High School,Professional,1,2
10762,70000,4,0,Bachellors,Management,1,2
10763,70000,4,0,Bachellors,Management,1,2
10764,40000,5,0,High School,Professional,0,2
10765,40000,5,0,High School,Professional,1,2
10766,40000,5,0,High School,Professional,0,3
10767,70000,4,0,Bachellors,Management,1,2
10768,70000,5,0,Bachellors,Management,1,3
10769,70000,5,0,Bachellors,Management,1,3
10770,70000,5,0,Bachellors,Management,0,3
10771,60000,4,0,Bachellors,Management,1,2
10772,60000,4,0,Bachellors,Management,1,2
10773,60000,4,0,Bachellors,Management,1,2
10774,60000,4,0,Bachellors,Management,1,2
10775,70000,2,1,Partial College,Professional,1,1
10776,70000,2,1,Partial College,Professional,1,1
10777,70000,2,1,Partial College,Professional,1,1
10778,70000,2,1,Partial College,Professional,1,1
10779,70000,2,1,Partial College,Professional,1,1
10780,70000,2,1,Partial College,Professional,1,1
10781,70000,2,1,Partial College,Professional,1,1
10782,60000,5,0,Bachellors,Management,1,3
10783,40000,2,1,High School,Professional,1,2
10784,40000,2,1,High School,Professional,1,2
10785,60000,2,1,Partial College,Professional,1,1
10786,60000,2,1,Partial College,Professional,0,2
10787,60000,2,1,Bachellors,Management,1,0
10788,60000,2,1,Bachellors,Management,1,0
10789,60000,2,1,Bachellors,Management,1,0
10790,60000,2,1,Bachellors,Management,1,0
10791,60000,2,1,Bachellors,Management,1,0
10792,70000,4,1,Bachellors,Management,1,2
10793,60000,2,1,Partial College,Professional,1,2
10794,60000,2,1,Partial College,Professional,1,2
10795,60000,2,1,Partial College,Professional,0,0
10796,70000,4,1,Partial College,Professional,1,2
10797,40000,2,1,Partial High School,Skilled Manual,1,2
10798,60000,2,1,Partial College,Professional,1,2
10799,60000,2,1,Partial College,Professional,1,2
10800,60000,2,1,Partial College,Professional,1,2
10801,60000,2,1,Partial College,Professional,1,1
10802,70000,4,2,Partial College,Professional,1,1
10803,80000,3,1,Bachellors,Management,1,1
10804,40000,2,1,Partial High School,Skilled Manual,1,3
10805,60000,2,1,High School,Professional,1,2
10806,60000,2,1,Partial College,Professional,1,1
10807,60000,2,1,Partial College,Professional,1,2
10808,60000,2,1,Partial College,Professional,0,2
10809,60000,2,1,Partial College,Professional,1,2
10810,60000,2,1,Partial College,Professional,1,2
10811,70000,4,2,Partial College,Professional,1,2
10812,70000,2,1,Partial High School,Skilled Manual,1,3
10813,60000,2,1,High School,Professional,0,2
10814,60000,2,1,High School,Professional,0,2
10815,60000,2,1,High School,Professional,1,2
10816,60000,2,1,High School,Professional,1,2
10817,130000,2,3,Bachellors,Management,0,4
10818,160000,1,3,Partial College,Professional,1,4
10819,110000,2,4,Partial College,Professional,1,3
10820,110000,2,4,Partial College,Professional,1,3
10821,110000,2,4,Partial College,Professional,1,3
10822,120000,2,4,High School,Professional,1,4
10823,170000,4,3,Bachellors,Management,0,3
10824,120000,3,4,High School,Professional,1,4
10825,150000,2,4,High School,Professional,1,3
10826,110000,3,4,Partial College,Professional,1,4
10827,120000,2,4,Partial High School,Professional,1,4
10828,130000,3,4,Partial College,Professional,1,3
10829,130000,3,4,Partial College,Professional,0,3
10830,170000,3,3,High School,Professional,0,4
10831,170000,3,4,High School,Professional,1,2
10832,80000,3,2,Partial College,Professional,1,1
10833,80000,5,0,Bachellors,Management,1,2
10834,90000,5,0,Partial College,Professional,0,2
10835,90000,5,0,Partial College,Professional,1,2
10836,120000,4,4,Bachellors,Management,1,4
10837,120000,4,4,Bachellors,Management,1,4
10838,80000,5,0,Partial College,Professional,0,2
10839,90000,5,0,Partial College,Professional,1,2
10840,110000,3,4,Bachellors,Management,1,4
10841,130000,4,4,Partial College,Professional,1,4
10842,160000,3,4,Bachellors,Management,1,4
10843,100000,3,4,Bachellors,Management,1,1
10844,110000,3,4,Bachellors,Management,1,4
10845,80000,4,2,Partial College,Professional,1,1
10846,100000,3,4,High School,Professional,0,3
10847,110000,3,4,Partial College,Professional,1,4
10848,130000,4,5,High School,Professional,0,1
10849,130000,4,5,Partial College,Professional,0,2
10850,80000,4,1,Partial College,Professional,1,2
10851,80000,4,1,High School,Professional,0,3
10852,90000,4,1,High School,Professional,1,2
10853,90000,4,1,High School,Professional,1,3
10854,100000,3,4,Partial College,Professional,0,4
10855,130000,4,5,High School,Professional,1,3
10856,170000,0,5,Partial College,Management,0,4
10857,120000,4,5,Partial College,Management,0,3
10858,150000,4,5,Bachellors,Management,0,3
10859,160000,4,5,High School,Management,0,4
10860,70000,5,1,Partial High School,Skilled Manual,1,3
10861,80000,5,1,High School,Management,1,4
10862,90000,4,1,High School,Management,1,3
10863,90000,4,1,High School,Management,1,3
10864,90000,4,1,Partial High School,Skilled Manual,1,4
10865,100000,3,4,High School,Management,1,4
10866,130000,5,5,High School,Management,1,4
10867,80000,5,0,Partial High School,Skilled Manual,0,2
10868,90000,5,0,Partial High School,Skilled Manual,1,2
10869,100000,3,4,High School,Management,1,4
10870,100000,3,4,Partial High School,Professional,1,4
10871,130000,5,5,Partial High School,Professional,1,4
10872,60000,0,0,Bachellors,Professional,1,3
10873,60000,0,0,Bachellors,Professional,0,4
10874,70000,0,0,Bachellors,Professional,1,2
10875,70000,0,0,Bachellors,Professional,0,2
10876,70000,0,0,Bachellors,Professional,0,2
10877,70000,0,0,Bachellors,Professional,0,2
10878,80000,0,0,Bachellors,Professional,1,2
10879,80000,0,0,Bachellors,Professional,1,2
10880,70000,0,0,Bachellors,Professional,0,3
10881,70000,0,0,Bachellors,Professional,1,3
10882,80000,0,0,Bachellors,Professional,0,3
10883,90000,0,0,Bachellors,Professional,1,2
10884,70000,0,0,Bachellors,Professional,0,4
10885,80000,0,0,Bachellors,Professional,1,3
10886,90000,0,0,Bachellors,Professional,1,3
10887,100000,0,5,High School,Management,1,2
10888,80000,0,0,Bachellors,Professional,0,3
10889,100000,0,5,High School,Management,1,2
10890,110000,0,5,Partial College,Management,1,3
10891,120000,0,5,Partial High School,Professional,1,4
10892,110000,0,5,High School,Management,1,3
10893,100000,0,5,High School,Management,1,3
10894,100000,0,5,High School,Management,1,4
10895,90000,0,0,Bachellors,Professional,0,4
10896,90000,0,0,Bachellors,Professional,0,4
10897,100000,0,5,High School,Management,1,4
10898,110000,0,5,Partial High School,Professional,0,4
10899,110000,0,5,Partial High School,Professional,1,4
10900,110000,0,5,Partial High School,Professional,1,4
10901,80000,4,3,Partial College,Professional,1,2
10902,90000,5,5,Partial College,Professional,1,3
10903,130000,2,2,Graduate Degree,Management,0,2
10904,70000,3,2,Partial College,Professional,1,0
10905,70000,4,3,Partial College,Professional,1,0
10906,50000,2,0,Graduate Degree,Management,1,2
10907,50000,2,0,Graduate Degree,Management,1,2
10908,60000,2,0,Graduate Degree,Management,1,2
10909,60000,2,0,Graduate Degree,Management,1,2
10910,160000,1,1,Bachellors,Management,1,4
10911,30000,0,0,Partial College,Clerical,0,1
10912,20000,0,0,Partial High School,Manual,0,2
10913,20000,0,0,Partial High School,Manual,1,2
10914,20000,0,0,Partial High School,Manual,0,2
10915,20000,0,0,Partial High School,Manual,0,2
10916,70000,1,0,Partial College,Skilled Manual,1,1
10917,40000,4,3,High School,Skilled Manual,1,2
10918,40000,4,3,High School,Skilled Manual,1,3
10919,40000,4,3,High School,Skilled Manual,1,3
10920,60000,1,0,Partial College,Skilled Manual,1,1
10921,60000,1,0,Partial College,Skilled Manual,1,1
10922,60000,1,0,Partial College,Skilled Manual,1,1
10923,60000,1,0,Partial College,Skilled Manual,1,1
10924,60000,1,0,Partial College,Skilled Manual,1,1
10925,40000,4,2,High School,Skilled Manual,1,2
10926,40000,0,0,Bachellors,Professional,0,1
10927,60000,0,0,Graduate Degree,Professional,0,1
10928,60000,0,0,Graduate Degree,Professional,0,1
10929,60000,0,0,Graduate Degree,Professional,1,1
10930,60000,0,0,Graduate Degree,Professional,0,1
10931,60000,0,0,Graduate Degree,Professional,1,1
10932,60000,1,0,Partial College,Skilled Manual,0,1
10933,60000,1,0,Partial College,Skilled Manual,1,1
10934,60000,4,3,Bachellors,Professional,1,0
10935,60000,4,3,Bachellors,Professional,1,0
10936,60000,4,3,Bachellors,Professional,0,0
10937,60000,4,3,Bachellors,Professional,0,0
10938,60000,4,3,Bachellors,Professional,1,0
10939,60000,4,3,Bachellors,Professional,1,1
10940,70000,2,0,Graduate Degree,Professional,1,1
10941,90000,5,0,Graduate Degree,Professional,1,0
10942,60000,3,2,Bachellors,Professional,0,1
10943,80000,5,0,Graduate Degree,Professional,1,0
10944,80000,4,4,Graduate Degree,Management,1,0
10945,90000,1,0,Graduate Degree,Management,1,0
10946,90000,1,0,Graduate Degree,Management,1,0
10947,90000,2,0,Bachellors,Professional,1,0
10948,90000,2,0,Bachellors,Professional,1,0
10949,100000,1,0,Graduate Degree,Management,1,0
10950,100000,1,0,Graduate Degree,Management,0,0
10951,100000,1,0,Graduate Degree,Management,1,0
10952,80000,4,4,Graduate Degree,Management,1,1
10953,70000,5,5,Bachellors,Professional,1,3
10954,70000,5,5,Bachellors,Professional,0,3
10955,70000,5,5,Bachellors,Professional,1,3
10956,110000,1,0,Graduate Degree,Management,1,1
10957,120000,1,0,Graduate Degree,Management,0,1
10958,120000,1,0,Graduate Degree,Management,1,1
10959,130000,1,0,Graduate Degree,Management,0,0
10960,130000,1,0,Graduate Degree,Management,1,1
10961,70000,5,5,Bachellors,Professional,0,4
10962,70000,5,5,Bachellors,Professional,1,4
10963,80000,5,5,Graduate Degree,Management,1,2
10964,80000,5,5,Graduate Degree,Management,1,2
10965,80000,5,5,Graduate Degree,Management,1,3
10966,80000,5,5,Bachellors,Professional,1,3
10967,90000,2,0,Bachellors,Professional,1,0
10968,60000,2,2,Bachellors,Professional,1,1
10969,70000,0,0,Bachellors,Professional,0,1
10970,70000,0,0,Bachellors,Professional,0,1
10971,60000,3,3,Bachellors,Professional,1,2
10972,60000,4,4,Bachellors,Professional,1,2
10973,60000,4,4,Bachellors,Professional,0,2
10974,60000,4,4,Bachellors,Professional,0,3
10975,70000,0,0,Bachellors,Professional,1,1
10976,60000,5,5,Bachellors,Professional,1,3
10977,60000,3,2,Bachellors,Professional,0,2
10978,70000,0,0,Bachellors,Professional,0,1
10979,90000,4,4,Bachellors,Professional,1,0
10980,60000,1,0,Bachellors,Professional,1,1
10981,60000,1,0,Bachellors,Professional,1,1
10982,60000,1,0,Bachellors,Professional,1,1
10983,60000,1,0,Partial College,Skilled Manual,1,1
10984,60000,1,0,Partial College,Skilled Manual,1,1
10985,60000,1,0,Partial College,Skilled Manual,1,1
10986,60000,1,0,Partial College,Skilled Manual,1,1
10987,60000,1,0,Partial College,Skilled Manual,1,1
10988,70000,0,0,Bachellors,Professional,1,1
10989,80000,5,5,Bachellors,Professional,1,4
10990,80000,5,5,Bachellors,Professional,1,4
10991,80000,5,5,Bachellors,Professional,1,4
10992,80000,5,5,Bachellors,Professional,0,4
10993,80000,5,5,Bachellors,Professional,1,4
10994,70000,0,0,Bachellors,Professional,0,1
10995,90000,1,0,Bachellors,Professional,1,1
10996,70000,5,4,Partial College,Skilled Manual,1,2
10997,60000,1,0,Partial College,Skilled Manual,1,1
10998,80000,5,4,Bachellors,Professional,1,2
10999,90000,2,0,Bachellors,Professional,1,1
11000,90000,2,0,Bachellors,Management,0,1
11001,100000,4,0,Bachellors,Management,1,2
11002,70000,1,0,Partial College,Skilled Manual,1,1
11003,30000,2,0,Partial College,Clerical,0,2
11004,40000,2,0,Bachellors,Management,1,1
11005,60000,1,0,Partial College,Skilled Manual,1,1
11006,70000,5,4,Partial College,Skilled Manual,0,3
11007,70000,5,4,Partial College,Skilled Manual,1,3
11008,30000,0,0,High School,Skilled Manual,0,2
11009,40000,0,0,High School,Skilled Manual,0,1
11010,40000,0,0,High School,Skilled Manual,1,1
11011,40000,0,0,High School,Skilled Manual,1,2
11012,30000,0,0,High School,Skilled Manual,0,2
11013,30000,0,0,High School,Skilled Manual,0,2
11014,30000,0,0,High School,Skilled Manual,0,2
11015,30000,0,0,High School,Skilled Manual,1,2
11016,30000,0,0,High School,Skilled Manual,1,2
11017,30000,0,0,Partial High School,Clerical,0,2
11018,30000,2,0,Partial College,Clerical,0,2
11019,40000,2,0,Bachellors,Management,1,2
11020,40000,0,0,High School,Skilled Manual,0,2
11021,40000,2,0,Bachellors,Management,1,2
11022,30000,0,0,Partial High School,Clerical,0,2
11023,30000,0,0,Partial High School,Clerical,0,2
11024,30000,0,0,Partial High School,Clerical,0,2
11025,40000,0,0,High School,Skilled Manual,1,2
11026,40000,0,0,High School,Skilled Manual,0,2
11027,30000,0,0,Partial High School,Clerical,0,2
11028,30000,0,0,Partial High School,Clerical,0,2
11029,30000,2,0,Partial College,Clerical,0,2
11030,40000,2,0,Bachellors,Management,1,2
11031,40000,2,0,Bachellors,Management,1,2
11032,40000,2,0,Bachellors,Management,1,2
11033,40000,2,0,Bachellors,Management,1,2
11034,50000,2,0,Graduate Degree,Management,1,1
11035,40000,0,0,Partial College,Skilled Manual,1,1
11036,40000,0,0,Partial College,Skilled Manual,1,1
11037,40000,0,0,High School,Skilled Manual,0,2
11038,40000,0,0,High School,Skilled Manual,0,2
11039,50000,0,0,Partial College,Skilled Manual,1,1
11040,50000,0,0,Partial College,Skilled Manual,1,1
11041,50000,0,0,Partial College,Skilled Manual,0,1
11042,60000,0,0,Partial College,Skilled Manual,0,1
11043,70000,0,0,Partial College,Skilled Manual,1,2
11044,70000,0,0,Partial College,Skilled Manual,0,2
11045,80000,0,0,Bachellors,Management,0,1
11046,80000,0,0,Bachellors,Management,0,1
11047,80000,0,0,Bachellors,Management,0,1
11048,90000,4,4,Bachellors,Management,1,1
11049,100000,1,0,Bachellors,Management,1,2
11050,130000,0,0,Graduate Degree,Management,0,1
11051,90000,4,4,Bachellors,Management,1,1
11052,90000,4,4,Partial College,Skilled Manual,0,3
11053,110000,2,1,Graduate Degree,Management,1,3
11054,120000,1,1,Bachellors,Management,0,4
11055,120000,1,1,Bachellors,Management,1,4
11056,120000,1,1,Bachellors,Management,1,4
11057,40000,0,0,High School,Skilled Manual,0,2
11058,40000,0,0,High School,Skilled Manual,1,2
11059,40000,0,0,High School,Skilled Manual,0,2
11060,40000,0,0,High School,Skilled Manual,1,2
11061,40000,0,0,Partial College,Skilled Manual,1,1
11062,60000,0,0,Partial College,Skilled Manual,0,2
11063,60000,0,0,Partial College,Skilled Manual,0,2
11064,10000,2,1,Partial High School,Clerical,1,2
11065,20000,4,0,High School,Skilled Manual,1,2
11066,20000,4,0,High School,Skilled Manual,0,2
11067,70000,1,1,Graduate Degree,Skilled Manual,1,0
11068,70000,1,1,Graduate Degree,Skilled Manual,1,0
11069,100000,0,2,Partial College,Professional,1,2
11070,100000,0,2,Partial College,Professional,1,2
11071,110000,4,3,Bachellors,Management,1,0
11072,110000,4,3,Bachellors,Management,0,0
11073,160000,2,2,Bachellors,Management,0,2
11074,90000,5,4,Partial College,Professional,1,4
11075,100000,1,2,Partial College,Professional,1,4
11076,110000,1,3,Bachellors,Management,1,1
11077,110000,1,3,Bachellors,Management,1,2
11078,110000,1,3,Bachellors,Management,1,3
11079,120000,1,3,Partial College,Professional,1,4
11080,70000,5,4,Partial College,Professional,1,3
11081,70000,5,4,Partial College,Professional,1,3
11082,100000,3,2,Partial College,Professional,1,4
11083,110000,1,3,Bachellors,Management,1,3
11084,110000,1,3,Bachellors,Management,1,3
11085,110000,1,3,Partial College,Professional,1,4
11086,110000,1,3,Partial College,Professional,1,4
11087,110000,1,3,Partial College,Professional,1,4
11088,120000,1,3,High School,Professional,1,4
11089,130000,1,3,Bachellors,Management,1,2
11090,130000,1,3,Bachellors,Management,1,3
11091,70000,4,3,High School,Professional,1,0
11092,80000,3,2,Partial College,Professional,1,1
11093,90000,2,1,High School,Professional,1,1
11094,90000,2,1,High School,Professional,1,1
11095,90000,2,1,High School,Professional,1,1
11096,90000,2,1,High School,Professional,1,1
11097,70000,2,0,Partial High School,Skilled Manual,1,2
11098,40000,3,0,Partial College,Professional,1,2
11099,50000,2,0,Graduate Degree,Management,0,2
11100,80000,4,0,Graduate Degree,Management,1,2
11101,80000,5,4,Partial College,Professional,1,3
11102,90000,4,3,High School,Professional,0,3
11103,100000,0,3,Partial College,Professional,1,1
11104,110000,3,3,Partial College,Professional,0,4
11105,110000,4,3,Partial College,Professional,1,4
11106,120000,5,4,High School,Professional,1,2
11107,160000,1,3,Partial College,Professional,1,2
11108,70000,2,0,Partial High School,Skilled Manual,0,2
11109,70000,2,0,Partial High School,Skilled Manual,0,2
11110,60000,2,0,Partial High School,Skilled Manual,0,2
11111,60000,2,0,Partial High School,Skilled Manual,1,2
11112,60000,2,0,Partial High School,Skilled Manual,0,2
11113,60000,3,0,Partial High School,Skilled Manual,1,2
11114,70000,3,0,Graduate Degree,Management,1,2
11115,70000,3,0,Graduate Degree,Management,1,2
11116,70000,3,0,Graduate Degree,Management,0,2
11117,70000,3,0,Graduate Degree,Management,1,2
11118,70000,3,0,Graduate Degree,Management,1,2
11119,70000,3,0,Graduate Degree,Management,1,2
11120,70000,3,0,Graduate Degree,Management,1,2
11121,60000,3,0,Graduate Degree,Management,1,2
11122,40000,3,0,Partial College,Professional,0,2
11123,40000,3,0,Partial College,Professional,1,2
11124,60000,3,0,Graduate Degree,Management,1,2
11125,60000,3,0,Graduate Degree,Management,1,2
11126,60000,3,0,Graduate Degree,Management,1,2
11127,60000,3,0,Graduate Degree,Management,0,2
11128,60000,3,0,Graduate Degree,Management,1,2
11129,70000,4,0,Graduate Degree,Management,1,2
11130,70000,4,0,Graduate Degree,Management,1,2
11131,70000,5,0,Graduate Degree,Management,1,2
11132,70000,5,0,Graduate Degree,Management,1,2
11133,70000,5,0,Graduate Degree,Management,1,2
11134,80000,4,0,Graduate Degree,Management,1,2
11135,60000,3,0,Graduate Degree,Management,1,2
11136,70000,5,0,Graduate Degree,Management,1,2
11137,80000,4,0,Graduate Degree,Management,1,2
11138,60000,3,0,Graduate Degree,Management,1,2
11139,80000,4,0,Graduate Degree,Management,1,2
11140,80000,4,0,Bachellors,Management,1,2
11141,50000,4,0,Bachellors,Management,1,2
11142,50000,4,0,Bachellors,Management,1,2
11143,50000,4,0,Bachellors,Management,1,2
11144,50000,4,0,Bachellors,Management,1,2
11145,60000,3,0,Graduate Degree,Management,1,2
11146,60000,3,0,Graduate Degree,Management,1,2
11147,50000,4,0,Bachellors,Management,1,2
11148,10000,2,1,Partial High School,Clerical,1,2
11149,10000,2,1,Partial High School,Clerical,1,2
11150,20000,4,0,High School,Skilled Manual,1,2
11151,30000,2,0,Partial College,Clerical,0,2
11152,10000,2,1,Partial High School,Clerical,1,2
11153,60000,0,0,Partial College,Skilled Manual,1,2
11154,70000,0,0,Partial College,Skilled Manual,0,2
11155,40000,0,0,Partial High School,Clerical,1,2
11156,20000,2,1,Partial High School,Clerical,1,2
11157,30000,3,0,Partial College,Clerical,0,2
11158,40000,0,0,Partial High School,Clerical,0,2
11159,40000,0,0,Partial High School,Clerical,1,2
11160,40000,0,0,Partial College,Skilled Manual,0,1
11161,40000,0,0,Partial College,Skilled Manual,0,1
11162,40000,0,0,Partial College,Skilled Manual,0,2
11163,60000,0,0,Partial College,Skilled Manual,1,2
11164,60000,0,0,Partial College,Skilled Manual,1,2
11165,70000,0,0,Partial College,Skilled Manual,0,2
11166,60000,0,0,Partial College,Skilled Manual,0,2
11167,60000,0,0,Partial College,Skilled Manual,0,2
11168,20000,2,1,Partial High School,Clerical,1,2
11169,30000,3,0,Partial College,Clerical,0,2
11170,20000,2,1,Partial High School,Clerical,1,2
11171,30000,3,0,Partial College,Clerical,0,2
11172,30000,3,0,High School,Skilled Manual,0,2
11173,30000,3,0,High School,Skilled Manual,1,2
11174,30000,3,0,High School,Skilled Manual,0,2
11175,30000,3,0,High School,Skilled Manual,1,2
11176,30000,3,0,High School,Skilled Manual,1,2
11177,40000,3,0,Partial College,Skilled Manual,0,2
11178,40000,3,0,Partial College,Skilled Manual,0,2
11179,40000,3,0,Partial College,Skilled Manual,1,2
11180,40000,3,0,Partial High School,Clerical,0,2
11181,70000,2,0,Partial College,Skilled Manual,0,2
11182,70000,2,0,Partial College,Skilled Manual,1,2
11183,40000,0,0,Partial College,Skilled Manual,0,2
11184,40000,0,0,Partial College,Skilled Manual,1,2
11185,60000,0,0,Partial College,Skilled Manual,1,2
11186,60000,0,0,Partial College,Skilled Manual,1,2
11187,60000,0,0,Partial College,Skilled Manual,0,2
11188,50000,0,0,High School,Skilled Manual,1,2
11189,60000,0,0,Partial College,Skilled Manual,1,2
11190,70000,0,0,Partial College,Professional,1,2
11191,60000,0,0,Partial College,Professional,0,2
11192,60000,0,0,Partial College,Professional,1,2
11193,60000,0,0,Partial College,Professional,0,2
11194,80000,2,0,High School,Skilled Manual,1,2
11195,80000,2,0,High School,Skilled Manual,1,2
11196,80000,2,0,High School,Skilled Manual,0,2
11197,80000,2,0,High School,Skilled Manual,0,2
11198,80000,2,0,High School,Skilled Manual,0,2
11199,80000,2,0,High School,Skilled Manual,0,2
11200,80000,2,0,High School,Skilled Manual,0,2
11201,70000,2,0,High School,Professional,1,2
11202,70000,2,0,High School,Professional,1,2
11203,70000,2,0,High School,Professional,1,2
11204,100000,1,1,Bachellors,Management,1,3
11205,110000,4,1,Bachellors,Management,1,3
11206,110000,4,1,Bachellors,Management,1,3
11207,110000,5,1,Bachellors,Management,1,4
11208,130000,0,0,Graduate Degree,Management,0,3
11209,110000,4,1,Bachellors,Management,1,4
11210,110000,1,1,Bachellors,Management,1,4
11211,110000,1,1,Bachellors,Management,1,4
11212,60000,0,0,Partial College,Professional,1,2
11213,110000,1,1,Bachellors,Management,1,4
11214,110000,1,2,Bachellors,Management,1,0
11215,120000,4,2,Bachellors,Management,1,0
11216,130000,0,1,Graduate Degree,Management,1,4
11217,150000,0,0,Bachellors,Management,1,2
11218,70000,2,0,Partial High School,Skilled Manual,0,2
11219,60000,2,0,High School,Professional,0,2
11220,60000,2,0,High School,Professional,1,2
11221,60000,2,0,High School,Professional,0,2
11222,60000,2,0,High School,Professional,0,2
11223,90000,2,0,Partial College,Professional,1,1
11224,90000,2,0,Partial College,Professional,1,1
11225,90000,2,0,Partial College,Professional,1,1
11226,90000,2,0,Partial College,Professional,1,1
11227,60000,2,0,High School,Professional,1,2
11228,60000,2,0,High School,Professional,1,2
11229,60000,2,0,High School,Professional,1,2
11230,60000,2,0,High School,Professional,0,2
11231,70000,3,0,Partial College,Professional,1,2
11232,70000,3,0,Partial College,Professional,1,2
11233,50000,1,1,Graduate Degree,Skilled Manual,1,0
11234,50000,1,1,Graduate Degree,Skilled Manual,1,0
11235,50000,1,1,Graduate Degree,Skilled Manual,1,0
11236,60000,1,0,Graduate Degree,Professional,1,0
11237,40000,1,1,Bachellors,Skilled Manual,1,0
11238,40000,1,1,Bachellors,Skilled Manual,1,1
11239,40000,1,1,Bachellors,Skilled Manual,1,1
11240,40000,1,1,Bachellors,Skilled Manual,1,1
11241,40000,1,1,Bachellors,Skilled Manual,1,1
11242,40000,1,1,Bachellors,Skilled Manual,1,1
11243,40000,1,1,Bachellors,Skilled Manual,1,1
11244,60000,1,0,Graduate Degree,Professional,1,0
11245,50000,1,1,Bachellors,Skilled Manual,1,1
11246,50000,2,2,Bachellors,Skilled Manual,1,0
11247,50000,2,2,Bachellors,Skilled Manual,1,0
11248,50000,2,2,Bachellors,Skilled Manual,1,0
11249,50000,2,2,Bachellors,Skilled Manual,1,0
11250,70000,3,0,Graduate Degree,Professional,1,0
11251,70000,3,0,Graduate Degree,Professional,1,0
11252,60000,1,0,Graduate Degree,Professional,1,0
11253,60000,1,0,Graduate Degree,Professional,1,0
11254,60000,2,0,Graduate Degree,Professional,1,0
11255,60000,2,0,Graduate Degree,Professional,1,0
11256,70000,3,0,Graduate Degree,Professional,1,0
11257,70000,4,0,Graduate Degree,Professional,1,0
11258,70000,4,0,Graduate Degree,Professional,1,0
11259,70000,4,0,Graduate Degree,Professional,1,0
11260,40000,0,0,Bachellors,Professional,1,1
11261,50000,2,2,Bachellors,Skilled Manual,1,1
11262,50000,2,2,Bachellors,Skilled Manual,1,1
11263,50000,2,2,Bachellors,Skilled Manual,1,1
11264,60000,3,3,Bachellors,Skilled Manual,1,0
11265,60000,0,0,Graduate Degree,Professional,0,0
11266,70000,0,0,Graduate Degree,Professional,0,0
11267,70000,4,0,Graduate Degree,Professional,1,0
11268,70000,4,0,Graduate Degree,Professional,1,0
11269,60000,2,0,Graduate Degree,Professional,1,0
11270,70000,5,5,Graduate Degree,Professional,1,3
11271,80000,2,0,Graduate Degree,Professional,1,0
11272,80000,3,0,Graduate Degree,Professional,1,0
11273,80000,3,0,Graduate Degree,Professional,1,0
11274,40000,0,0,Bachellors,Professional,1,1
11275,40000,0,0,Bachellors,Professional,1,1
11276,40000,0,0,Bachellors,Professional,0,1
11277,40000,0,0,Bachellors,Professional,0,1
11278,40000,0,0,Bachellors,Professional,0,1
11279,50000,3,3,Bachellors,Skilled Manual,1,1
11280,50000,3,3,Bachellors,Skilled Manual,1,2
11281,50000,3,3,Bachellors,Skilled Manual,0,3
11282,60000,0,0,Graduate Degree,Professional,1,0
11283,40000,0,0,Bachellors,Professional,0,1
11284,60000,4,4,Bachellors,Skilled Manual,1,2
11285,60000,4,4,Bachellors,Skilled Manual,0,3
11286,60000,4,4,Bachellors,Skilled Manual,1,3
11287,60000,5,5,Bachellors,Skilled Manual,1,3
11288,60000,5,5,Bachellors,Skilled Manual,1,3
11289,60000,4,2,Bachellors,Skilled Manual,0,2
11290,60000,4,2,Bachellors,Skilled Manual,1,2
11291,70000,4,2,Bachellors,Professional,1,2
11292,70000,4,2,Bachellors,Professional,1,2
11293,70000,4,2,Bachellors,Professional,1,2
11294,70000,4,2,Bachellors,Professional,1,2
11295,70000,0,0,Bachellors,Professional,0,1
11296,70000,0,0,Bachellors,Professional,1,1
11297,70000,0,0,Bachellors,Professional,0,1
11298,70000,0,0,Bachellors,Professional,1,1
11299,70000,0,0,Bachellors,Professional,0,1
11300,70000,4,2,Bachellors,Professional,1,2
11301,60000,3,2,Graduate Degree,Professional,0,0
11302,60000,3,2,Graduate Degree,Professional,1,0
11303,40000,1,1,Bachellors,Skilled Manual,1,0
11304,20000,0,0,Partial High School,Manual,1,2
11305,20000,0,0,Partial High School,Manual,0,2
11306,20000,0,0,Partial High School,Manual,0,2
11307,30000,0,0,High School,Manual,0,1
11308,40000,1,1,Bachellors,Skilled Manual,1,1
11309,40000,1,1,Bachellors,Skilled Manual,1,1
11310,40000,1,1,Bachellors,Skilled Manual,1,1
11311,20000,0,0,Partial High School,Manual,0,2
11312,30000,0,0,High School,Manual,0,1
11313,40000,1,1,Bachellors,Skilled Manual,1,1
11314,40000,2,2,Partial College,Clerical,1,0
11315,10000,0,0,Partial High School,Manual,0,2
11316,20000,0,0,Partial High School,Manual,1,2
11317,20000,0,0,Partial High School,Manual,0,2
11318,20000,0,0,Partial High School,Manual,0,2
11319,30000,0,0,High School,Manual,1,1
11320,30000,0,0,High School,Manual,0,1
11321,30000,0,0,High School,Manual,0,1
11322,40000,2,2,Partial College,Clerical,1,0
11323,30000,0,0,High School,Manual,1,1
11324,40000,2,2,Partial College,Clerical,1,1
11325,40000,2,2,Partial College,Clerical,0,1
11326,40000,2,2,Partial College,Clerical,1,2
11327,40000,3,3,Partial College,Clerical,1,1
11328,40000,3,3,Partial College,Clerical,1,2
11329,50000,0,0,Graduate Degree,Skilled Manual,1,0
11330,50000,0,0,Graduate Degree,Skilled Manual,1,0
11331,50000,0,0,Graduate Degree,Skilled Manual,1,0
11332,20000,2,0,Partial College,Clerical,0,2
11333,30000,1,0,Bachellors,Skilled Manual,1,1
11334,40000,1,0,Graduate Degree,Skilled Manual,1,1
11335,60000,0,0,Graduate Degree,Skilled Manual,1,0
11336,60000,0,0,Graduate Degree,Skilled Manual,1,0
11337,60000,0,0,Graduate Degree,Skilled Manual,1,0
11338,20000,2,0,High School,Manual,0,2
11339,20000,2,0,High School,Manual,0,2
11340,20000,2,0,High School,Manual,0,2
11341,20000,2,0,High School,Manual,0,2
11342,20000,2,0,High School,Manual,0,2
11343,20000,3,0,Partial High School,Clerical,0,2
11344,30000,1,0,High School,Clerical,1,1
11345,30000,1,0,High School,Clerical,1,1
11346,30000,2,0,High School,Skilled Manual,1,2
11347,40000,1,0,Partial College,Clerical,1,1
11348,30000,2,0,High School,Skilled Manual,0,2
11349,30000,2,0,High School,Skilled Manual,1,2
11350,30000,2,0,High School,Skilled Manual,1,2
11351,30000,2,0,High School,Skilled Manual,1,2
11352,30000,2,0,High School,Skilled Manual,0,2
11353,30000,2,0,High School,Skilled Manual,0,2
11354,30000,2,0,High School,Skilled Manual,1,2
11355,30000,2,0,High School,Skilled Manual,0,2
11356,30000,2,0,High School,Skilled Manual,0,2
11357,30000,2,0,High School,Skilled Manual,1,2
11358,30000,2,0,High School,Skilled Manual,1,2
11359,40000,1,0,Partial College,Clerical,1,1
11360,40000,2,0,Partial College,Clerical,0,1
11361,40000,2,0,Partial College,Clerical,0,1
11362,40000,2,0,Partial College,Clerical,1,1
11363,80000,5,0,Graduate Degree,Skilled Manual,0,0
11364,80000,5,0,Graduate Degree,Skilled Manual,1,0
11365,80000,5,0,Graduate Degree,Skilled Manual,1,0
11366,80000,5,0,Graduate Degree,Skilled Manual,0,0
11367,80000,4,0,Graduate Degree,Skilled Manual,0,0
11368,80000,4,0,Graduate Degree,Skilled Manual,1,0
11369,40000,2,0,Partial College,Clerical,0,1
11370,60000,4,0,Graduate Degree,Skilled Manual,1,0
11371,60000,4,0,Graduate Degree,Skilled Manual,1,0
11372,50000,0,0,Graduate Degree,Skilled Manual,0,0
11373,50000,0,0,Graduate Degree,Skilled Manual,1,0
11374,40000,0,0,Graduate Degree,Skilled Manual,1,0
11375,40000,0,0,Graduate Degree,Skilled Manual,1,0
11376,40000,1,0,Graduate Degree,Skilled Manual,1,0
11377,50000,1,0,Graduate Degree,Skilled Manual,1,0
11378,10000,1,0,Graduate Degree,Manual,1,0
11379,10000,1,0,Graduate Degree,Manual,0,0
11380,10000,1,0,Graduate Degree,Manual,0,0
11381,10000,1,0,Graduate Degree,Manual,0,0
11382,10000,1,0,Graduate Degree,Manual,1,0
11383,20000,1,0,Graduate Degree,Clerical,1,0
11384,20000,1,0,Graduate Degree,Clerical,1,0
11385,10000,1,0,Bachellors,Manual,1,0
11386,20000,1,0,Graduate Degree,Clerical,1,0
11387,20000,1,0,Graduate Degree,Clerical,1,0
11388,20000,1,0,Graduate Degree,Clerical,1,0
11389,20000,1,0,Graduate Degree,Clerical,1,0
11390,20000,1,0,Bachellors,Clerical,1,0
11391,20000,1,0,Bachellors,Clerical,1,0
11392,10000,2,0,Partial College,Manual,1,1
11393,10000,2,0,Partial College,Manual,1,1
11394,10000,2,0,Partial College,Manual,0,1
11395,20000,1,0,Graduate Degree,Clerical,0,0
11396,20000,1,0,Bachellors,Clerical,1,0
11397,30000,1,0,Bachellors,Clerical,1,0
11398,10000,2,0,Partial College,Manual,1,1
11399,20000,1,0,Partial College,Manual,1,0
11400,10000,0,0,Partial College,Manual,1,1
11401,10000,0,0,Partial College,Manual,0,1
11402,10000,0,0,Partial College,Manual,1,1
11403,10000,0,0,Partial College,Manual,1,1
11404,10000,0,0,Partial College,Manual,1,1
11405,10000,0,0,Partial College,Manual,0,1
11406,10000,0,0,Partial College,Manual,1,1
11407,10000,0,0,High School,Manual,1,2
11408,10000,1,1,High School,Manual,1,0
11409,10000,1,1,High School,Manual,0,0
11410,20000,0,0,Bachellors,Clerical,1,0
11411,20000,0,0,Bachellors,Clerical,0,0
11412,20000,0,0,Bachellors,Clerical,0,0
11413,20000,0,0,Bachellors,Clerical,0,0
11414,20000,1,0,Partial College,Manual,1,0
11415,20000,2,0,Partial College,Manual,0,1
11416,30000,1,0,Bachellors,Clerical,0,0
11417,30000,1,0,Bachellors,Clerical,0,0
11418,20000,1,1,Partial College,Manual,1,0
11419,30000,4,0,Graduate Degree,Clerical,1,0
11420,10000,1,1,High School,Manual,0,1
11421,10000,1,1,High School,Manual,0,1
11422,20000,2,0,Partial College,Manual,0,1
11423,30000,3,0,Graduate Degree,Clerical,0,0
11424,20000,2,0,Partial College,Manual,0,1
11425,20000,2,0,Partial College,Manual,1,1
11426,20000,2,0,Partial College,Manual,0,1
11427,30000,3,0,Graduate Degree,Clerical,1,0
11428,30000,3,0,Bachellors,Clerical,0,0
11429,30000,3,0,Bachellors,Clerical,0,0
11430,30000,3,0,Bachellors,Clerical,1,0
11431,40000,3,0,Graduate Degree,Clerical,0,0
11432,10000,1,1,High School,Manual,0,1
11433,10000,2,2,High School,Manual,1,0
11434,20000,0,0,Partial College,Manual,0,1
11435,20000,0,0,Partial College,Manual,0,1
11436,10000,2,2,High School,Manual,1,0
11437,30000,0,0,Bachellors,Clerical,1,0
11438,40000,0,0,Graduate Degree,Clerical,0,0
11439,20000,0,0,Partial College,Manual,0,1
11440,30000,0,0,Bachellors,Clerical,1,0
11441,30000,0,0,Bachellors,Clerical,0,0
11442,30000,1,0,Bachellors,Clerical,1,0
11443,30000,1,0,Bachellors,Clerical,1,0
11444,30000,1,0,Bachellors,Clerical,0,0
11445,40000,0,0,Graduate Degree,Clerical,0,0
11446,40000,0,0,Graduate Degree,Clerical,0,0
11447,40000,0,0,Graduate Degree,Clerical,0,0
11448,40000,0,0,Graduate Degree,Clerical,1,0
11449,40000,0,0,Graduate Degree,Clerical,1,0
11450,40000,0,0,Graduate Degree,Clerical,1,0
11451,50000,0,0,Graduate Degree,Skilled Manual,1,0
11452,50000,0,0,Graduate Degree,Skilled Manual,0,0
11453,50000,0,0,Graduate Degree,Skilled Manual,1,0
11454,10000,3,0,Bachellors,Clerical,1,2
11455,10000,3,0,Partial College,Manual,0,2
11456,10000,3,0,Partial College,Manual,1,2
11457,20000,2,0,Partial College,Manual,0,1
11458,10000,2,2,High School,Manual,0,1
11459,20000,1,1,Partial College,Manual,0,0
11460,20000,1,1,Partial College,Manual,1,0
11461,20000,1,1,Partial College,Manual,1,0
11462,20000,1,1,Partial College,Manual,1,1
11463,20000,1,1,Partial College,Manual,0,1
11464,30000,1,1,Bachellors,Clerical,1,0
11465,40000,0,0,Graduate Degree,Clerical,1,0
11466,40000,0,0,Graduate Degree,Clerical,1,0
11467,20000,1,1,Partial College,Manual,0,1
11468,20000,1,1,Partial College,Manual,1,1
11469,20000,1,1,Partial College,Manual,1,1
11470,20000,1,1,Partial College,Manual,1,1
11471,30000,1,1,Bachellors,Clerical,1,0
11472,30000,1,1,Bachellors,Clerical,1,0
11473,30000,1,1,Bachellors,Clerical,0,0
11474,30000,1,1,Bachellors,Clerical,1,1
11475,10000,5,4,Partial High School,Manual,1,2
11476,10000,5,4,Partial High School,Manual,1,2
11477,20000,2,2,High School,Manual,0,0
11478,20000,2,2,High School,Manual,1,0
11479,30000,1,1,Bachellors,Clerical,1,1
11480,30000,1,1,Bachellors,Skilled Manual,1,1
11481,30000,1,1,Bachellors,Skilled Manual,1,1
11482,30000,1,1,Bachellors,Skilled Manual,1,1
11483,10000,4,3,Partial High School,Manual,1,2
11484,10000,4,3,Partial High School,Manual,1,2
11485,20000,2,2,High School,Manual,1,0
11486,20000,2,2,High School,Manual,1,1
11487,20000,2,2,High School,Manual,1,1
11488,20000,2,2,High School,Manual,1,1
11489,30000,1,1,Bachellors,Skilled Manual,1,2
11490,30000,1,1,Bachellors,Skilled Manual,1,2
11491,10000,5,2,Partial High School,Manual,0,1
11492,20000,2,2,High School,Manual,1,2
11493,20000,3,3,High School,Manual,0,0
11494,20000,3,3,High School,Manual,1,0
11495,20000,3,3,High School,Manual,0,0
11496,20000,3,3,High School,Manual,1,1
11497,30000,1,1,Bachellors,Skilled Manual,1,2
11498,10000,3,2,Partial High School,Manual,1,2
11499,20000,3,3,High School,Manual,0,2
11500,10000,4,0,High School,Manual,0,2
11501,40000,0,0,Bachellors,Professional,0,0
11502,40000,0,0,Bachellors,Professional,1,0
11503,40000,0,0,Bachellors,Professional,1,0
11504,40000,0,0,Bachellors,Professional,1,0
11505,60000,0,0,Graduate Degree,Skilled Manual,0,0
11506,30000,1,0,Partial College,Clerical,0,1
11507,30000,2,2,Partial College,Clerical,1,1
11508,30000,2,2,Partial College,Clerical,0,1
11509,40000,1,0,Bachellors,Skilled Manual,1,0
11510,40000,1,0,Bachellors,Skilled Manual,1,0
11511,40000,1,0,Bachellors,Skilled Manual,1,0
11512,30000,2,2,Partial College,Clerical,1,2
11513,30000,2,2,Partial College,Clerical,1,2
11514,30000,2,2,Partial College,Clerical,1,2
11515,20000,0,0,High School,Manual,1,1
11516,20000,4,4,High School,Manual,1,2
11517,30000,3,3,Partial College,Clerical,0,1
11518,30000,3,3,Partial College,Clerical,1,1
11519,30000,3,3,Partial College,Clerical,0,2
11520,40000,1,0,Bachellors,Skilled Manual,1,0
11521,40000,1,0,Bachellors,Skilled Manual,1,0
11522,30000,1,0,Partial College,Clerical,1,1
11523,30000,1,0,Partial College,Clerical,0,1
11524,40000,1,0,Bachellors,Skilled Manual,1,1
11525,40000,1,0,Bachellors,Skilled Manual,1,1
11526,30000,4,4,Partial College,Clerical,1,2
11527,30000,4,4,Partial College,Clerical,1,3
11528,20000,0,0,High School,Manual,0,1
11529,20000,0,0,High School,Manual,1,1
11530,10000,0,0,Partial High School,Manual,0,2
11531,20000,0,0,High School,Manual,0,1
11532,20000,0,0,High School,Manual,1,1
11533,30000,0,0,Partial College,Clerical,0,1
11534,20000,0,0,Partial High School,Manual,0,2
11535,30000,0,0,Partial College,Clerical,1,1
11536,40000,1,1,Bachellors,Skilled Manual,1,0
11537,40000,1,1,Bachellors,Skilled Manual,1,0
11538,20000,0,0,Partial High School,Manual,0,2
11539,10000,0,0,Partial High School,Manual,1,2
11540,20000,0,0,Partial High School,Manual,0,2
11541,20000,0,0,Partial High School,Manual,0,2
11542,30000,0,0,Partial College,Clerical,0,1
11543,30000,0,0,Partial College,Clerical,1,1
11544,40000,0,0,Graduate Degree,Skilled Manual,1,0
11545,50000,1,0,Graduate Degree,Skilled Manual,1,0
11546,50000,1,0,Graduate Degree,Skilled Manual,1,0
11547,40000,4,4,High School,Skilled Manual,1,3
11548,70000,1,0,Graduate Degree,Skilled Manual,1,0
11549,70000,1,0,Graduate Degree,Skilled Manual,1,0
11550,70000,1,0,Graduate Degree,Skilled Manual,1,0
11551,10000,1,0,Bachellors,Manual,1,0
11552,20000,1,0,Graduate Degree,Clerical,1,0
11553,20000,1,0,Graduate Degree,Clerical,0,0
11554,30000,1,0,Graduate Degree,Clerical,0,0
11555,10000,1,0,Bachellors,Manual,0,0
11556,20000,1,0,Bachellors,Manual,1,0
11557,20000,1,0,Bachellors,Manual,1,0
11558,10000,1,0,Partial College,Manual,0,0
11559,10000,1,0,Partial College,Manual,1,0
11560,10000,1,0,Partial College,Manual,1,0
11561,10000,1,0,Partial College,Manual,1,0
11562,10000,1,0,Partial College,Manual,0,0
11563,10000,2,0,Partial College,Manual,1,0
11564,10000,2,0,Partial College,Manual,0,0
11565,20000,1,0,Bachellors,Clerical,1,0
11566,20000,1,0,Bachellors,Clerical,0,0
11567,10000,2,0,Partial College,Manual,1,1
11568,20000,1,0,Graduate Degree,Clerical,1,0
11569,20000,1,0,Graduate Degree,Clerical,1,0
11570,30000,1,0,Graduate Degree,Clerical,1,0
11571,30000,1,0,Bachellors,Clerical,1,0
11572,10000,0,0,Partial College,Manual,1,1
11573,10000,0,0,Partial College,Manual,1,1
11574,10000,0,0,Partial College,Manual,0,1
11575,10000,0,0,Partial College,Manual,0,1
11576,20000,0,0,Bachellors,Clerical,0,0
11577,20000,0,0,Bachellors,Clerical,0,0
11578,20000,0,0,Bachellors,Clerical,1,0
11579,10000,0,0,High School,Manual,0,2
11580,10000,1,1,High School,Manual,0,0
11581,10000,1,1,High School,Manual,0,0
11582,20000,0,0,Bachellors,Clerical,0,0
11583,20000,0,0,Bachellors,Clerical,0,0
11584,20000,0,0,Partial College,Manual,1,0
11585,20000,1,1,Partial College,Manual,1,0
11586,30000,4,0,Graduate Degree,Clerical,0,0
11587,30000,3,0,Graduate Degree,Clerical,0,0
11588,20000,1,1,Partial College,Manual,0,0
11589,20000,1,1,Partial College,Manual,1,0
11590,20000,1,1,Partial College,Manual,1,0
11591,20000,2,0,Partial College,Manual,0,1
11592,30000,1,0,Graduate Degree,Clerical,0,0
11593,30000,3,0,Graduate Degree,Clerical,1,0
11594,30000,3,0,Bachellors,Clerical,0,0
11595,30000,3,0,Bachellors,Clerical,0,0
11596,40000,3,0,Graduate Degree,Clerical,1,0
11597,30000,0,0,Bachellors,Clerical,1,0
11598,30000,0,0,Bachellors,Clerical,1,0
11599,30000,0,0,Bachellors,Clerical,0,0
11600,40000,3,0,Graduate Degree,Clerical,0,0
11601,30000,1,0,Bachellors,Clerical,1,0
11602,30000,1,0,Bachellors,Clerical,0,0
11603,10000,2,2,High School,Manual,1,0
11604,10000,2,2,High School,Manual,1,0
11605,20000,0,0,Partial College,Manual,1,1
11606,20000,0,0,Partial College,Manual,0,1
11607,20000,0,0,Partial College,Manual,1,1
11608,20000,0,0,Partial College,Manual,0,1
11609,10000,2,2,High School,Manual,1,0
11610,30000,0,0,Bachellors,Clerical,1,0
11611,30000,0,0,Bachellors,Clerical,1,0
11612,40000,0,0,Graduate Degree,Clerical,1,0
11613,20000,0,0,Partial College,Manual,0,1
11614,20000,0,0,Partial College,Manual,0,1
11615,30000,0,0,Bachellors,Clerical,1,0
11616,30000,0,0,Bachellors,Clerical,0,0
11617,40000,0,0,Graduate Degree,Clerical,1,0
11618,40000,0,0,Graduate Degree,Clerical,1,0
11619,40000,0,0,Graduate Degree,Clerical,1,0
11620,50000,0,0,Graduate Degree,Skilled Manual,0,0
11621,50000,0,0,Graduate Degree,Skilled Manual,0,0
11622,50000,0,0,Graduate Degree,Skilled Manual,1,0
11623,10000,3,0,Partial College,Manual,0,2
11624,10000,3,0,Partial College,Manual,0,2
11625,10000,3,0,High School,Manual,0,2
11626,10000,3,3,High School,Manual,1,0
11627,10000,3,3,High School,Manual,1,0
11628,20000,1,1,Partial College,Manual,0,0
11629,20000,1,1,Partial College,Manual,1,1
11630,40000,1,0,Graduate Degree,Clerical,1,0
11631,30000,1,0,Bachellors,Clerical,1,0
11632,30000,1,0,Bachellors,Clerical,0,0
11633,40000,0,0,Graduate Degree,Clerical,1,0
11634,40000,0,0,Graduate Degree,Clerical,1,0
11635,40000,0,0,Graduate Degree,Clerical,1,0
11636,40000,0,0,Graduate Degree,Clerical,0,0
11637,40000,0,0,Bachellors,Clerical,0,0
11638,40000,0,0,Bachellors,Clerical,1,0
11639,10000,3,3,Partial High School,Manual,1,1
11640,20000,1,1,Partial College,Manual,1,1
11641,20000,1,1,Partial College,Manual,1,1
11642,20000,1,1,Partial College,Manual,1,1
11643,20000,1,1,Partial College,Manual,0,1
11644,20000,1,1,High School,Manual,1,1
11645,30000,1,1,Bachellors,Clerical,1,0
11646,30000,1,1,Bachellors,Clerical,0,1
11647,20000,1,1,High School,Manual,0,1
11648,40000,0,0,Bachellors,Clerical,0,0
11649,40000,0,0,Bachellors,Clerical,0,0
11650,30000,1,1,Bachellors,Clerical,0,1
11651,30000,1,1,Bachellors,Clerical,0,1
11652,30000,1,1,Bachellors,Clerical,0,1
11653,20000,2,2,High School,Manual,1,0
11654,20000,2,2,High School,Manual,1,0
11655,20000,2,2,High School,Manual,1,1
11656,20000,2,2,High School,Manual,1,1
11657,10000,5,2,Partial High School,Manual,1,1
11658,10000,3,2,Partial High School,Manual,1,1
11659,20000,2,2,High School,Manual,1,2
11660,20000,2,2,High School,Manual,1,2
11661,20000,2,2,High School,Manual,0,2
11662,30000,1,1,Bachellors,Skilled Manual,1,2
11663,30000,1,1,Bachellors,Skilled Manual,1,2
11664,30000,2,2,Partial College,Manual,1,0
11665,40000,0,0,Bachellors,Professional,0,0
11666,40000,0,0,Bachellors,Professional,0,0
11667,40000,0,0,Bachellors,Professional,0,0
11668,40000,0,0,Bachellors,Professional,1,0
11669,40000,0,0,Bachellors,Professional,0,0
11670,40000,0,0,Bachellors,Professional,1,0
11671,60000,0,0,Graduate Degree,Skilled Manual,1,0
11672,30000,2,2,Partial College,Manual,1,0
11673,30000,2,2,Partial College,Clerical,1,0
11674,30000,2,2,Partial College,Clerical,1,0
11675,30000,2,2,Partial College,Clerical,1,0
11676,30000,2,2,Partial College,Clerical,1,1
11677,30000,2,2,Partial College,Clerical,1,1
11678,30000,2,2,Partial College,Clerical,1,2
11679,40000,1,0,Bachellors,Skilled Manual,1,0
11680,40000,1,0,Bachellors,Skilled Manual,1,0
11681,40000,1,0,Bachellors,Skilled Manual,1,0
11682,30000,2,2,Partial College,Clerical,1,2
11683,30000,2,2,Partial College,Clerical,0,2
11684,30000,3,3,Partial College,Clerical,1,0
11685,40000,1,0,Bachellors,Skilled Manual,1,0
11686,30000,3,3,Partial College,Clerical,1,1
11687,30000,3,3,Partial College,Clerical,1,2
11688,40000,1,0,Bachellors,Skilled Manual,1,0
11689,30000,1,0,Partial College,Clerical,0,1
11690,30000,1,0,Partial College,Clerical,0,1
11691,40000,1,0,Bachellors,Skilled Manual,1,1
11692,40000,1,0,Bachellors,Skilled Manual,1,1
11693,40000,1,0,Bachellors,Skilled Manual,1,1
11694,40000,1,0,Bachellors,Skilled Manual,1,1
11695,30000,3,3,Partial College,Clerical,1,2
11696,30000,4,4,Partial College,Clerical,1,3
11697,20000,0,0,High School,Manual,1,1
11698,20000,0,0,High School,Manual,0,1
11699,10000,0,0,Partial High School,Manual,0,2
11700,10000,0,0,Partial High School,Manual,1,2
11701,10000,0,0,Partial High School,Manual,0,2
11702,20000,0,0,High School,Manual,0,1
11703,20000,0,0,High School,Manual,0,1
11704,20000,0,0,High School,Manual,0,1
11705,20000,0,0,High School,Manual,0,1
11706,20000,0,0,Partial High School,Manual,0,1
11707,30000,0,0,Partial College,Clerical,1,1
11708,30000,0,0,Partial College,Clerical,0,1
11709,10000,0,0,Partial High School,Manual,1,2
11710,20000,0,0,Partial High School,Manual,0,2
11711,20000,0,0,Partial High School,Manual,0,2
11712,30000,0,0,Partial College,Clerical,0,1
11713,30000,0,0,Partial College,Clerical,0,1
11714,70000,3,0,Partial College,Professional,0,2
11715,90000,4,4,Partial College,Professional,1,3
11716,90000,4,4,Partial College,Professional,1,3
11717,100000,3,1,Bachellors,Management,1,4
11718,100000,4,1,Partial College,Professional,1,4
11719,110000,2,2,Bachellors,Management,1,3
11720,110000,3,2,Bachellors,Management,1,4
11721,130000,1,1,Graduate Degree,Management,1,4
11722,40000,4,3,High School,Skilled Manual,1,2
11723,70000,1,0,Bachellors,Professional,0,1
11724,60000,3,0,Graduate Degree,Management,1,2
11725,70000,5,0,Bachellors,Management,1,2
11726,60000,3,0,Graduate Degree,Management,1,2
11727,60000,3,0,Graduate Degree,Management,1,2
11728,60000,3,0,Graduate Degree,Management,1,2
11729,70000,5,0,Bachellors,Management,1,2
11730,70000,5,0,Bachellors,Management,1,2
11731,70000,5,0,Bachellors,Management,1,2
11732,70000,5,0,Bachellors,Management,1,2
11733,80000,5,0,Bachellors,Management,1,2
11734,80000,5,0,Bachellors,Management,0,2
11735,30000,5,0,Partial High School,Clerical,0,2
11736,40000,4,0,High School,Professional,1,2
11737,40000,4,0,High School,Professional,0,2
11738,70000,4,0,Bachellors,Management,1,2
11739,70000,4,0,Bachellors,Management,1,2
11740,70000,4,0,Bachellors,Management,1,2
11741,40000,4,0,High School,Professional,0,2
11742,40000,4,0,High School,Professional,1,2
11743,40000,4,0,High School,Professional,0,2
11744,40000,5,0,High School,Professional,1,2
11745,40000,5,0,High School,Professional,0,3
11746,40000,5,0,High School,Professional,1,3
11747,70000,5,0,Bachellors,Management,1,2
11748,70000,5,0,Bachellors,Management,1,2
11749,70000,5,0,Bachellors,Management,1,3
11750,70000,5,0,Bachellors,Management,1,4
11751,70000,5,0,Bachellors,Management,1,4
11752,60000,4,0,Bachellors,Management,0,2
11753,60000,4,0,Bachellors,Management,0,2
11754,70000,2,1,Partial College,Professional,0,1
11755,70000,2,1,Partial College,Professional,1,1
11756,70000,2,1,Partial College,Professional,1,1
11757,70000,2,1,Partial College,Professional,1,1
11758,70000,2,1,Partial College,Professional,1,1
11759,60000,2,1,Partial College,Professional,0,1
11760,60000,2,1,Partial College,Professional,1,1
11761,60000,2,1,Partial College,Professional,0,1
11762,60000,2,1,Partial College,Professional,1,1
11763,60000,2,1,Partial College,Professional,1,1
11764,60000,2,1,Partial College,Professional,1,1
11765,60000,2,1,Partial College,Professional,1,2
11766,60000,2,1,Partial College,Professional,1,2
11767,60000,2,1,Partial College,Professional,1,2
11768,60000,2,1,Partial College,Professional,1,2
11769,60000,2,1,Bachellors,Management,1,0
11770,60000,2,1,Partial College,Professional,1,1
11771,70000,4,1,Partial College,Professional,1,2
11772,40000,2,1,Partial High School,Skilled Manual,0,2
11773,40000,2,1,Partial High School,Skilled Manual,1,2
11774,60000,2,1,Partial College,Professional,1,2
11775,60000,2,1,Partial College,Professional,1,2
11776,60000,2,1,Partial College,Professional,1,1
11777,70000,4,2,Partial College,Professional,1,1
11778,60000,2,1,High School,Professional,1,2
11779,60000,2,1,Partial College,Professional,1,1
11780,60000,2,1,Partial College,Professional,1,2
11781,60000,2,1,Partial College,Professional,1,2
11782,70000,4,2,Partial College,Professional,1,1
11783,70000,4,2,Partial College,Professional,1,2
11784,70000,2,1,Partial High School,Skilled Manual,1,2
11785,70000,2,1,Partial High School,Skilled Manual,1,2
11786,70000,2,1,Partial High School,Skilled Manual,1,3
11787,70000,2,1,Partial High School,Skilled Manual,1,3
11788,70000,2,1,Partial High School,Skilled Manual,1,3
11789,70000,2,1,Partial High School,Skilled Manual,0,3
11790,70000,2,1,Partial High School,Skilled Manual,1,3
11791,70000,2,1,Partial High School,Skilled Manual,1,4
11792,60000,2,1,High School,Professional,1,2
11793,70000,4,3,Partial College,Professional,1,1
11794,70000,4,3,Partial College,Professional,1,1
11795,130000,2,4,Partial College,Professional,1,1
11796,110000,2,4,Partial College,Professional,1,3
11797,110000,2,4,Partial College,Professional,0,3
11798,130000,2,4,Partial College,Professional,1,2
11799,150000,2,3,High School,Professional,1,4
11800,120000,3,4,Partial High School,Professional,0,4
11801,90000,2,1,High School,Professional,0,2
11802,110000,3,4,Partial College,Professional,1,4
11803,120000,3,4,Partial High School,Professional,1,4
11804,130000,3,4,Partial College,Professional,0,3
11805,80000,3,1,Partial College,Professional,1,2
11806,80000,5,0,Bachellors,Management,1,2
11807,90000,5,0,Partial College,Professional,1,2
11808,130000,3,4,Bachellors,Management,1,4
11809,170000,3,4,Bachellors,Management,0,2
11810,80000,5,0,Partial College,Professional,1,2
11811,90000,5,0,Partial College,Professional,0,2
11812,110000,3,4,Bachellors,Management,1,4
11813,120000,4,4,Bachellors,Management,1,4
11814,130000,4,4,Bachellors,Management,1,4
11815,100000,2,3,Bachellors,Management,1,4
11816,100000,3,4,Bachellors,Management,1,1
11817,120000,4,4,Bachellors,Management,1,4
11818,120000,4,5,Bachellors,Management,1,0
11819,150000,3,4,Graduate Degree,Management,1,4
11820,80000,4,2,Partial College,Professional,1,2
11821,100000,3,4,High School,Professional,1,3
11822,130000,3,4,Partial College,Professional,1,4
11823,170000,5,4,High School,Professional,1,4
11824,160000,2,5,Bachellors,Management,1,2
17737,30000,0,0,High School,Manual,0,1
17738,10000,0,0,Partial High School,Manual,0,2
17739,20000,0,0,Partial High School,Manual,1,2
17740,30000,0,0,High School,Manual,0,1
17741,40000,1,1,Bachellors,Skilled Manual,1,0
17742,40000,1,1,Bachellors,Skilled Manual,1,1
17743,40000,1,1,Bachellors,Skilled Manual,1,1
17744,20000,2,0,Partial High School,Manual,0,2
17745,30000,0,0,High School,Manual,0,1
17746,10000,0,0,Partial High School,Manual,0,2
17747,10000,0,0,Partial High School,Manual,1,2
17748,10000,0,0,Partial High School,Manual,0,2
17749,10000,0,0,Partial High School,Manual,0,2
17750,30000,0,0,High School,Manual,0,1
17751,40000,1,1,Bachellors,Skilled Manual,1,1
17752,40000,1,1,Bachellors,Skilled Manual,1,1
17753,40000,1,1,Partial College,Clerical,0,1
17754,20000,0,0,Partial High School,Manual,0,2
17755,20000,0,0,Partial High School,Manual,1,2
17756,30000,0,0,High School,Manual,1,1
17757,40000,2,2,Partial College,Clerical,1,0
17758,40000,2,2,Partial College,Clerical,1,1
17759,40000,2,2,Partial College,Clerical,1,1
17760,40000,2,2,Partial College,Clerical,1,2
17761,40000,3,3,Partial College,Clerical,1,0
17762,40000,3,3,Partial College,Clerical,0,0
17763,40000,3,3,Partial College,Clerical,1,2
17764,40000,3,3,Partial College,Clerical,1,2
17765,40000,3,3,Partial College,Clerical,0,2
17766,50000,0,0,Graduate Degree,Skilled Manual,1,0
17767,40000,3,3,Partial College,Clerical,1,2
17768,40000,3,3,Partial College,Clerical,1,2
17769,80000,0,0,Graduate Degree,Skilled Manual,0,0
17770,80000,0,0,Graduate Degree,Skilled Manual,1,0
17771,80000,0,0,Graduate Degree,Skilled Manual,1,0
17772,20000,3,0,Partial High School,Manual,0,2
17773,30000,1,0,High School,Clerical,1,1
17774,30000,1,0,High School,Clerical,0,1
17775,30000,1,0,High School,Clerical,1,1
17776,40000,1,0,Partial College,Clerical,1,1
17777,20000,3,0,Partial High School,Clerical,1,2
17778,20000,3,0,Partial High School,Clerical,1,2
17779,30000,1,0,High School,Clerical,1,1
17780,30000,1,0,High School,Clerical,0,1
17781,20000,3,0,Partial High School,Clerical,0,2
17782,20000,3,0,Partial High School,Clerical,0,2
17783,30000,2,0,High School,Skilled Manual,1,2
17784,20000,2,1,Partial High School,Clerical,1,2
17785,20000,2,1,Partial High School,Clerical,1,2
17786,20000,2,1,Partial High School,Clerical,1,2
17787,20000,2,1,Partial High School,Clerical,0,2
17788,20000,2,1,Partial High School,Clerical,0,2
17789,30000,2,0,High School,Skilled Manual,1,2
17790,30000,2,0,High School,Skilled Manual,1,2
17791,30000,2,0,High School,Skilled Manual,1,2
17792,40000,1,0,Partial College,Clerical,1,1
17793,40000,2,0,Partial College,Clerical,1,1
17794,40000,2,0,Partial College,Clerical,0,1
17795,40000,2,0,Partial College,Clerical,0,1
17796,40000,2,0,Partial College,Clerical,0,1
17797,40000,2,0,Partial College,Clerical,0,1
17798,40000,2,0,Partial College,Clerical,0,1
17799,40000,2,0,Partial College,Clerical,0,1
17800,40000,2,0,Partial College,Clerical,0,1
17801,40000,2,0,Partial College,Clerical,0,1
17802,60000,0,0,Graduate Degree,Skilled Manual,0,0
17803,60000,0,0,Graduate Degree,Skilled Manual,1,0
17804,60000,0,0,Graduate Degree,Skilled Manual,0,0
17805,60000,0,0,Graduate Degree,Skilled Manual,1,0
17806,60000,0,0,Graduate Degree,Skilled Manual,1,0
17807,40000,0,0,Graduate Degree,Skilled Manual,0,0
17808,40000,0,0,Graduate Degree,Skilled Manual,1,0
17809,40000,0,0,Graduate Degree,Skilled Manual,0,0
17810,40000,1,0,Graduate Degree,Skilled Manual,1,0
17811,40000,1,0,Graduate Degree,Skilled Manual,1,0
17812,40000,1,0,Graduate Degree,Skilled Manual,0,0
17813,40000,1,0,Graduate Degree,Skilled Manual,1,0
17814,40000,4,4,High School,Skilled Manual,1,3
17815,50000,1,0,Graduate Degree,Skilled Manual,1,0
17816,50000,1,0,Graduate Degree,Skilled Manual,1,0
17817,50000,1,0,Graduate Degree,Skilled Manual,1,0
17818,50000,1,0,Graduate Degree,Skilled Manual,1,0
17819,60000,1,1,Graduate Degree,Skilled Manual,0,0
17820,60000,1,1,Graduate Degree,Skilled Manual,1,0
17821,60000,1,1,Bachellors,Skilled Manual,1,0
17822,60000,1,1,Bachellors,Skilled Manual,1,0
17823,60000,1,1,Bachellors,Skilled Manual,1,0
17824,60000,1,0,Graduate Degree,Skilled Manual,1,0
17825,60000,1,0,Graduate Degree,Skilled Manual,1,0
17826,60000,1,0,Graduate Degree,Skilled Manual,1,0
17827,60000,1,0,Graduate Degree,Skilled Manual,1,0
17828,60000,1,0,Graduate Degree,Professional,1,0
17829,70000,2,0,Graduate Degree,Professional,1,0
17830,40000,1,1,Bachellors,Skilled Manual,0,0
17831,40000,1,1,Bachellors,Skilled Manual,1,0
17832,40000,1,1,Bachellors,Skilled Manual,1,0
17833,40000,1,1,Bachellors,Skilled Manual,1,0
17834,60000,1,1,Bachellors,Skilled Manual,1,1
17835,60000,2,2,Bachellors,Skilled Manual,1,0
17836,60000,2,2,Bachellors,Skilled Manual,0,0
17837,60000,1,0,Graduate Degree,Professional,0,0
17838,60000,1,0,Graduate Degree,Professional,0,0
17839,60000,1,0,Graduate Degree,Professional,0,0
17840,60000,1,0,Graduate Degree,Professional,1,0
17841,70000,2,0,Graduate Degree,Professional,0,0
17842,70000,2,0,Graduate Degree,Professional,1,0
17843,70000,3,0,Graduate Degree,Professional,1,0
17844,60000,1,0,Graduate Degree,Professional,1,0
17845,70000,2,2,Bachellors,Skilled Manual,1,0
17846,70000,2,2,Bachellors,Skilled Manual,1,0
17847,70000,2,2,Bachellors,Skilled Manual,0,1
17848,70000,2,2,Bachellors,Skilled Manual,1,1
17849,40000,0,0,Bachellors,Professional,0,1
17850,40000,0,0,Bachellors,Professional,0,1
17851,60000,1,0,Graduate Degree,Professional,0,0
17852,60000,2,0,Graduate Degree,Professional,0,0
17853,60000,2,0,Graduate Degree,Professional,1,0
17854,60000,2,0,Graduate Degree,Professional,1,0
17855,70000,3,0,Graduate Degree,Professional,0,0
17856,40000,0,0,Bachellors,Professional,0,1
17857,60000,2,2,Bachellors,Skilled Manual,1,1
17858,60000,2,2,Bachellors,Skilled Manual,1,1
17859,80000,3,3,Bachellors,Skilled Manual,1,0
17860,80000,3,3,Bachellors,Skilled Manual,1,1
17861,60000,0,0,Graduate Degree,Professional,0,0
17862,40000,0,0,High School,Skilled Manual,1,2
17863,40000,0,0,High School,Skilled Manual,0,2
17864,40000,0,0,Partial College,Skilled Manual,1,1
17865,40000,0,0,Partial College,Skilled Manual,0,1
17866,50000,0,0,Partial College,Skilled Manual,1,1
17867,50000,0,0,Partial College,Skilled Manual,1,1
17868,50000,0,0,Partial College,Skilled Manual,1,1
17869,50000,0,0,Partial College,Skilled Manual,1,1
17870,70000,0,0,Partial College,Skilled Manual,1,2
17871,70000,0,0,Partial College,Skilled Manual,1,2
17872,70000,0,0,Partial College,Skilled Manual,1,2
17873,130000,0,5,Partial High School,Management,0,4
17874,70000,4,3,Partial College,Professional,1,1
17875,70000,4,3,Partial College,Professional,1,1
17876,110000,2,4,Partial College,Professional,1,3
17877,130000,2,4,Partial College,Professional,1,2
17878,150000,2,3,High School,Professional,0,4
17879,160000,2,3,High School,Professional,1,4
17880,170000,3,3,Bachellors,Management,0,3
17881,170000,4,3,Bachellors,Management,0,3
17882,110000,2,4,Partial College,Professional,1,4
17883,110000,2,4,Partial College,Professional,1,4
17884,120000,3,4,High School,Professional,1,4
17885,170000,3,3,High School,Professional,0,4
17886,90000,2,1,High School,Professional,1,2
17887,100000,2,3,High School,Professional,1,4
17888,120000,2,4,Partial High School,Professional,0,4
17889,80000,5,0,Bachellors,Management,1,2
17890,80000,5,0,Bachellors,Management,0,2
17891,90000,5,0,Partial College,Professional,1,2
17892,130000,4,4,Partial College,Professional,0,4
17893,130000,4,4,Partial College,Professional,0,4
17894,80000,5,0,Partial College,Professional,1,2
17895,100000,2,3,Bachellors,Management,1,4
17896,110000,3,4,Bachellors,Management,1,4
17897,70000,4,3,High School,Professional,1,1
17898,80000,4,2,Partial College,Professional,0,2
17899,130000,3,4,Partial College,Professional,0,4
17900,130000,4,5,High School,Professional,1,1
17901,110000,2,5,Bachellors,Management,0,1
17902,120000,2,5,Bachellors,Management,1,2
17903,120000,2,5,Bachellors,Management,0,2
17904,130000,4,5,Partial College,Professional,1,2
17905,70000,5,2,Partial High School,Skilled Manual,0,2
17906,80000,4,1,High School,Professional,1,3
17907,80000,4,2,High School,Professional,1,2
17908,160000,4,5,Partial College,Professional,0,3
17909,170000,0,5,Partial College,Management,0,4
17910,90000,4,1,High School,Management,1,3
17911,90000,4,1,High School,Management,1,3
17912,90000,4,1,High School,Management,1,3
17913,100000,3,4,Partial College,Management,1,4
17914,150000,4,5,Bachellors,Management,0,4
17915,170000,0,5,Partial College,Management,0,4
17916,80000,5,1,High School,Management,1,3
17917,160000,3,5,Partial College,Management,1,4
17918,80000,5,1,High School,Management,0,4
17919,130000,4,5,High School,Management,0,4
17920,90000,5,0,Partial High School,Skilled Manual,1,2
17921,120000,4,5,High School,Management,0,4
17922,120000,5,5,High School,Management,0,4
17923,60000,0,0,Bachellors,Professional,1,3
17924,70000,0,0,Bachellors,Professional,0,2
17925,70000,0,0,Bachellors,Professional,0,2
17926,70000,0,0,Bachellors,Professional,1,2
17927,70000,0,0,Bachellors,Professional,0,2
17928,80000,0,0,Bachellors,Professional,1,2
17929,80000,0,0,Bachellors,Professional,0,2
17930,70000,0,0,Bachellors,Professional,0,3
17931,80000,0,0,Bachellors,Professional,1,2
17932,80000,0,0,Bachellors,Professional,1,3
17933,70000,0,0,Bachellors,Professional,1,3
17934,70000,0,0,Bachellors,Professional,1,3
17935,70000,0,0,Bachellors,Professional,0,3
17936,90000,0,0,Bachellors,Professional,0,2
17937,80000,0,0,Bachellors,Professional,1,3
17938,80000,0,0,Bachellors,Professional,0,3
17939,80000,0,0,Bachellors,Professional,1,3
17940,80000,0,0,Bachellors,Professional,0,3
17941,80000,0,0,Bachellors,Professional,1,3
17942,80000,0,0,Bachellors,Professional,0,3
17943,90000,0,0,Bachellors,Professional,1,3
17944,90000,0,0,Bachellors,Professional,0,3
17945,90000,0,0,Bachellors,Professional,0,3
17946,80000,0,0,Bachellors,Professional,1,3
17947,80000,0,0,Bachellors,Professional,1,4
17948,120000,0,5,Partial High School,Professional,1,4
17949,120000,0,5,Partial High School,Professional,0,4
17950,130000,4,5,High School,Management,1,4
17951,90000,0,0,Bachellors,Professional,1,3
17952,90000,0,0,Bachellors,Professional,0,3
17953,100000,0,5,High School,Management,0,2
17954,100000,0,5,High School,Management,1,2
17955,100000,0,5,High School,Management,1,3
17956,80000,0,0,Bachellors,Professional,0,4
17957,80000,0,0,Bachellors,Professional,1,4
17958,120000,0,5,Partial High School,Professional,1,4
17959,130000,4,5,High School,Management,0,4
17960,130000,4,5,High School,Management,1,4
17961,160000,3,5,Partial High School,Professional,0,4
17962,100000,0,5,High School,Management,0,4
17963,100000,0,5,High School,Management,0,4
17964,110000,0,5,High School,Management,0,4
17965,40000,4,0,High School,Professional,1,2
17966,40000,4,0,High School,Professional,1,2
17967,40000,4,0,High School,Professional,0,2
17968,30000,4,0,High School,Professional,0,2
17969,30000,4,0,High School,Professional,1,2
17970,30000,4,0,High School,Professional,1,2
17971,60000,3,0,Graduate Degree,Management,1,2
17972,60000,3,0,Graduate Degree,Management,0,2
17973,60000,3,0,Graduate Degree,Management,1,2
17974,60000,3,0,Graduate Degree,Management,0,2
17975,60000,3,0,Graduate Degree,Management,0,2
17976,40000,4,0,High School,Professional,1,2
17977,60000,3,0,Bachellors,Management,0,2
17978,60000,3,0,Bachellors,Management,1,2
17979,60000,3,0,Bachellors,Management,1,2
17980,60000,3,0,Bachellors,Management,1,2
17981,60000,3,0,Bachellors,Management,0,2
17982,60000,3,0,Graduate Degree,Management,0,2
17983,60000,3,0,Bachellors,Management,0,2
17984,60000,4,0,Bachellors,Management,0,2
17985,60000,4,0,Bachellors,Management,1,2
17986,50000,4,0,Bachellors,Management,0,2
17987,60000,4,0,Bachellors,Management,0,2
17988,60000,4,0,Bachellors,Management,1,2
17989,30000,5,0,Partial High School,Clerical,0,2
17990,30000,5,0,Partial High School,Clerical,1,2
17991,30000,5,0,Partial High School,Clerical,1,2
17992,40000,4,0,High School,Professional,1,2
17993,40000,4,0,High School,Professional,0,2
17994,30000,5,0,Partial High School,Clerical,0,3
17995,40000,5,0,High School,Professional,0,4
17996,40000,2,1,High School,Professional,1,1
17997,40000,2,1,High School,Professional,0,1
17998,40000,2,1,High School,Professional,0,1
17999,40000,2,1,High School,Professional,1,2
18000,70000,2,1,Bachellors,Management,0,1
18001,70000,2,1,Bachellors,Management,1,1
18002,70000,2,1,Bachellors,Management,0,1
18003,70000,2,1,Partial College,Professional,1,1
18004,70000,2,1,Partial College,Professional,1,2
18005,70000,4,1,Bachellors,Management,1,2
18006,60000,2,1,Partial College,Professional,1,2
18007,60000,2,1,Partial College,Professional,1,2
18008,60000,2,1,Partial College,Professional,1,2
18009,60000,2,1,Bachellors,Management,0,0
18010,60000,2,1,Bachellors,Management,1,0
18011,60000,2,1,Bachellors,Management,0,0
18012,70000,4,1,Partial College,Professional,1,2
18013,40000,2,1,Partial High School,Skilled Manual,1,2
18014,40000,2,1,Partial High School,Skilled Manual,1,3
18015,60000,2,1,Partial College,Professional,1,2
18016,60000,2,1,Partial College,Professional,1,2
18017,60000,2,1,Partial College,Professional,0,2
18018,60000,2,1,High School,Professional,0,2
18019,60000,2,1,Partial College,Professional,1,1
18020,70000,4,2,Partial College,Professional,0,1
18021,80000,3,1,Bachellors,Management,1,1
18022,60000,2,1,High School,Professional,1,2
18023,60000,2,1,High School,Professional,1,2
18024,60000,2,1,Partial College,Professional,1,1
18025,60000,2,1,Partial College,Professional,1,2
18026,60000,2,1,Partial College,Professional,1,2
18027,40000,2,1,Partial High School,Skilled Manual,0,3
18028,70000,2,1,High School,Professional,0,2
18029,70000,2,1,Partial High School,Skilled Manual,1,2
18030,70000,2,1,Partial High School,Skilled Manual,1,2
18031,70000,2,1,Partial High School,Skilled Manual,1,2
18032,70000,2,1,Partial High School,Skilled Manual,1,2
18033,70000,2,1,Partial High School,Skilled Manual,0,2
18034,60000,3,1,High School,Professional,0,2
18035,60000,3,1,High School,Professional,0,2
18036,60000,3,1,Partial High School,Skilled Manual,1,2
18037,60000,3,1,Partial High School,Skilled Manual,1,2
18038,60000,0,0,Graduate Degree,Professional,0,0
18039,60000,0,0,Graduate Degree,Professional,0,0
18040,70000,5,5,Graduate Degree,Professional,0,2
18041,70000,5,5,Graduate Degree,Professional,0,2
18042,80000,0,0,Bachellors,Management,1,1
18043,80000,0,0,Bachellors,Management,1,1
18044,80000,0,0,Bachellors,Management,1,1
18045,90000,4,4,Bachellors,Management,1,1
18046,110000,0,0,Graduate Degree,Management,0,4
18047,80000,4,3,Bachellors,Management,0,0
18048,80000,4,3,Bachellors,Management,1,0
18049,110000,2,1,Bachellors,Management,0,3
18050,40000,0,0,High School,Skilled Manual,1,2
18051,40000,0,0,Partial College,Skilled Manual,1,1
18052,40000,0,0,Partial College,Skilled Manual,0,1
18053,40000,0,0,Partial College,Skilled Manual,1,1
18054,10000,5,0,High School,Skilled Manual,0,2
18055,20000,3,0,High School,Skilled Manual,1,2
18056,20000,4,0,High School,Skilled Manual,1,2
18057,60000,0,0,Partial College,Skilled Manual,1,2
18058,30000,0,0,Partial College,Skilled Manual,0,1
18059,60000,0,0,Partial College,Skilled Manual,0,2
18060,60000,0,0,Partial College,Skilled Manual,1,2
18061,60000,0,0,Partial College,Skilled Manual,0,2
18062,10000,2,1,Partial High School,Clerical,1,2
18063,20000,4,0,High School,Skilled Manual,1,2
18064,20000,4,0,High School,Skilled Manual,0,2
18065,30000,2,0,Partial College,Clerical,1,2
18066,30000,2,0,Partial College,Clerical,0,2
18067,40000,2,0,Bachellors,Management,1,2
18068,40000,2,0,Bachellors,Management,1,2
18069,20000,4,0,High School,Skilled Manual,0,2
18070,20000,4,0,High School,Skilled Manual,1,2
18071,60000,0,0,Partial College,Skilled Manual,1,2
18072,40000,0,0,Bachellors,Professional,0,2
18073,40000,0,0,Bachellors,Professional,0,2
18074,40000,0,0,Bachellors,Professional,0,2
18075,40000,0,0,Partial College,Skilled Manual,0,1
18076,40000,0,0,Partial College,Skilled Manual,1,2
18077,60000,0,0,Partial College,Skilled Manual,0,2
18078,70000,0,0,Partial College,Skilled Manual,1,2
18079,70000,0,0,Partial College,Skilled Manual,1,2
18080,60000,0,0,Partial College,Skilled Manual,0,2
18081,20000,2,1,Partial High School,Clerical,1,2
18082,20000,2,1,Partial High School,Clerical,1,2
18083,20000,2,1,Partial High School,Clerical,1,2
18084,10000,2,1,Partial High School,Clerical,1,2
18085,20000,2,1,Partial High School,Clerical,1,2
18086,20000,2,1,Partial High School,Clerical,1,2
18087,20000,2,1,Partial High School,Clerical,0,2
18088,20000,2,1,Partial High School,Clerical,1,2
18089,20000,2,1,Partial High School,Clerical,1,2
18090,40000,0,0,Bachellors,Professional,1,2
18091,20000,2,1,Partial High School,Clerical,0,2
18092,20000,2,1,Partial High School,Clerical,1,2
18093,20000,2,1,Partial High School,Clerical,0,3
18094,20000,2,1,Partial High School,Clerical,1,3
18095,30000,3,0,High School,Skilled Manual,1,2
18096,30000,3,0,High School,Skilled Manual,0,2
18097,40000,2,0,Partial College,Skilled Manual,1,2
18098,40000,2,0,Partial College,Skilled Manual,1,2
18099,40000,2,0,Partial College,Skilled Manual,0,2
18100,40000,2,0,Partial College,Skilled Manual,1,2
18101,40000,3,0,Partial High School,Clerical,1,2
18102,40000,3,0,Partial High School,Clerical,1,2
18103,80000,2,0,Partial College,Skilled Manual,0,2
18104,80000,2,0,Partial College,Skilled Manual,1,2
18105,40000,0,0,Partial College,Skilled Manual,0,2
18106,40000,0,0,High School,Skilled Manual,1,2
18107,40000,0,0,High School,Skilled Manual,0,2
18108,40000,0,0,High School,Skilled Manual,1,2
18109,60000,0,0,Partial College,Skilled Manual,0,2
18110,50000,0,0,High School,Skilled Manual,1,2
18111,60000,0,0,Partial College,Skilled Manual,1,2
18112,70000,0,0,Partial College,Professional,0,2
18113,60000,0,0,Partial College,Professional,0,2
18114,80000,2,0,High School,Skilled Manual,0,2
18115,80000,2,0,High School,Skilled Manual,1,2
18116,70000,2,0,High School,Skilled Manual,1,2
18117,100000,1,0,Bachellors,Management,1,3
18118,100000,1,0,Bachellors,Management,0,3
18119,100000,1,0,Bachellors,Management,0,3
18120,100000,1,0,Bachellors,Management,0,3
18121,100000,1,0,Bachellors,Management,1,4
18122,100000,1,1,Bachellors,Management,1,3
18123,100000,1,1,Bachellors,Management,1,3
18124,100000,1,1,Bachellors,Management,1,3
18125,50000,0,0,High School,Professional,1,2
18126,60000,0,0,Partial College,Professional,1,2
18127,60000,0,0,Partial College,Professional,0,2
18128,120000,2,2,Bachellors,Management,1,3
18129,130000,0,1,Graduate Degree,Management,1,3
18130,130000,1,1,Graduate Degree,Management,1,4
18131,70000,2,0,Partial High School,Skilled Manual,1,2
18132,40000,0,0,Bachellors,Professional,0,1
18133,40000,0,0,Bachellors,Professional,1,1
18134,60000,4,4,Bachellors,Skilled Manual,0,2
18135,60000,4,4,Bachellors,Skilled Manual,0,3
18136,60000,4,2,Bachellors,Skilled Manual,1,2
18137,60000,4,2,Bachellors,Skilled Manual,1,2
18138,70000,4,2,Bachellors,Skilled Manual,1,2
18139,70000,4,2,Bachellors,Professional,1,2
18140,60000,2,2,Graduate Degree,Professional,0,0
18141,60000,3,2,Graduate Degree,Professional,1,0
18142,60000,1,0,Bachellors,Professional,0,1
18143,60000,1,0,Bachellors,Professional,1,1
18144,60000,1,0,Bachellors,Professional,0,1
18145,60000,1,0,Partial College,Skilled Manual,1,1
18146,60000,1,0,Partial College,Skilled Manual,1,1
18147,60000,1,0,Partial College,Skilled Manual,1,1
18148,40000,4,2,High School,Skilled Manual,0,2
18149,40000,4,2,High School,Skilled Manual,1,2
18150,60000,1,0,Partial College,Skilled Manual,1,1
18151,60000,1,0,Partial College,Skilled Manual,1,1
18152,60000,1,0,Partial College,Skilled Manual,1,1
18153,60000,1,0,Partial College,Skilled Manual,0,1
18154,40000,0,0,Bachellors,Professional,0,1
18155,60000,0,0,Partial College,Skilled Manual,0,1
18156,60000,0,0,Partial College,Skilled Manual,0,1
18157,60000,0,0,Graduate Degree,Professional,0,1
18158,60000,0,0,Graduate Degree,Professional,0,1
18159,60000,1,0,Partial College,Skilled Manual,1,1
18160,60000,1,0,Partial College,Skilled Manual,1,1
18161,60000,5,4,Bachellors,Professional,1,1
18162,60000,5,4,Bachellors,Professional,0,1
18163,60000,4,3,Bachellors,Professional,1,0
18164,60000,4,3,Bachellors,Professional,0,0
18165,60000,4,3,Bachellors,Professional,1,0
18166,70000,2,0,Graduate Degree,Professional,0,1
18167,80000,2,0,Graduate Degree,Professional,0,0
18168,80000,2,0,Graduate Degree,Professional,0,0
18169,80000,4,0,Graduate Degree,Professional,0,0
18170,60000,1,0,Bachellors,Professional,0,1
18171,60000,1,0,Bachellors,Professional,0,1
18172,70000,5,4,Graduate Degree,Professional,1,2
18173,70000,5,4,Bachellors,Professional,1,2
18174,70000,5,4,Bachellors,Professional,0,2
18175,80000,5,0,Graduate Degree,Professional,0,0
18176,80000,5,0,Graduate Degree,Professional,1,0
18177,80000,5,4,Graduate Degree,Management,1,0
18178,70000,3,0,Graduate Degree,Management,1,1
18179,80000,4,4,Graduate Degree,Management,1,0
18180,90000,1,0,Graduate Degree,Management,1,0
18181,100000,1,0,Graduate Degree,Management,1,0
18182,60000,2,2,Bachellors,Professional,0,1
18183,60000,2,2,Bachellors,Professional,1,1
18184,80000,4,4,Graduate Degree,Management,1,1
18185,80000,4,4,Graduate Degree,Management,1,1
18186,60000,2,2,Bachellors,Professional,1,1
18187,60000,2,2,Bachellors,Professional,0,1
18188,60000,2,2,Bachellors,Professional,1,1
18189,70000,5,5,Bachellors,Professional,1,3
18190,70000,5,5,Bachellors,Professional,0,3
18191,120000,1,0,Graduate Degree,Management,0,2
18192,130000,1,0,Graduate Degree,Management,0,1
18193,70000,5,5,Bachellors,Professional,1,4
18194,80000,5,5,Graduate Degree,Management,1,3
18195,90000,0,0,Bachellors,Professional,1,0
18196,90000,0,0,Bachellors,Professional,0,0
18197,90000,2,0,Bachellors,Professional,1,0
18198,60000,3,1,Partial High School,Skilled Manual,0,2
18199,60000,3,1,Partial High School,Skilled Manual,1,3
18200,60000,3,1,Partial High School,Skilled Manual,0,3
18201,60000,2,0,High School,Professional,1,2
18202,70000,3,2,Partial College,Professional,0,0
18203,70000,3,2,Partial College,Professional,1,0
18204,70000,3,2,Partial College,Professional,1,0
18205,90000,2,0,Partial College,Professional,0,1
18206,80000,2,0,Partial High School,Skilled Manual,1,2
18207,80000,2,0,Partial High School,Skilled Manual,1,2
18208,60000,2,0,High School,Professional,1,2
18209,60000,2,0,High School,Professional,0,2
18210,90000,4,4,Partial College,Professional,1,3
18211,100000,3,1,Bachellors,Management,1,4
18212,100000,4,1,Bachellors,Management,1,4
18213,100000,4,1,Bachellors,Management,1,4
18214,80000,4,3,Bachellors,Management,0,0
18215,80000,4,3,Partial College,Professional,1,1
18216,90000,5,5,Partial College,Professional,0,3
18217,90000,5,5,Partial College,Professional,0,4
18218,100000,5,2,Partial College,Professional,1,1
18219,100000,5,2,Partial College,Professional,1,1
18220,130000,2,2,Graduate Degree,Management,0,2
18221,130000,2,2,Graduate Degree,Management,0,2
18222,150000,1,0,Bachellors,Management,0,3
18223,160000,0,1,Bachellors,Management,1,2
18224,70000,4,3,Partial College,Professional,0,0
18225,70000,4,3,Partial College,Professional,1,0
18226,80000,3,0,Partial College,Professional,0,2
18227,60000,2,0,Graduate Degree,Management,1,2
18228,70000,4,0,Graduate Degree,Management,1,2
18229,130000,1,2,Graduate Degree,Management,0,3
18230,80000,4,3,Partial College,Professional,0,2
18231,80000,4,3,Partial College,Professional,0,2
18232,80000,4,3,Partial College,Professional,0,2
18233,90000,0,0,Partial College,Professional,1,1
18234,90000,0,0,Partial College,Professional,1,1
18235,110000,5,3,Bachellors,Management,1,1
18236,120000,4,3,Partial College,Professional,0,2
18237,120000,4,3,Partial College,Professional,1,3
18238,120000,4,3,Partial College,Professional,1,3
18239,150000,4,1,Partial College,Professional,0,3
18240,150000,4,1,Partial College,Professional,0,4
18241,80000,5,4,Partial College,Professional,0,3
18242,90000,5,4,Partial College,Professional,0,4
18243,100000,3,2,Partial College,Professional,1,4
18244,110000,1,3,Bachellors,Management,1,1
18245,110000,1,3,Bachellors,Management,1,2
18246,130000,1,2,Bachellors,Management,1,4
18247,130000,1,2,Bachellors,Management,0,4
18248,70000,5,4,Partial College,Professional,1,3
18249,90000,4,3,High School,Professional,1,2
18250,90000,4,3,High School,Professional,1,2
18251,100000,3,2,Partial College,Professional,0,4
18252,110000,1,3,Bachellors,Management,1,3
18253,130000,1,3,Bachellors,Management,1,3
18254,130000,3,3,Bachellors,Management,0,3
18255,60000,2,0,High School,Professional,1,2
18256,80000,3,2,Partial College,Professional,0,1
18257,90000,2,1,High School,Professional,0,1
18258,90000,2,1,High School,Professional,1,1
18259,90000,2,1,High School,Professional,1,1
18260,70000,2,0,Partial High School,Skilled Manual,1,2
18261,70000,4,0,Graduate Degree,Management,0,2
18262,130000,2,3,Graduate Degree,Management,0,3
18263,50000,2,0,Graduate Degree,Management,0,2
18264,70000,4,0,Graduate Degree,Management,0,2
18265,90000,4,0,Bachellors,Management,0,2
18266,90000,4,0,Bachellors,Management,0,2
18267,80000,5,4,Partial College,Professional,0,3
18268,80000,5,4,Partial College,Professional,1,3
18269,90000,4,3,High School,Professional,1,3
18270,90000,4,3,High School,Professional,1,3
18271,100000,0,3,Partial College,Professional,1,1
18272,100000,0,3,Partial College,Professional,0,1
18273,100000,0,3,Partial College,Professional,1,2
18274,100000,0,3,Partial College,Professional,1,2
18275,120000,5,4,High School,Professional,1,3
18276,70000,3,0,Graduate Degree,Management,0,2
18277,70000,3,0,Graduate Degree,Management,1,2
18278,70000,3,0,Graduate Degree,Management,0,2
18279,70000,3,0,Graduate Degree,Management,1,2
18280,70000,3,0,Graduate Degree,Management,1,2
18281,40000,3,0,Partial College,Professional,0,2
18282,40000,4,0,Partial College,Professional,0,2
18283,30000,4,0,High School,Professional,1,2
18284,30000,4,0,High School,Professional,0,2
18285,30000,4,0,High School,Professional,0,2
18286,40000,4,0,High School,Professional,0,2
18287,60000,3,3,Bachellors,Professional,0,2
18288,60000,4,4,Bachellors,Professional,1,1
18289,60000,4,4,Bachellors,Professional,0,2
18290,70000,0,0,Bachellors,Professional,1,1
18291,60000,5,5,Bachellors,Professional,0,2
18292,60000,3,2,Bachellors,Professional,0,2
18293,90000,2,2,Bachellors,Professional,0,0
18294,90000,3,3,Bachellors,Professional,1,0
18295,60000,1,0,Partial College,Skilled Manual,0,1
18296,110000,0,0,Graduate Degree,Management,1,2
18297,110000,0,0,Graduate Degree,Management,0,3
18298,60000,1,0,Partial College,Skilled Manual,0,1
18299,60000,1,0,Partial College,Skilled Manual,1,1
18300,60000,1,0,Partial College,Skilled Manual,1,1
18301,70000,0,0,Bachellors,Professional,0,1
18302,80000,5,5,Bachellors,Professional,1,4
18303,70000,0,0,Bachellors,Professional,0,1
18304,70000,0,0,Bachellors,Professional,1,1
18305,100000,5,0,Bachellors,Professional,1,1
18306,100000,5,0,Bachellors,Professional,0,1
18307,70000,0,0,Bachellors,Professional,0,1
18308,70000,0,0,Bachellors,Professional,0,1
18309,70000,0,0,Bachellors,Professional,0,2
18310,70000,0,0,Bachellors,Professional,1,2
18311,70000,0,0,Bachellors,Professional,0,2
18312,60000,1,0,Partial College,Skilled Manual,1,1
18313,70000,5,4,Partial College,Skilled Manual,1,2
18314,60000,1,0,Partial College,Skilled Manual,1,1
18315,60000,1,0,Partial College,Skilled Manual,1,1
18316,90000,2,0,Bachellors,Professional,1,1
18317,90000,2,0,Bachellors,Professional,0,1
18318,90000,2,0,Bachellors,Professional,0,1
18319,100000,4,0,Bachellors,Management,1,2
18320,70000,1,0,Partial College,Skilled Manual,0,1
18321,70000,5,4,Partial College,Skilled Manual,0,3
18322,70000,5,4,Partial College,Skilled Manual,1,3
18323,30000,0,0,High School,Skilled Manual,1,2
18324,40000,0,0,High School,Skilled Manual,1,2
18325,40000,0,0,High School,Skilled Manual,1,2
18326,40000,0,0,High School,Skilled Manual,0,2
18327,30000,0,0,High School,Skilled Manual,0,2
18328,30000,0,0,High School,Skilled Manual,0,2
18329,30000,0,0,High School,Skilled Manual,1,2
18330,30000,0,0,High School,Skilled Manual,1,2
18331,40000,0,0,High School,Skilled Manual,1,2
18332,30000,2,0,Partial College,Clerical,0,2
18333,30000,2,0,Partial College,Clerical,0,2
18334,40000,2,0,Bachellors,Management,0,2
18335,30000,0,0,Partial High School,Clerical,0,2
18336,30000,0,0,Partial High School,Clerical,0,2
18337,40000,0,0,High School,Skilled Manual,0,2
18338,30000,2,0,Partial College,Clerical,1,2
18339,40000,2,0,Bachellors,Management,1,2
18340,30000,0,0,Partial High School,Clerical,0,2
18341,30000,0,0,Partial High School,Clerical,0,2
18342,30000,0,0,Partial High School,Clerical,0,2
18343,30000,2,0,Partial College,Clerical,0,2
18344,40000,2,0,Bachellors,Management,0,2
18345,40000,2,0,Bachellors,Management,1,2
18346,40000,2,0,Bachellors,Management,0,2
18347,50000,2,0,Graduate Degree,Management,0,1
18348,40000,0,0,Bachellors,Professional,0,1
18349,50000,3,3,Bachellors,Skilled Manual,1,1
18350,50000,3,3,Bachellors,Skilled Manual,0,2
18351,50000,3,3,Bachellors,Skilled Manual,1,2
18352,50000,3,3,Bachellors,Skilled Manual,0,2
18353,50000,3,3,Bachellors,Skilled Manual,0,3
18354,50000,3,3,Bachellors,Skilled Manual,1,3
18355,60000,0,0,Graduate Degree,Professional,1,0
18356,40000,0,0,Graduate Degree,Clerical,1,0
18357,40000,0,0,Graduate Degree,Clerical,1,0
18358,40000,0,0,Graduate Degree,Clerical,0,0
18359,40000,0,0,Graduate Degree,Clerical,0,0
18360,40000,0,0,Graduate Degree,Clerical,0,0
18361,40000,0,0,Bachellors,Professional,0,0
18362,20000,1,1,Partial College,Manual,0,1
18363,20000,1,1,Partial College,Manual,1,1
18364,20000,1,1,Partial College,Manual,1,1
18365,10000,4,4,Partial High School,Manual,1,1
18366,20000,1,1,High School,Manual,1,1
18367,40000,0,0,Bachellors,Professional,0,0
18368,40000,0,0,Bachellors,Professional,0,0
18369,40000,0,0,Bachellors,Professional,0,0
18370,40000,0,0,Bachellors,Professional,1,0
18371,30000,1,0,Bachellors,Clerical,0,1
18372,20000,2,2,High School,Manual,1,0
18373,30000,1,1,Bachellors,Skilled Manual,1,2
18374,30000,1,1,Bachellors,Skilled Manual,1,2
18375,20000,2,2,High School,Manual,1,1
18376,20000,2,2,High School,Manual,1,1
18377,20000,2,2,High School,Manual,1,2
18378,30000,1,1,Bachellors,Skilled Manual,1,2
18379,30000,1,1,Bachellors,Skilled Manual,0,2
18380,30000,1,1,Bachellors,Skilled Manual,1,2
18381,20000,3,3,High School,Manual,1,0
18382,20000,3,3,High School,Manual,1,0
18383,20000,3,3,High School,Manual,1,0
18384,10000,3,2,Partial High School,Manual,0,2
18385,10000,4,2,Partial High School,Manual,1,2
18386,20000,4,4,High School,Manual,0,1
18387,20000,2,0,Partial College,Manual,1,1
18388,10000,4,0,High School,Manual,0,2
18389,40000,0,0,Bachellors,Professional,1,0
18390,40000,0,0,Bachellors,Professional,1,0
18391,40000,0,0,Bachellors,Professional,1,0
18392,40000,0,0,Bachellors,Professional,0,0
18393,40000,0,0,Bachellors,Professional,1,0
18394,30000,2,2,Partial College,Clerical,0,0
18395,30000,1,0,Partial College,Clerical,1,1
18396,20000,2,0,Partial College,Clerical,0,1
18397,30000,1,0,Bachellors,Skilled Manual,0,1
18398,30000,2,2,Partial College,Clerical,1,1
18399,40000,0,0,Bachellors,Professional,0,0
18400,40000,0,0,Bachellors,Professional,1,0
18401,40000,1,0,Bachellors,Skilled Manual,1,0
18402,40000,1,0,Bachellors,Skilled Manual,1,0
18403,30000,2,2,Partial College,Clerical,0,2
18404,40000,1,0,Bachellors,Skilled Manual,1,0
18405,30000,3,3,Partial College,Clerical,0,0
18406,20000,0,0,High School,Manual,0,1
18407,10000,0,0,Partial High School,Manual,0,2
18408,20000,4,4,High School,Manual,1,1
18409,20000,4,4,High School,Manual,1,2
18410,30000,3,3,Partial College,Clerical,0,1
18411,30000,3,3,Partial College,Clerical,1,1
18412,40000,1,0,Bachellors,Skilled Manual,1,0
18413,40000,1,0,Bachellors,Skilled Manual,1,1
18414,30000,3,3,Partial College,Clerical,1,2
18415,30000,3,3,Partial College,Clerical,0,2
18416,30000,0,0,Partial College,Clerical,1,1
18417,10000,0,0,Partial High School,Manual,0,2
18418,10000,0,0,Partial High School,Manual,1,2
18419,20000,0,0,High School,Manual,0,1
18420,20000,0,0,High School,Manual,1,1
18421,20000,0,0,High School,Manual,0,1
18422,20000,0,0,High School,Manual,0,1
18423,20000,0,0,High School,Manual,1,1
18424,20000,0,0,High School,Manual,0,1
18425,10000,0,0,Partial High School,Manual,1,2
18426,20000,0,0,Partial High School,Manual,0,2
18427,20000,0,0,Partial High School,Manual,0,2
18428,20000,0,0,Partial High School,Manual,0,2
18429,20000,0,0,Partial High School,Manual,1,2
18430,30000,0,0,Partial College,Clerical,0,1
18431,30000,0,0,Partial College,Clerical,0,1
18432,40000,1,1,Bachellors,Skilled Manual,0,0
18433,40000,1,1,Bachellors,Skilled Manual,1,0
18434,40000,1,1,Bachellors,Skilled Manual,1,0
18435,10000,1,0,Bachellors,Manual,1,0
18436,10000,1,0,Bachellors,Manual,1,0
18437,10000,1,0,Bachellors,Manual,0,0
18438,20000,1,0,Graduate Degree,Clerical,0,0
18439,20000,1,0,Graduate Degree,Clerical,1,0
18440,20000,1,0,Graduate Degree,Clerical,1,0
18441,20000,1,0,Graduate Degree,Clerical,1,0
18442,20000,1,0,Graduate Degree,Clerical,1,0
18443,10000,1,0,Bachellors,Manual,1,0
18444,10000,2,0,Partial College,Manual,1,0
18445,20000,1,0,Bachellors,Clerical,1,0
18446,10000,2,0,Bachellors,Clerical,1,1
18447,20000,1,0,Graduate Degree,Clerical,0,0
18448,10000,2,0,Bachellors,Clerical,0,1
18449,20000,1,0,Partial College,Manual,1,0
18450,30000,1,0,Bachellors,Clerical,1,0
18451,10000,2,0,Partial College,Manual,1,1
18452,10000,3,0,Partial College,Manual,0,1
18453,10000,0,0,Partial College,Manual,1,1
18454,20000,0,0,Bachellors,Clerical,1,0
18455,10000,0,0,Partial College,Manual,1,1
18456,10000,0,0,Partial College,Manual,1,1
18457,10000,0,0,Partial College,Manual,1,1
18458,10000,0,0,Partial College,Manual,0,1
18459,10000,0,0,High School,Manual,1,1
18460,10000,0,0,High School,Manual,0,1
18461,10000,0,0,High School,Manual,0,2
18462,10000,0,0,High School,Manual,1,2
18463,20000,0,0,Bachellors,Clerical,1,0
18464,10000,1,1,High School,Manual,1,0
18465,10000,1,1,High School,Manual,0,0
18466,20000,0,0,Partial College,Manual,1,0
18467,30000,1,0,Bachellors,Clerical,1,0
18468,30000,4,0,Graduate Degree,Clerical,1,0
18469,30000,4,0,Graduate Degree,Clerical,0,0
18470,30000,3,0,Graduate Degree,Clerical,0,0
18471,10000,1,1,High School,Manual,0,1
18472,10000,1,1,High School,Manual,0,1
18473,10000,1,1,High School,Manual,0,1
18474,20000,1,1,Partial College,Manual,0,0
18475,20000,2,0,Partial College,Manual,0,1
18476,20000,2,0,Partial College,Manual,0,1
18477,20000,2,0,Partial College,Manual,0,1
18478,20000,2,0,Partial College,Manual,0,1
18479,30000,3,0,Graduate Degree,Clerical,1,0
18480,30000,1,0,Graduate Degree,Clerical,1,0
18481,30000,3,0,Graduate Degree,Clerical,1,0
18482,30000,3,0,Graduate Degree,Clerical,0,0
18483,30000,3,0,Bachellors,Clerical,1,0
18484,30000,0,0,Bachellors,Clerical,1,0
18761,10000000,3,3,High School,Professional,1,3
18762,10000000,5,5,Partial High School,Skilled Manual,1,3
18763,10000000,0,1,Bachellors,Clerical,1,3
18764,10000000,2,5,High School,Manual,1,4
18765,10000000,2,5,Bachellors,Management,1,4
18766,10000000,1,2,Partial College,Skilled Manual,1,4
18767,10000000,3,4,Bachellors,Clerical,0,2
18768,10000000,0,5,Partial College,Manual,1,1
18769,10000000,0,1,Bachellors,Professional,1,3
18770,10000000,4,2,Graduate Degree,Skilled Manual,0,0
18771,10000000,3,1,Graduate Degree,Management,1,3
18772,10000000,2,0,Partial High School,Clerical,1,4
18773,10000000,5,2,Bachellors,Management,1,4
18774,10000000,5,1,Bachellors,Manual,0,0
18775,10000000,3,1,Graduate Degree,Professional,0,0
18776,10000000,1,2,Partial College,Management,0,3
18777,10000000,0,0,Partial High School,Skilled Manual,0,1
18778,10000000,4,5,Partial College,Manual,0,1
18779,10000000,2,5,High School,Manual,0,2
18780,10000000,0,1,Partial High School,Management,0,4
18781,10000000,2,5,Bachellors,Professional,1,4
18782,10000000,2,5,Bachellors,Management,1,1
18783,10000000,3,0,High School,Management,0,2
18784,10000000,5,5,Partial College,Skilled Manual,1,4
18785,10000000,4,1,High School,Skilled Manual,1,2
18786,10000000,3,0,High School,Skilled Manual,1,1
18787,10000000,4,4,Bachellors,Professional,1,1
18788,10000000,0,2,High School,Manual,0,0
18789,10000000,3,5,Bachellors,Management,0,0
18790,10000000,1,2,Bachellors,Clerical,1,1
18791,10000000,3,1,Partial College,Management,1,4
18792,10000000,5,0,Bachellors,Manual,1,4
18793,10000000,0,1,Bachellors,Skilled Manual,0,1
18794,10000000,1,3,High School,Professional,0,4
18795,10000000,4,5,Partial High School,Management,0,2
18796,10000000,2,3,Graduate Degree,Manual,1,0
18797,10000000,2,1,Partial High School,Manual,1,0
18798,10000000,5,1,Bachellors,Management,0,1
18799,10000000,1,0,High School,Professional,1,1
18800,10000000,4,5,Partial College,Clerical,1,0
18801,10000000,5,2,Graduate Degree,Management,0,2
18802,10000000,5,0,Partial College,Manual,1,1
18803,10000000,1,3,High School,Management,0,0
18804,10000000,1,1,High School,Professional,1,4
18805,10000000,3,5,Partial College,Management,0,4
18806,10000000,2,5,High School,Clerical,0,1
18807,10000000,0,2,Partial High School,Management,1,3
18808,10000000,2,5,Graduate Degree,Clerical,1,1
18809,10000000,4,3,Graduate Degree,Manual,0,4
18810,10000000,1,5,Partial High School,Clerical,1,3
18811,10000000,4,3,High School,Professional,1,2
18812,10000000,4,4,Graduate Degree,Manual,1,3
18813,10000000,2,0,Bachellors,Professional,0,2
18814,10000000,4,4,Bachellors,Professional,0,3
18815,10000000,4,4,Graduate Degree,Management,1,4
18816,10000000,5,3,Bachellors,Professional,1,1
18817,10000000,1,2,Graduate Degree,Clerical,0,2
18818,10000000,5,0,Graduate Degree,Clerical,1,0
18819,10000000,2,3,Bachellors,Clerical,0,1
18820,10000000,0,2,Partial College,Skilled Manual,1,1
18821,10000000,3,1,Partial College,Clerical,0,3
18822,10000000,5,3,Partial High School,Clerical,1,0
18823,10000000,3,3,High School,Skilled Manual,0,4
18824,10000000,5,2,Bachellors,Skilled Manual,1,3
18825,10000000,5,2,Partial College,Manual,1,3
18826,10000000,0,3,Partial College,Professional,0,3
18827,10000000,3,1,Partial High School,Management,0,0
18828,10000000,3,2,Bachellors,Clerical,1,3
18829,10000000,4,3,Partial High School,Clerical,0,1
18830,10000000,3,2,Partial High School,Clerical,1,1
18831,10000000,2,2,Partial High School,Professional,0,2
18832,10000000,5,5,High School,Manual,1,3
18833,10000000,4,3,Partial College,Clerical,0,4
18834,10000000,3,0,High School,Management,0,1
18835,10000000,3,5,Graduate Degree,Professional,1,4
18836,10000000,3,3,Partial College,Clerical,0,1
18837,10000000,1,5,High School,Manual,0,2
18838,10000000,4,4,High School,Skilled Manual,1,2
18839,10000000,5,4,Partial College,Professional,1,4
18840,10000000,3,5,High School,Manual,0,3
18841,10000000,3,3,Bachellors,Skilled Manual,1,1
18842,10000000,4,0,Bachellors,Management,1,2
18843,10000000,0,0,Partial College,Skilled Manual,1,2
18844,10000000,2,0,Bachellors,Clerical,1,3
18845,10000000,5,5,Bachellors,Professional,1,3
18846,10000000,2,0,High School,Skilled Manual,1,4
18847,10000000,3,3,Graduate Degree,Manual,1,3
18848,10000000,2,3,Graduate Degree,Professional,1,0
18849,10000000,4,5,Partial College,Skilled Manual,0,2
18850,10000000,1,5,Bachellors,Manual,1,3
18851,10000000,5,0,Bachellors,Skilled Manual,1,3
18852,10000000,5,2,Partial High School,Skilled Manual,1,3
18853,10000000,4,3,Bachellors,Skilled Manual,1,2
18854,10000000,1,5,Partial High School,Clerical,1,2
18855,10000000,1,2,Graduate Degree,Manual,0,3
18856,10000000,5,5,Graduate Degree,Clerical,1,1
18857,10000000,1,0,Graduate Degree,Clerical,0,2
18858,10000000,4,0,Graduate Degree,Professional,1,1
18859,10000000,2,4,Graduate Degree,Skilled Manual,0,3
18860,10000000,4,5,Partial High School,Manual,0,4
18861,10000000,2,0,Partial College,Professional,1,1
18862,10000000,1,1,Bachellors,Skilled Manual,0,3
18863,10000000,0,1,Partial College,Professional,0,0
18864,10000000,2,1,Graduate Degree,Professional,1,0
18865,10000000,4,0,Graduate Degree,Clerical,1,4
18866,10000000,3,3,Partial College,Skilled Manual,0,4
18867,10000000,0,1,Bachellors,Manual,0,1
18868,10000000,4,4,High School,Management,1,2
18869,10000000,2,1,Bachellors,Management,0,1
18870,10000000,2,2,Bachellors,Clerical,1,1
18871,10000000,0,2,Graduate Degree,Clerical,0,2
18872,10000000,2,0,Bachellors,Professional,0,3
18873,10000000,4,2,Bachellors,Professional,0,1
18874,10000000,2,3,Bachellors,Skilled Manual,0,1
18875,10000000,4,5,High School,Skilled Manual,1,0
18876,10000000,4,1,Bachellors,Management,1,3
18877,10000000,5,4,Bachellors,Manual,1,2
18878,10000000,4,3,High School,Skilled Manual,1,3
18879,10000000,0,2,Graduate Degree,Management,0,0
18880,10000000,0,3,Partial College,Clerical,1,0
18881,10000000,0,2,Partial High School,Manual,0,1
18882,10000000,2,4,Partial College,Clerical,0,1
18883,10000000,5,1,Partial High School,Skilled Manual,1,2
18884,10000000,2,2,Partial College,Management,0,0
18885,10000000,5,2,Graduate Degree,Management,0,1
18886,10000000,0,4,Partial High School,Clerical,0,0
18887,10000000,1,1,Graduate Degree,Professional,0,0
18888,10000000,4,1,Partial High School,Skilled Manual,0,0
18889,10000000,4,0,Partial High School,Manual,0,3
18890,10000000,2,5,Graduate Degree,Manual,1,2
18891,10000000,4,4,High School,Skilled Manual,1,2
18892,10000000,3,5,Bachellors,Manual,1,3
18893,10000000,5,5,Partial High School,Management,0,4
18894,10000000,1,1,Partial High School,Management,0,1
18895,10000000,4,3,Partial College,Clerical,1,2
18896,10000000,2,5,High School,Manual,1,0
18897,10000000,5,1,Partial High School,Management,0,4
18898,10000000,2,5,Graduate Degree,Clerical,0,0
18899,10000000,3,4,Bachellors,Manual,1,1
18900,10000000,0,0,Graduate Degree,Clerical,1,4
18901,10000000,0,5,Graduate Degree,Professional,0,1
18902,10000000,0,5,Bachellors,Management,0,3
18903,10000000,2,4,High School,Skilled Manual,0,4
18904,10000000,2,5,Partial High School,Management,0,4
18905,10000000,1,3,Bachellors,Management,1,2
18906,10000000,2,1,High School,Clerical,1,4
18907,10000000,2,1,Partial College,Clerical,1,0
18908,10000000,1,5,Partial College,Management,0,3
18909,10000000,0,0,Partial College,Skilled Manual,0,2
18910,10000000,4,4,High School,Clerical,0,2
18911,10000000,4,1,Partial High School,Professional,0,3
18912,10000000,2,2,Bachellors,Manual,0,3
18913,10000000,0,2,Graduate Degree,Clerical,1,0
18914,10000000,0,2,Partial College,Professional,0,3
18915,10000000,0,2,Partial College,Professional,0,2
18916,10000000,3,3,High School,Skilled Manual,0,2
18917,10000000,1,0,Partial High School,Management,1,1
18918,10000000,2,0,High School,Manual,0,3
18919,10000000,2,5,High School,Professional,0,2
18920,10000000,5,4,Graduate Degree,Management,0,3
18921,10000000,4,5,Bachellors,Manual,1,4
18922,10000000,4,3,Graduate Degree,Clerical,1,4
18923,10000000,5,5,High School,Manual,0,2
18924,10000000,3,1,Partial High School,Professional,1,2
18925,10000000,0,5,High School,Clerical,0,2
18926,10000000,3,1,Graduate Degree,Manual,1,2
18927,10000000,4,2,Partial High School,Management,0,1
18928,10000000,0,2,Bachellors,Professional,1,1
18929,10000000,0,2,Partial College,Clerical,1,3
18930,10000000,2,1,Graduate Degree,Professional,0,3
18931,10000000,1,3,Graduate Degree,Clerical,0,3
18932,10000000,0,3,Graduate Degree,Clerical,1,3
18933,10000000,2,0,Bachellors,Professional,0,3
18934,10000000,0,4,Bachellors,Professional,0,4
18935,10000000,4,5,Partial College,Management,0,1
18936,10000000,1,1,Partial High School,Skilled Manual,1,3
18937,10000000,3,0,Partial College,Professional,1,0
18938,10000000,1,0,Partial High School,Manual,1,1
18939,10000000,0,1,Bachellors,Manual,0,3
18940,10000000,1,5,Partial College,Manual,0,0
18941,10000000,4,0,Partial High School,Professional,1,1
18942,10000000,2,5,Partial College,Manual,1,3
18943,10000000,3,3,Partial High School,Clerical,0,0
18944,10000000,4,4,Bachellors,Skilled Manual,1,3
18945,10000000,5,0,Bachellors,Clerical,1,2
18946,10000000,5,5,High School,Management,0,2
18947,10000000,0,2,High School,Clerical,0,1
18948,10000000,4,4,Graduate Degree,Management,0,1
18949,10000000,0,3,Graduate Degree,Clerical,0,0
18950,10000000,5,0,Partial College,Skilled Manual,1,1
18951,10000000,2,3,Bachellors,Clerical,0,2
18952,10000000,3,3,Partial High School,Skilled Manual,0,0
18953,10000000,0,5,Partial High School,Professional,0,4
18954,10000000,3,3,Partial High School,Skilled Manual,1,1
18955,10000000,0,0,Graduate Degree,Professional,1,4
18956,10000000,3,0,Graduate Degree,Management,1,1
18957,10000000,4,0,High School,Skilled Manual,0,2
18958,10000000,3,0,High School,Clerical,1,2
18959,10000000,3,5,Bachellors,Professional,0,3
18960,10000000,0,0,High School,Skilled Manual,1,1
18961,10000000,4,1,Graduate Degree,Clerical,0,0
18962,10000000,0,1,Partial High School,Management,1,2
18963,10000000,3,3,Partial High School,Clerical,1,4
18964,10000000,1,5,Bachellors,Skilled Manual,0,1
18965,10000000,0,2,Bachellors,Management,0,4
18966,10000000,2,0,Bachellors,Skilled Manual,0,3
18967,10000000,1,3,Graduate Degree,Skilled Manual,0,2
18968,10000000,5,5,Partial High School,Management,1,3
18969,10000000,3,3,Partial High School,Professional,0,3
18970,10000000,2,2,High School,Management,0,4
18971,10000000,5,3,Partial High School,Manual,0,1
18972,10000000,3,0,Bachellors,Manual,1,0
18973,10000000,0,3,Bachellors,Clerical,0,2
18974,10000000,0,4,High School,Professional,0,1
18975,10000000,5,5,High School,Professional,1,1
18976,10000000,1,0,Graduate Degree,Manual,0,4
18977,10000000,5,2,Partial High School,Professional,0,3
18978,10000000,0,1,Partial College,Skilled Manual,1,1
18979,10000000,1,1,Partial High School,Skilled Manual,1,1
18980,10000000,5,0,Bachellors,Skilled Manual,0,0
18981,10000000,4,3,Partial High School,Professional,1,4
18982,10000000,1,0,Graduate Degree,Skilled Manual,1,3
18983,10000000,3,3,Partial High School,Management,0,2
18984,10000000,2,0,Partial College,Professional,1,2
18985,10000000,4,1,Bachellors,Professional,0,1
18986,10000000,1,1,Bachellors,Manual,1,1
18987,10000000,1,1,Partial College,Professional,1,4
18988,10000000,3,0,Graduate Degree,Professional,1,4
18989,10000000,0,0,Bachellors,Manual,0,4
18990,10000000,4,4,Bachellors,Clerical,0,0
18991,10000000,4,3,Partial High School,Clerical,1,1
18992,10000000,5,4,Graduate Degree,Manual,1,1
18993,10000000,5,4,Bachellors,Clerical,0,2
18994,10000000,1,5,Bachellors,Clerical,0,2
18995,10000000,4,4,Bachellors,Clerical,1,2
18996,10000000,3,0,Partial College,Professional,1,4
18997,10000000,4,5,Partial High School,Professional,1,0
18998,10000000,0,4,Partial High School,Management,0,0
18999,10000000,1,1,Graduate Degree,Clerical,1,1
19000,10000000,4,1,Bachellors,Professional,0,2
19001,10000000,1,1,Partial High School,Professional,0,4
19002,10000000,5,1,Partial College,Professional,0,3
19003,10000000,2,1,High School,Manual,1,1
19004,10000000,2,3,High School,Professional,1,0
19005,10000000,1,3,Partial High School,Manual,1,3
19006,10000000,5,3,Partial High School,Management,0,0
19007,10000000,4,5,Partial High School,Manual,0,3
19008,10000000,4,4,Partial High School,Skilled Manual,0,1
19009,10000000,5,2,Partial College,Professional,0,3
19010,10000000,2,0,Partial High School,Professional,1,4
19011,10000000,3,1,Partial College,Professional,1,3
19012,10000000,2,2,Graduate Degree,Clerical,0,2
19013,10000000,2,0,High School,Management,0,2
19014,10000000,3,1,Partial College,Management,0,0
19015,10000000,4,2,Partial High School,Management,0,0
19016,10000000,2,3,Bachellors,Management,1,4
19017,10000000,0,4,High School,Skilled Manual,1,0
19018,10000000,3,3,Bachellors,Manual,0,3
19019,10000000,0,3,Bachellors,Management,0,3
19020,10000000,4,3,Bachellors,Management,0,4
19021,10000000,1,2,Bachellors,Management,0,0
19022,10000000,5,0,Bachellors,Management,1,2
19023,10000000,0,1,Bachellors,Professional,1,1
19024,10000000,3,2,High School,Management,1,2
19025,10000000,5,3,Partial High School,Skilled Manual,1,0
19026,10000000,2,5,Bachellors,Clerical,1,3
19027,10000000,0,0,High School,Professional,0,4
19028,10000000,5,4,Partial High School,Skilled Manual,0,4
19029,10000000,0,4,Bachellors,Skilled Manual,0,0
19030,10000000,2,4,Partial College,Skilled Manual,1,1
19031,10000000,0,5,Partial College,Manual,1,3
19032,10000000,0,1,Bachellors,Skilled Manual,1,1
19033,10000000,4,0,Partial High School,Clerical,1,1
19034,10000000,4,4,Bachellors,Skilled Manual,0,3
19035,10000000,2,1,High School,Clerical,0,1
19036,10000000,1,1,High School,Skilled Manual,1,4
19037,10000000,4,4,Partial College,Clerical,1,4
19038,10000000,4,0,High School,Clerical,1,2
19039,10000000,0,3,Partial College,Manual,1,1
19040,10000000,3,3,Graduate Degree,Clerical,0,0
19041,10000000,3,3,Partial High School,Management,1,2
19042,10000000,0,0,Graduate Degree,Management,0,1
19043,10000000,4,3,High School,Management,1,4
19044,10000000,4,3,Bachellors,Professional,1,3
19045,10000000,3,1,High School,Professional,0,1
19046,10000000,0,0,Bachellors,Skilled Manual,1,2
19047,10000000,5,3,Graduate Degree,Management,1,1
19048,10000000,3,4,Partial College,Professional,1,3
19049,10000000,2,0,Partial College,Clerical,0,1
19050,10000000,3,4,Partial College,Manual,0,1
19051,10000000,1,0,Partial High School,Clerical,0,0
19052,10000000,3,2,Partial College,Skilled Manual,0,0
19053,10000000,4,3,High School,Management,1,4
19054,10000000,5,3,Partial College,Clerical,1,3
19055,10000000,1,4,Bachellors,Manual,1,3
19056,10000000,2,5,Graduate Degree,Manual,1,1
19057,10000000,0,4,Bachellors,Professional,1,3
19058,10000000,2,5,Graduate Degree,Manual,1,0
19059,10000000,2,1,High School,Manual,1,2
19060,10000000,4,4,High School,Clerical,1,3
19061,10000000,2,5,Graduate Degree,Professional,1,4
19062,10000000,3,0,Partial High School,Clerical,0,2
19063,10000000,3,2,Graduate Degree,Manual,1,2
19064,10000000,4,1,High School,Clerical,0,1
19065,10000000,0,2,Partial College,Skilled Manual,1,1
19066,10000000,0,1,Partial High School,Professional,0,3
19067,10000000,2,4,Bachellors,Professional,0,1
19068,10000000,2,4,Partial High School,Skilled Manual,1,3
19069,10000000,0,4,Graduate Degree,Clerical,1,1
19070,10000000,4,1,Partial High School,Skilled Manual,0,3
19071,10000000,5,3,Partial College,Skilled Manual,1,1
19072,10000000,3,4,Partial High School,Professional,1,0
19073,10000000,1,2,Partial College,Professional,0,0
19074,10000000,2,0,Partial College,Manual,0,1
19075,10000000,1,1,Partial High School,Professional,1,4
19076,10000000,3,3,Partial College,Clerical,1,4
19077,10000000,0,2,Graduate Degree,Clerical,1,4
19078,10000000,4,0,High School,Clerical,1,4
19079,10000000,2,2,Graduate Degree,Manual,1,3
19080,10000000,1,4,Graduate Degree,Clerical,1,2
19081,10000000,0,0,Graduate Degree,Skilled Manual,0,4
19082,10000000,2,5,Partial College,Management,0,2
19083,10000000,1,5,High School,Manual,0,4
19084,10000000,4,2,Bachellors,Manual,1,1
19085,10000000,5,5,Partial High School,Professional,1,1
19086,10000000,5,5,High School,Manual,1,0
19087,10000000,3,2,High School,Clerical,0,2
19088,10000000,0,3,Partial High School,Clerical,0,3
19089,10000000,3,3,Partial High School,Professional,1,0
19090,10000000,0,1,Partial High School,Management,0,1
19091,10000000,2,0,Partial High School,Skilled Manual,1,1
19092,10000000,0,2,High School,Skilled Manual,0,1
19093,10000000,1,3,Graduate Degree,Clerical,1,2
19094,10000000,5,5,Partial High School,Management,1,0
19095,10000000,2,1,Partial College,Clerical,1,3
19096,10000000,0,5,Partial College,Professional,0,3
19097,10000000,1,5,Partial College,Professional,1,1
19098,10000000,4,5,Graduate Degree,Skilled Manual,1,3
19099,10000000,1,2,Graduate Degree,Management,0,4
19100,10000000,4,5,Graduate Degree,Skilled Manual,0,0
19101,10000000,0,0,Bachellors,Clerical,1,4
19102,10000000,3,1,High School,Skilled Manual,1,0
19103,10000000,3,2,Graduate Degree,Skilled Manual,0,1
19104,10000000,1,5,Bachellors,Management,0,3
19105,10000000,3,0,Partial High School,Manual,1,4
19106,10000000,4,0,Partial College,Professional,0,3
19107,10000000,0,2,High School,Professional,1,4
19108,10000000,1,2,Bachellors,Clerical,1,0
19109,10000000,3,5,Partial College,Professional,0,4
19110,10000000,0,3,Bachellors,Professional,1,0
19111,10000000,1,4,Partial College,Management,0,4
19112,10000000,2,3,Bachellors,Skilled Manual,0,0
19113,10000000,2,1,Partial High School,Clerical,0,4
19114,10000000,3,2,Graduate Degree,Professional,1,1
19115,10000000,4,5,Bachellors,Skilled Manual,1,2
19116,10000000,3,5,High School,Manual,0,4
19117,10000000,0,3,High School,Professional,0,3
19118,10000000,1,3,Partial College,Management,1,2
19119,10000000,1,1,Partial High School,Professional,0,2
19120,10000000,5,4,Partial College,Skilled Manual,1,4
19121,10000000,0,3,Partial High School,Professional,0,4
19122,10000000,5,4,High School,Clerical,1,4
19123,10000000,2,1,Partial College,Skilled Manual,1,2
19124,10000000,2,5,Graduate Degree,Manual,0,2
19125,10000000,4,5,Bachellors,Skilled Manual,1,4
19126,10000000,0,4,Partial College,Manual,1,4
19127,10000000,2,5,Partial High School,Professional,0,4
19128,10000000,4,5,Graduate Degree,Manual,1,1
19129,10000000,0,1,Partial College,Professional,0,2
19130,10000000,4,3,Partial High School,Clerical,1,1
19131,10000000,4,2,Partial High School,Management,1,1
19132,10000000,1,0,Graduate Degree,Clerical,1,0
19133,10000000,3,2,High School,Manual,1,0
19134,10000000,2,1,Bachellors,Manual,0,4
19135,10000000,2,0,Partial College,Clerical,0,4
19136,10000000,5,3,Graduate Degree,Professional,0,2
19137,10000000,1,0,Partial College,Clerical,0,2
19138,10000000,2,3,High School,Professional,0,3
19139,10000000,2,0,Partial College,Manual,0,0
19140,10000000,0,0,Bachellors,Management,1,4
19141,10000000,2,1,Bachellors,Management,1,0
19142,10000000,1,1,Bachellors,Manual,1,0
19143,10000000,3,1,Graduate Degree,Management,1,2
19144,10000000,1,0,Partial College,Management,0,1
19145,10000000,5,5,Partial High School,Clerical,1,2
